ISO-10303-21;
HEADER;
FILE_DESCRIPTION (( 'STEP AP214' ),
    '1' );
FILE_NAME ('APT2012PGW.STEP',
    '2025-04-11T14:41:39',
    ( '' ),
    ( '' ),
    'SwSTEP 2.0',
    'SolidWorks 2023',
    '' );
FILE_SCHEMA (( 'AUTOMOTIVE_DESIGN' ));
ENDSEC;

DATA;
#1 = EDGE_LOOP ( 'NONE', ( #2947, #2380, #3561, #574 ) ) ;
#2 = CARTESIAN_POINT ( 'NONE',  ( -0.8990000000000000213, 0.5250000000000000222, 0.000000000000000000 ) ) ;
#3 = LINE ( 'NONE', #4653, #594 ) ;
#4 = ADVANCED_FACE ( 'NONE', ( #1417 ), #3584, .F. ) ;
#5 = FACE_OUTER_BOUND ( 'NONE', #2870, .T. ) ;
#6 = PRODUCT_DEFINITION ( 'UNKNOWN', '', #3266, #1926 ) ;
#7 = EDGE_LOOP ( 'NONE', ( #440, #3837, #21, #1598, #2126 ) ) ;
#8 = VECTOR ( 'NONE', #3563, 1000.000000000000000 ) ;
#9 = ORIENTED_EDGE ( 'NONE', *, *, #274, .F. ) ;
#10 = DIRECTION ( 'NONE',  ( 1.000000000000000000, 2.220675477072960061E-15, 0.000000000000000000 ) ) ;
#11 = ADVANCED_FACE ( 'NONE', ( #3008 ), #4458, .F. ) ;
#12 = UNCERTAINTY_MEASURE_WITH_UNIT (LENGTH_MEASURE( 1.000000000000000082E-05 ), #4370, 'distance_accuracy_value', 'NONE');
#13 = PLANE ( 'NONE',  #3880 ) ;
#14 = PLANE ( 'NONE',  #1677 ) ;
#15 = SURFACE_SIDE_STYLE ('',( #1124 ) ) ;
#16 = CARTESIAN_POINT ( 'NONE',  ( 0.2267021798941869781, 0.5867014069890167383, 0.4887700029262415646 ) ) ;
#17 = CARTESIAN_POINT ( 'NONE',  ( -0.02038303522603919157, 0.5999999999999998668, 0.000000000000000000 ) ) ;
#18 = ORIENTED_EDGE ( 'NONE', *, *, #457, .T. ) ;
#19 = VERTEX_POINT ( 'NONE', #894 ) ;
#20 = EDGE_LOOP ( 'NONE', ( #2647, #2114, #767, #3049 ) ) ;
#21 = ORIENTED_EDGE ( 'NONE', *, *, #673, .T. ) ;
#22 = CARTESIAN_POINT ( 'NONE',  ( -1.000000000000000000, -0.5250000000000000222, 0.3499999999999999778 ) ) ;
#23 = FACE_OUTER_BOUND ( 'NONE', #514, .T. ) ;
#24 = ORIENTED_EDGE ( 'NONE', *, *, #2651, .F. ) ;
#25 = ORIENTED_EDGE ( 'NONE', *, *, #992, .F. ) ;
#26 = DIRECTION ( 'NONE',  ( 0.000000000000000000, -1.000000000000000000, -0.000000000000000000 ) ) ;
#27 = ORIENTED_EDGE ( 'NONE', *, *, #2503, .T. ) ;
#28 = PRODUCT_CONTEXT ( 'NONE', #303, 'mechanical' ) ;
#29 = PRESENTATION_STYLE_ASSIGNMENT (( #1371 ) ) ;
#30 = VECTOR ( 'NONE', #2268, 1000.000000000000000 ) ;
#31 = EDGE_CURVE ( 'NONE', #3981, #632, #3525, .T. ) ;
#32 = FILL_AREA_STYLE_COLOUR ( '', #4320 ) ;
#33 = EDGE_CURVE ( 'NONE', #4566, #2941, #4212, .T. ) ;
#34 = VECTOR ( 'NONE', #3892, 1000.000000000000000 ) ;
#35 = LINE ( 'NONE', #1388, #4670 ) ;
#36 = VERTEX_POINT ( 'NONE', #192 ) ;
#37 =( LENGTH_UNIT ( ) NAMED_UNIT ( * ) SI_UNIT ( .MILLI., .METRE. ) );
#38 = SURFACE_STYLE_FILL_AREA ( #3244 ) ;
#39 = CARTESIAN_POINT ( 'NONE',  ( 1.400674481328695986, 0.5633119185870449908, 0.4774664883318574526 ) ) ;
#40 = ORIENTED_EDGE ( 'NONE', *, *, #4402, .T. ) ;
#41 = UNCERTAINTY_MEASURE_WITH_UNIT (LENGTH_MEASURE( 1.000000000000000082E-05 ), #2087, 'distance_accuracy_value', 'NONE');
#42 = DIRECTION ( 'NONE',  ( 1.000000000000000000, 0.000000000000000000, 0.000000000000000000 ) ) ;
#43 = ORIENTED_EDGE ( 'NONE', *, *, #3441, .T. ) ;
#44 =( NAMED_UNIT ( * ) PLANE_ANGLE_UNIT ( ) SI_UNIT ( $, .RADIAN. ) );
#45 = ORIENTED_EDGE ( 'NONE', *, *, #913, .T. ) ;
#46 = AXIS2_PLACEMENT_3D ( 'NONE', #1624, #1326, #557 ) ;
#47 = FILL_AREA_STYLE_COLOUR ( '', #1706 ) ;
#48 = AXIS2_PLACEMENT_3D ( 'NONE', #2776, #2385, #3460 ) ;
#49 = SHAPE_DEFINITION_REPRESENTATION ( #238, #2900 ) ;
#50 = DIRECTION ( 'NONE',  ( -0.000000000000000000, 0.000000000000000000, 1.000000000000000000 ) ) ;
#51 =( GEOMETRIC_REPRESENTATION_CONTEXT ( 3 ) GLOBAL_UNCERTAINTY_ASSIGNED_CONTEXT ( ( #261 ) ) GLOBAL_UNIT_ASSIGNED_CONTEXT ( ( #362, #1432, #1067 ) ) REPRESENTATION_CONTEXT ( 'NONE', 'WORKASPACE' ) );
#52 = PRESENTATION_STYLE_ASSIGNMENT (( #2833 ) ) ;
#53 =( LENGTH_UNIT ( ) NAMED_UNIT ( * ) SI_UNIT ( .MILLI., .METRE. ) );
#54 =( LENGTH_UNIT ( ) NAMED_UNIT ( * ) SI_UNIT ( .MILLI., .METRE. ) );
#55 =( LENGTH_UNIT ( ) NAMED_UNIT ( * ) SI_UNIT ( .MILLI., .METRE. ) );
#56 = EDGE_CURVE ( 'NONE', #3278, #2941, #921, .T. ) ;
#57 =( GEOMETRIC_REPRESENTATION_CONTEXT ( 3 ) GLOBAL_UNCERTAINTY_ASSIGNED_CONTEXT ( ( #4254 ) ) GLOBAL_UNIT_ASSIGNED_CONTEXT ( ( #2921, #3224, #1815 ) ) REPRESENTATION_CONTEXT ( 'NONE', 'WORKASPACE' ) );
#58 = LINE ( 'NONE', #110, #3582 ) ;
#59 = EDGE_LOOP ( 'NONE', ( #268, #2118, #2436, #2352, #2992 ) ) ;
#60 = SURFACE_STYLE_USAGE ( .BOTH. , #3554 ) ;
#61 = COLOUR_RGB ( '',0.8627450980392157298, 0.6274509803921568540, 0.05882352941176470507 ) ;
#62 =( LENGTH_UNIT ( ) NAMED_UNIT ( * ) SI_UNIT ( .MILLI., .METRE. ) );
#63 = FILL_AREA_STYLE_COLOUR ( '', #2811 ) ;
#64 = PRODUCT_DEFINITION_SHAPE ( 'NONE', 'NONE',  #4238 ) ;
#65 = EDGE_CURVE ( 'NONE', #344, #2867, #819, .T. ) ;
#66 =( NAMED_UNIT ( * ) SI_UNIT ( $, .STERADIAN. ) SOLID_ANGLE_UNIT ( ) );
#67 = SURFACE_SIDE_STYLE ('',( #536 ) ) ;
#68 = SURFACE_SIDE_STYLE ('',( #2917 ) ) ;
#69 = VERTEX_POINT ( 'NONE', #1676 ) ;
#70 = ORIENTED_EDGE ( 'NONE', *, *, #306, .T. ) ;
#71 = MECHANICAL_DESIGN_GEOMETRIC_PRESENTATION_REPRESENTATION (  '', ( #4528 ), #2754 ) ;
#72 = PRESENTATION_STYLE_ASSIGNMENT (( #2244 ) ) ;
#73 = ORIENTED_EDGE ( 'NONE', *, *, #824, .T. ) ;
#74 = ORIENTED_EDGE ( 'NONE', *, *, #3953, .F. ) ;
#75 = DIRECTION ( 'NONE',  ( -0.09901475429766752601, -0.09901475429766752601, -0.9901475429766742886 ) ) ;
#76 = CIRCLE ( 'NONE', #3370, 0.01999999999999999695 ) ;
#77 = APPLICATION_PROTOCOL_DEFINITION ( 'draft international standard', 'automotive_design', 1998, #1996 ) ;
#78 =( LENGTH_UNIT ( ) NAMED_UNIT ( * ) SI_UNIT ( .MILLI., .METRE. ) );
#79 = PRESENTATION_STYLE_ASSIGNMENT (( #2502 ) ) ;
#80 = CARTESIAN_POINT ( 'NONE',  ( 1.399228185056627716, -0.5941289288608258001, 0.3087107113917447188 ) ) ;
#81 = FILL_AREA_STYLE ('',( #2194 ) ) ;
#82 = COLOUR_RGB ( '',0.8627450980392157298, 0.6274509803921568540, 0.05882352941176470507 ) ;
#83 = VERTEX_POINT ( 'NONE', #3102 ) ;
#84 = DIRECTION ( 'NONE',  ( 1.000000000000000000, 0.000000000000000000, -0.000000000000000000 ) ) ;
#85 = FACE_OUTER_BOUND ( 'NONE', #3111, .T. ) ;
#86 = ADVANCED_FACE ( 'NONE', ( #973 ), #4583, .F. ) ;
#87 = DIRECTION ( 'NONE',  ( -0.000000000000000000, -0.000000000000000000, 1.000000000000000000 ) ) ;
#88 =( LENGTH_UNIT ( ) NAMED_UNIT ( * ) SI_UNIT ( .MILLI., .METRE. ) );
#89 = CARTESIAN_POINT ( 'NONE',  ( 0.8990000000000000213, -0.5250000000000000222, 0.3499999999999999778 ) ) ;
#90 = FILL_AREA_STYLE_COLOUR ( '', #1030 ) ;
#91 = DIRECTION ( 'NONE',  ( 1.000000000000000000, 0.000000000000000000, -0.000000000000000000 ) ) ;
#92 = EDGE_CURVE ( 'NONE', #252, #3981, #2079, .T. ) ;
#93 = CARTESIAN_POINT ( 'NONE',  ( 0.1979306530287150145, 0.5567843850175929754, 0.4941958777060325714 ) ) ;
#94 = FILL_AREA_STYLE ('',( #3299 ) ) ;
#95 = FACE_OUTER_BOUND ( 'NONE', #3107, .T. ) ;
#96 = DIRECTION ( 'NONE',  ( 0.000000000000000000, 0.000000000000000000, 1.000000000000000000 ) ) ;
#97 =( LENGTH_UNIT ( ) NAMED_UNIT ( * ) SI_UNIT ( .MILLI., .METRE. ) );
#98 = FACE_OUTER_BOUND ( 'NONE', #435, .T. ) ;
#99 = CARTESIAN_POINT ( 'NONE',  ( -1.000000000000000000, 0.5250000000000000222, 0.3499999999999999778 ) ) ;
#100 = ORIENTED_EDGE ( 'NONE', *, *, #2789, .T. ) ;
#101 = ORIENTED_EDGE ( 'NONE', *, *, #3081, .T. ) ;
#102 = ORIENTED_EDGE ( 'NONE', *, *, #1828, .T. ) ;
#103 = DIRECTION ( 'NONE',  ( 2.775557561562890168E-15, -1.000000000000000000, 0.000000000000000000 ) ) ;
#104 = APPLICATION_PROTOCOL_DEFINITION ( 'draft international standard', 'automotive_design', 1998, #2777 ) ;
#105 = DIRECTION ( 'NONE',  ( -1.000000000000000000, 0.000000000000000000, 0.000000000000000000 ) ) ;
#106 = DIRECTION ( 'NONE',  ( 4.611473240305010089E-15, -1.000000000000000000, 0.000000000000000000 ) ) ;
#107 = DIRECTION ( 'NONE',  ( 0.000000000000000000, -0.000000000000000000, -1.000000000000000000 ) ) ;
#108 = PRESENTATION_STYLE_ASSIGNMENT (( #844 ) ) ;
#109 = MECHANICAL_DESIGN_GEOMETRIC_PRESENTATION_REPRESENTATION (  '', ( #995 ), #3857 ) ;
#110 = CARTESIAN_POINT ( 'NONE',  ( -0.5999999999999999778, -0.5250000000000000222, 0.3299999999790450000 ) ) ;
#111 = PLANE ( 'NONE',  #2145 ) ;
#112 = VECTOR ( 'NONE', #1360, 1000.000000000000000 ) ;
#113 = CARTESIAN_POINT ( 'NONE',  ( 1.375949355845397015, -0.5633119185870443246, 0.4979854764614620177 ) ) ;
#114 = EDGE_LOOP ( 'NONE', ( #731, #4600, #74, #2219, #1019 ) ) ;
#115 = LINE ( 'NONE', #170, #2107 ) ;
#116 = CARTESIAN_POINT ( 'NONE',  ( -0.5999999999999999778, 0.5250000000000000222, 0.3499999999999999778 ) ) ;
#117 = CARTESIAN_POINT ( 'NONE',  ( -0.8990000000000000213, 0.5250000000000000222, 0.3499999999999999778 ) ) ;
#118 = LINE ( 'NONE', #1209, #1718 ) ;
#119 = EDGE_CURVE ( 'NONE', #3329, #3115, #2909, .T. ) ;
#120 = SURFACE_STYLE_USAGE ( .BOTH. , #3327 ) ;
#121 = EDGE_LOOP ( 'NONE', ( #4031, #2350, #2944, #1449 ) ) ;
#122 = EDGE_CURVE ( 'NONE', #2808, #3085, #422, .T. ) ;
#123 = VERTEX_POINT ( 'NONE', #3598 ) ;
#124 = ORIENTED_EDGE ( 'NONE', *, *, #1671, .F. ) ;
#125 = DIRECTION ( 'NONE',  ( -1.000000000000000000, -0.000000000000000000, 0.000000000000000000 ) ) ;
#126 = EDGE_CURVE ( 'NONE', #1678, #2097, #4338, .T. ) ;
#127 =( NAMED_UNIT ( * ) PLANE_ANGLE_UNIT ( ) SI_UNIT ( $, .RADIAN. ) );
#128 = DIRECTION ( 'NONE',  ( -1.000000000000000000, 4.891268414762930327E-16, 0.000000000000000000 ) ) ;
#129 = DIRECTION ( 'NONE',  ( 0.000000000000000000, 1.000000000000000000, -0.000000000000000000 ) ) ;
#130 =( NAMED_UNIT ( * ) SI_UNIT ( $, .STERADIAN. ) SOLID_ANGLE_UNIT ( ) );
#131 = PRESENTATION_LAYER_ASSIGNMENT (  '', '', ( #3190 ) ) ;
#132 = PLANE ( 'NONE',  #46 ) ;
#133 =( GEOMETRIC_REPRESENTATION_CONTEXT ( 3 ) GLOBAL_UNCERTAINTY_ASSIGNED_CONTEXT ( ( #2071 ) ) GLOBAL_UNIT_ASSIGNED_CONTEXT ( ( #4586, #4612, #4239 ) ) REPRESENTATION_CONTEXT ( 'NONE', 'WORKASPACE' ) );
#134 = DIRECTION ( 'NONE',  ( 0.000000000000000000, -0.000000000000000000, -1.000000000000000000 ) ) ;
#135 = COLOUR_RGB ( '',0.8627450980392157298, 0.6274509803921568540, 0.05882352941176470507 ) ;
#136 = LINE ( 'NONE', #2981, #4252 ) ;
#137 = STYLED_ITEM ( 'NONE', ( #3452 ), #3061 ) ;
#138 = FILL_AREA_STYLE ('',( #2239 ) ) ;
#139 = FILL_AREA_STYLE ('',( #4100 ) ) ;
#140 = MECHANICAL_DESIGN_GEOMETRIC_PRESENTATION_REPRESENTATION (  '', ( #2160 ), #4595 ) ;
#141 = MECHANICAL_DESIGN_GEOMETRIC_PRESENTATION_REPRESENTATION (  '', ( #955 ), #4022 ) ;
#142 = CARTESIAN_POINT ( 'NONE',  ( -0.8990000000000000213, 0.000000000000000000, 0.02000000000000000042 ) ) ;
#143 = LINE ( 'NONE', #117, #1336 ) ;
#144 = CYLINDRICAL_SURFACE ( 'NONE', #1026, 0.001000000000000024307 ) ;
#145 = FILL_AREA_STYLE ('',( #2218 ) ) ;
#146 = CARTESIAN_POINT ( 'NONE',  ( -0.8990000000000000213, 0.5250000000000000222, 0.000000000000000000 ) ) ;
#147 = EDGE_LOOP ( 'NONE', ( #4650, #2041, #2211, #149 ) ) ;
#148 = AXIS2_PLACEMENT_3D ( 'NONE', #2932, #1437, #3950 ) ;
#149 = ORIENTED_EDGE ( 'NONE', *, *, #394, .F. ) ;
#150 = EDGE_CURVE ( 'NONE', #2396, #1508, #3964, .T. ) ;
#151 = VECTOR ( 'NONE', #3666, 1000.000000000000000 ) ;
#152 = DIRECTION ( 'NONE',  ( 0.000000000000000000, -0.000000000000000000, 1.000000000000000000 ) ) ;
#153 = CARTESIAN_POINT ( 'NONE',  ( 0.9799999999906870984, 0.6250000000000000000, 0.01999999996565750629 ) ) ;
#154 = STYLED_ITEM ( 'NONE', ( #3158 ), #3722 ) ;
#155 = DIRECTION ( 'NONE',  ( -0.9950371902099891530, 0.000000000000000000, 0.09950371902099892918 ) ) ;
#156 = CARTESIAN_POINT ( 'NONE',  ( 0.2167397972555474006, -0.5785451646981449869, 0.4917463624192966454 ) ) ;
#157 = FILL_AREA_STYLE ('',( #3360 ) ) ;
#158 =( NAMED_UNIT ( * ) SI_UNIT ( $, .STERADIAN. ) SOLID_ANGLE_UNIT ( ) );
#159 = ADVANCED_FACE ( 'NONE', ( #1162 ), #2193, .F. ) ;
#160 = PRESENTATION_LAYER_ASSIGNMENT (  '', '', ( #889 ) ) ;
#161 = PRESENTATION_LAYER_ASSIGNMENT (  '', '', ( #2177 ) ) ;
#162 = LINE ( 'NONE', #3644, #2589 ) ;
#163 = VECTOR ( 'NONE', #4143, 1000.000000000000000 ) ;
#164 = EDGE_CURVE ( 'NONE', #987, #337, #840, .T. ) ;
#165 = STYLED_ITEM ( 'NONE', ( #905 ), #378 ) ;
#166 = CARTESIAN_POINT ( 'NONE',  ( -0.8990000000000000213, -0.6250000000000000000, 0.3300000000000000155 ) ) ;
#167 = CARTESIAN_POINT ( 'NONE',  ( 1.000000000000000000, -0.5250000000000000222, -1.224646799147350002E-16 ) ) ;
#168 = PLANE ( 'NONE',  #1611 ) ;
#169 = SURFACE_STYLE_FILL_AREA ( #139 ) ;
#170 = CARTESIAN_POINT ( 'NONE',  ( -0.5999999999999999778, -0.5250000000000000222, 0.000000000000000000 ) ) ;
#171 = AXIS2_PLACEMENT_3D ( 'NONE', #3369, #3393, #460 ) ;
#172 = FILL_AREA_STYLE ('',( #482 ) ) ;
#173 = FILL_AREA_STYLE_COLOUR ( '', #1852 ) ;
#174 = DIRECTION ( 'NONE',  ( 1.000000000000000000, 0.000000000000000000, -2.081668171172169992E-16 ) ) ;
#175 = CARTESIAN_POINT ( 'NONE',  ( 1.399350734076229896, 0.5743507340762330493, 0.3054951468152469762 ) ) ;
#176 =( NAMED_UNIT ( * ) PLANE_ANGLE_UNIT ( ) SI_UNIT ( $, .RADIAN. ) );
#177 = ORIENTED_EDGE ( 'NONE', *, *, #2187, .F. ) ;
#178 = DIRECTION ( 'NONE',  ( 0.000000000000000000, -1.000000000000000000, -0.000000000000000000 ) ) ;
#179 = FACE_OUTER_BOUND ( 'NONE', #3855, .T. ) ;
#180 =( NAMED_UNIT ( * ) SI_UNIT ( $, .STERADIAN. ) SOLID_ANGLE_UNIT ( ) );
#181 = EDGE_CURVE ( 'NONE', #442, #256, #2328, .T. ) ;
#182 = LINE ( 'NONE', #2845, #382 ) ;
#183 = CARTESIAN_POINT ( 'NONE',  ( 0.1749999999999999889, 0.3125000000000000000, 0.2500000000000000000 ) ) ;
#184 = CARTESIAN_POINT ( 'NONE',  ( 0.1994934533465066995, -0.5661026009617708965, 0.4832845350855213273 ) ) ;
#185 = DIRECTION ( 'NONE',  ( 0.09901475429766752601, 0.09901475429766752601, -0.9901475429766742886 ) ) ;
#186 = EDGE_CURVE ( 'NONE', #547, #2863, #4087, .T. ) ;
#187 = VERTEX_POINT ( 'NONE', #3734 ) ;
#188 = SURFACE_STYLE_FILL_AREA ( #1952 ) ;
#189 = CARTESIAN_POINT ( 'NONE',  ( 0.2099005095657165421, 0.5455037949345239445, 0.5090158066947568782 ) ) ;
#190 = PLANE ( 'NONE',  #1441 ) ;
#191 = FACE_OUTER_BOUND ( 'NONE', #3073, .T. ) ;
#192 = CARTESIAN_POINT ( 'NONE',  ( 0.2180997512422419848, -0.5768009925619577150, 0.4819900743804198529 ) ) ;
#193 = PRESENTATION_LAYER_ASSIGNMENT (  '', '', ( #995 ) ) ;
#194 = PLANE ( 'NONE',  #2238 ) ;
#195 = VECTOR ( 'NONE', #2999, 1000.000000000000000 ) ;
#196 = LINE ( 'NONE', #4054, #3508 ) ;
#197 = DIRECTION ( 'NONE',  ( -1.000000000000000000, -0.000000000000000000, 0.000000000000000000 ) ) ;
#198 =( NAMED_UNIT ( * ) SI_UNIT ( $, .STERADIAN. ) SOLID_ANGLE_UNIT ( ) );
#199 = CARTESIAN_POINT ( 'NONE',  ( 1.392664774857870658, 0.5676647748578691477, 0.4929711200626645251 ) ) ;
#200 = PRESENTATION_STYLE_ASSIGNMENT (( #838 ) ) ;
#201 = STYLED_ITEM ( 'NONE', ( #408 ), #2358 ) ;
#202 = CARTESIAN_POINT ( 'NONE',  ( 0.2073352251421311798, -0.5676647748578689257, 0.4929711200626644696 ) ) ;
#203 = FACE_OUTER_BOUND ( 'NONE', #230, .T. ) ;
#204 = VERTEX_POINT ( 'NONE', #2305 ) ;
#205 = CARTESIAN_POINT ( 'NONE',  ( 0.5989999999999999769, 0.5250000000000000222, -1.290940614182824847E-17 ) ) ;
#206 = UNCERTAINTY_MEASURE_WITH_UNIT (LENGTH_MEASURE( 1.000000000000000082E-05 ), #928, 'distance_accuracy_value', 'NONE');
#207 = CARTESIAN_POINT ( 'NONE',  ( -0.8990000000000000213, -0.6239999999999999991, 4.097521882342677890E-17 ) ) ;
#208 = FILL_AREA_STYLE ('',( #3809 ) ) ;
#209 = UNCERTAINTY_MEASURE_WITH_UNIT (LENGTH_MEASURE( 1.000000000000000082E-05 ), #3816, 'distance_accuracy_value', 'NONE');
#210 = EDGE_CURVE ( 'NONE', #4625, #3185, #4448, .T. ) ;
#211 = FACE_OUTER_BOUND ( 'NONE', #1, .T. ) ;
#212 = CARTESIAN_POINT ( 'NONE',  ( 0.5999999999999999778, 0.000000000000000000, 0.3299999999790450000 ) ) ;
#213 = VECTOR ( 'NONE', #2362, 1000.000000000000000 ) ;
#214 = SURFACE_SIDE_STYLE ('',( #2725 ) ) ;
#215 = DIRECTION ( 'NONE',  ( -1.332405286243769923E-15, 1.000000000000000000, 0.000000000000000000 ) ) ;
#216 = AXIS2_PLACEMENT_3D ( 'NONE', #324, #4640, #2809 ) ;
#217 = EDGE_CURVE ( 'NONE', #4566, #1154, #1538, .T. ) ;
#218 = CARTESIAN_POINT ( 'NONE',  ( 0.8990000000000000213, 0.5250000000000000222, 0.3299999999790450000 ) ) ;
#219 = PLANE ( 'NONE',  #2514 ) ;
#220 = DIRECTION ( 'NONE',  ( 0.000000000000000000, -1.000000000000000000, -0.000000000000000000 ) ) ;
#221 = AXIS2_PLACEMENT_3D ( 'NONE', #3193, #366, #720 ) ;
#222 = VECTOR ( 'NONE', #3610, 1000.000000000000000 ) ;
#223 =( LENGTH_UNIT ( ) NAMED_UNIT ( * ) SI_UNIT ( .MILLI., .METRE. ) );
#224 = CIRCLE ( 'NONE', #3271, 0.02000000000000008021 ) ;
#225 = ORIENTED_EDGE ( 'NONE', *, *, #1750, .T. ) ;
#226 = EDGE_LOOP ( 'NONE', ( #4383, #2046, #999, #2696 ) ) ;
#227 = VECTOR ( 'NONE', #4000, 1000.000000000000000 ) ;
#228 = SURFACE_SIDE_STYLE ('',( #3108 ) ) ;
#229 = DIRECTION ( 'NONE',  ( 0.000000000000000000, 1.000000000000000000, 0.000000000000000000 ) ) ;
#230 = EDGE_LOOP ( 'NONE', ( #2142, #387, #2658, #1308 ) ) ;
#231 = ITEM_DEFINED_TRANSFORMATION ( 'NONE', 'NONE', #1702,  #4589 ) ;
#232 = MECHANICAL_DESIGN_GEOMETRIC_PRESENTATION_REPRESENTATION (  '', ( #2671 ), #3277 ) ;
#233 = VERTEX_POINT ( 'NONE', #1191 ) ;
#234 = VERTEX_POINT ( 'NONE', #4063 ) ;
#235 = VERTEX_POINT ( 'NONE', #153 ) ;
#236 = VECTOR ( 'NONE', #1004, 1000.000000000000000 ) ;
#237 =( NAMED_UNIT ( * ) SI_UNIT ( $, .STERADIAN. ) SOLID_ANGLE_UNIT ( ) );
#238 = PRODUCT_DEFINITION_SHAPE ( 'NONE', 'NONE',  #619 ) ;
#239 = VECTOR ( 'NONE', #2421, 1000.000000000000114 ) ;
#240 =( NAMED_UNIT ( * ) PLANE_ANGLE_UNIT ( ) SI_UNIT ( $, .RADIAN. ) );
#241 = EDGE_CURVE ( 'NONE', #1085, #3329, #3382, .T. ) ;
#242 = FILL_AREA_STYLE ('',( #1631 ) ) ;
#244 = VECTOR ( 'NONE', #376, 1000.000000000000000 ) ;
#243 = SURFACE_STYLE_FILL_AREA ( #994 ) ;
#245 = CARTESIAN_POINT ( 'NONE',  ( 0.8000000000000000444, 0.6250000000000000000, 0.3499999999999999778 ) ) ;
#246 = SURFACE_STYLE_FILL_AREA ( #4285 ) ;
#247 = VERTEX_POINT ( 'NONE', #550 ) ;
#248 = PLANE ( 'NONE',  #3994 ) ;
#249 = ADVANCED_FACE ( 'NONE', ( #1896 ), #3704, .T. ) ;
#250 = DIRECTION ( 'NONE',  ( -1.000000000000000000, -0.000000000000000000, -0.000000000000000000 ) ) ;
#251 = CARTESIAN_POINT ( 'NONE',  ( 1.392664774857870658, 0.5676647748578691477, 0.4929711200626645251 ) ) ;
#252 = VERTEX_POINT ( 'NONE', #4118 ) ;
#253 = ADVANCED_FACE ( 'NONE', ( #203 ), #3043, .T. ) ;
#254 = SURFACE_STYLE_FILL_AREA ( #628 ) ;
#255 =( NAMED_UNIT ( * ) SI_UNIT ( $, .STERADIAN. ) SOLID_ANGLE_UNIT ( ) );
#256 = VERTEX_POINT ( 'NONE', #4249 ) ;
#257 = ORIENTED_EDGE ( 'NONE', *, *, #3116, .T. ) ;
#258 = UNCERTAINTY_MEASURE_WITH_UNIT (LENGTH_MEASURE( 1.000000000000000082E-05 ), #2153, 'distance_accuracy_value', 'NONE');
#259 = ORIENTED_EDGE ( 'NONE', *, *, #402, .T. ) ;
#260 = FILL_AREA_STYLE ('',( #3882 ) ) ;
#261 = UNCERTAINTY_MEASURE_WITH_UNIT (LENGTH_MEASURE( 1.000000000000000082E-05 ), #362, 'distance_accuracy_value', 'NONE');
#262 = DIRECTION ( 'NONE',  ( -1.000000000000000000, 0.000000000000000000, 0.000000000000000000 ) ) ;
#263 = DIRECTION ( 'NONE',  ( 0.000000000000000000, -1.000000000000000000, 0.000000000000000000 ) ) ;
#264 =( LENGTH_UNIT ( ) NAMED_UNIT ( * ) SI_UNIT ( .MILLI., .METRE. ) );
#265 = SURFACE_STYLE_USAGE ( .BOTH. , #3465 ) ;
#266 = SURFACE_STYLE_USAGE ( .BOTH. , #1007 ) ;
#267 = MECHANICAL_DESIGN_GEOMETRIC_PRESENTATION_REPRESENTATION (  '', ( #2277 ), #3478 ) ;
#268 = ORIENTED_EDGE ( 'NONE', *, *, #3852, .F. ) ;
#269 = LINE ( 'NONE', #1965, #669 ) ;
#270 = FILL_AREA_STYLE ('',( #1248 ) ) ;
#271 = ORIENTED_EDGE ( 'NONE', *, *, #1000, .F. ) ;
#272 = PRESENTATION_LAYER_ASSIGNMENT (  '', '', ( #3859 ) ) ;
#273 = CARTESIAN_POINT ( 'NONE',  ( 0.9799999999906870984, -0.6250000000000000000, 0.3299999999790450000 ) ) ;
#274 = EDGE_CURVE ( 'NONE', #3204, #3142, #630, .T. ) ;
#275 = PRODUCT_RELATED_PRODUCT_CATEGORY ( 'part', '', ( #1709 ) ) ;
#276 = ORIENTED_EDGE ( 'NONE', *, *, #3363, .F. ) ;
#277 = EDGE_LOOP ( 'NONE', ( #1715, #3701, #3089, #2064 ) ) ;
#278 = ADVANCED_FACE ( 'NONE', ( #1426 ), #2849, .T. ) ;
#279 = FACE_OUTER_BOUND ( 'NONE', #836, .T. ) ;
#280 = LINE ( 'NONE', #2028, #213 ) ;
#281 = FILL_AREA_STYLE_COLOUR ( '', #2770 ) ;
#282 = LINE ( 'NONE', #2727, #1414 ) ;
#283 = AXIS2_PLACEMENT_3D ( 'NONE', #2669, #1699, #3123 ) ;
#284 = CARTESIAN_POINT ( 'NONE',  ( 1.392664774857871324, -0.5676647748578689257, 0.4929711200626645806 ) ) ;
#285 = PRESENTATION_STYLE_ASSIGNMENT (( #4266 ) ) ;
#286 = ORIENTED_EDGE ( 'NONE', *, *, #119, .F. ) ;
#287 = CIRCLE ( 'NONE', #2889, 0.001000000000000000238 ) ;
#288 =( NAMED_UNIT ( * ) PLANE_ANGLE_UNIT ( ) SI_UNIT ( $, .RADIAN. ) );
#289 = ORIENTED_EDGE ( 'NONE', *, *, #4544, .F. ) ;
#290 =( GEOMETRIC_REPRESENTATION_CONTEXT ( 3 ) GLOBAL_UNCERTAINTY_ASSIGNED_CONTEXT ( ( #4334 ) ) GLOBAL_UNIT_ASSIGNED_CONTEXT ( ( #2708, #3080, #2086 ) ) REPRESENTATION_CONTEXT ( 'NONE', 'WORKASPACE' ) );
#291 = CARTESIAN_POINT ( 'NONE',  ( 0.8990000000000000213, -0.6250000000000000000, 0.1749999999999999889 ) ) ;
#292 = PRODUCT_DEFINITION_SHAPE ( 'NONE', 'NONE',  #4673 ) ;
#293 = CIRCLE ( 'NONE', #3801, 0.01999999999999991368 ) ;
#294 = ORIENTED_EDGE ( 'NONE', *, *, #1570, .F. ) ;
#295 = PRESENTATION_LAYER_ASSIGNMENT (  '', '', ( #2746 ) ) ;
#296 = VECTOR ( 'NONE', #3225, 1000.000000000000000 ) ;
#297 = EDGE_CURVE ( 'NONE', #1153, #1083, #2201, .T. ) ;
#298 = UNCERTAINTY_MEASURE_WITH_UNIT (LENGTH_MEASURE( 1.000000000000000082E-05 ), #1849, 'distance_accuracy_value', 'NONE');
#299 =( GEOMETRIC_REPRESENTATION_CONTEXT ( 3 ) GLOBAL_UNCERTAINTY_ASSIGNED_CONTEXT ( ( #682 ) ) GLOBAL_UNIT_ASSIGNED_CONTEXT ( ( #4273, #3473, #1687 ) ) REPRESENTATION_CONTEXT ( 'NONE', 'WORKASPACE' ) );
#300 = VERTEX_POINT ( 'NONE', #411 ) ;
#301 = ADVANCED_FACE ( 'NONE', ( #2496 ), #1082, .T. ) ;
#302 = PRESENTATION_LAYER_ASSIGNMENT (  '', '', ( #4667 ) ) ;
#303 = APPLICATION_CONTEXT ( 'automotive_design' ) ;
#304 = CARTESIAN_POINT ( 'NONE',  ( 0.2073352251421312076, 0.5676647748578688146, 0.4929711200626645806 ) ) ;
#305 = COLOUR_RGB ( '',0.8627450980392157298, 0.6274509803921568540, 0.05882352941176470507 ) ;
#306 = EDGE_CURVE ( 'NONE', #3164, #2155, #2164, .T. ) ;
#307 = VECTOR ( 'NONE', #250, 1000.000000000000000 ) ;
#308 = CARTESIAN_POINT ( 'NONE',  ( -0.8000000000000000444, -0.6250000000000000000, 0.1749999999999999889 ) ) ;
#309 = DIRECTION ( 'NONE',  ( 0.000000000000000000, -0.000000000000000000, -1.000000000000000000 ) ) ;
#310 = DIRECTION ( 'NONE',  ( 0.000000000000000000, -1.000000000000000000, 0.000000000000000000 ) ) ;
#311 = ORIENTED_EDGE ( 'NONE', *, *, #2388, .T. ) ;
#312 = VECTOR ( 'NONE', #1943, 1000.000000000000000 ) ;
#313 = DIRECTION ( 'NONE',  ( 1.000000000000000000, 0.000000000000000000, 0.000000000000000000 ) ) ;
#314 = ORIENTED_EDGE ( 'NONE', *, *, #824, .F. ) ;
#315 = CARTESIAN_POINT ( 'NONE',  ( 0.5989999999999999769, -0.5250000000000000222, 0.3499999999999999778 ) ) ;
#316 = STYLED_ITEM ( 'NONE', ( #108 ), #4288 ) ;
#317 = ORIENTED_EDGE ( 'NONE', *, *, #4246, .T. ) ;
#318 = DIRECTION ( 'NONE',  ( 0.000000000000000000, -1.000000000000000000, -0.000000000000000000 ) ) ;
#319 = CARTESIAN_POINT ( 'NONE',  ( 1.381900248757760297, -0.5569002487577580096, 0.4800000000000000377 ) ) ;
#320 = CIRCLE ( 'NONE', #4140, 0.001000000000000024307 ) ;
#321 = ORIENTED_EDGE ( 'NONE', *, *, #2560, .F. ) ;
#322 = CARTESIAN_POINT ( 'NONE',  ( -0.5999999999999999778, 0.5250000000000000222, 0.3299999999790450000 ) ) ;
#323 = PLANE ( 'NONE',  #453 ) ;
#324 = CARTESIAN_POINT ( 'NONE',  ( 1.381900248757760297, 0.5569002487577580096, 0.4800000000000000377 ) ) ;
#325 = ADVANCED_FACE ( 'NONE', ( #23 ), #2322, .F. ) ;
#326 = FILL_AREA_STYLE_COLOUR ( '', #841 ) ;
#327 = EDGE_CURVE ( 'NONE', #3115, #3243, #3346, .T. ) ;
#328 = ORIENTED_EDGE ( 'NONE', *, *, #704, .T. ) ;
#329 = CARTESIAN_POINT ( 'NONE',  ( -0.8990000000000000213, 0.6250000000000000000, 0.000000000000000000 ) ) ;
#330 = EDGE_LOOP ( 'NONE', ( #2846, #1736, #2251, #1299, #1319 ) ) ;
#331 =( GEOMETRIC_REPRESENTATION_CONTEXT ( 3 ) GLOBAL_UNCERTAINTY_ASSIGNED_CONTEXT ( ( #3186 ) ) GLOBAL_UNIT_ASSIGNED_CONTEXT ( ( #487, #3032, #198 ) ) REPRESENTATION_CONTEXT ( 'NONE', 'WORKASPACE' ) );
#332 = ORIENTED_EDGE ( 'NONE', *, *, #3758, .T. ) ;
#333 = ORIENTED_EDGE ( 'NONE', *, *, #481, .F. ) ;
#334 = PRESENTATION_LAYER_ASSIGNMENT (  '', '', ( #563 ) ) ;
#335 = DIRECTION ( 'NONE',  ( 0.000000000000000000, 1.000000000000000000, 0.000000000000000000 ) ) ;
#336 = VERTEX_POINT ( 'NONE', #3753 ) ;
#337 = VERTEX_POINT ( 'NONE', #543 ) ;
#338 = AXIS2_PLACEMENT_3D ( 'NONE', #575, #3762, #553 ) ;
#339 =( BOUNDED_SURFACE ( )  B_SPLINE_SURFACE ( 3, 3, ( 
 ( #3718, #506, #1584, #1931 ),
 ( #1262, #93, #3743, #530 ),
 ( #1953, #3389, #189, #522 ),
 ( #1948, #3896, #4636, #2159 ) ),
 .UNSPECIFIED., .F., .F., .T. ) 
 B_SPLINE_SURFACE_WITH_KNOTS ( ( 4, 4 ),
 ( 4, 4 ),
 ( 0.000000000000000000, 1.000000000000000000 ),
 ( 0.000000000000000000, 1.000000000000000000 ),
 .UNSPECIFIED. ) 
 GEOMETRIC_REPRESENTATION_ITEM ( )  RATIONAL_B_SPLINE_SURFACE ( (
 ( 1.000000000000000000, 0.3333333333333295401, 0.3333333333333295401, 1.000000000000000000),
 ( 0.9288031850351439189, 0.3096010616783778091, 0.3096010616783778091, 0.9288031850351439189),
 ( 0.9288031850351439189, 0.3096010616783778091, 0.3096010616783778091, 0.9288031850351439189),
 ( 1.000000000000000000, 0.3333333333333295401, 0.3333333333333295401, 1.000000000000000000) ) ) 
 REPRESENTATION_ITEM ( '' )  SURFACE ( )  );
#340 = UNCERTAINTY_MEASURE_WITH_UNIT (LENGTH_MEASURE( 1.000000000000000082E-05 ), #2878, 'distance_accuracy_value', 'NONE');
#341 = DIRECTION ( 'NONE',  ( 0.000000000000000000, 0.000000000000000000, 1.000000000000000000 ) ) ;
#342 = DIRECTION ( 'NONE',  ( -0.000000000000000000, 0.000000000000000000, 1.000000000000000000 ) ) ;
#343 = PRESENTATION_LAYER_ASSIGNMENT (  '', '', ( #4644 ) ) ;
#344 = VERTEX_POINT ( 'NONE', #1267 ) ;
#345 = ADVANCED_FACE ( 'NONE', ( #179 ), #1217, .F. ) ;
#346 = CARTESIAN_POINT ( 'NONE',  ( 0.2180997512422420403, 0.5768009925619580480, 0.4819900743804200194 ) ) ;
#347 = VECTOR ( 'NONE', #723, 1000.000000000000000 ) ;
#348 = DIRECTION ( 'NONE',  ( 0.000000000000000000, -1.000000000000000000, -0.000000000000000000 ) ) ;
#349 = ORIENTED_EDGE ( 'NONE', *, *, #1169, .F. ) ;
#350 = EDGE_CURVE ( 'NONE', #1614, #3204, #3779, .T. ) ;
#351 = EDGE_LOOP ( 'NONE', ( #2053, #1313, #3634, #3834, #1740 ) ) ;
#352 =( GEOMETRIC_REPRESENTATION_CONTEXT ( 3 ) GLOBAL_UNCERTAINTY_ASSIGNED_CONTEXT ( ( #3858 ) ) GLOBAL_UNIT_ASSIGNED_CONTEXT ( ( #3659, #3279, #3548 ) ) REPRESENTATION_CONTEXT ( 'NONE', 'WORKASPACE' ) );
#353 = FILL_AREA_STYLE ('',( #3629 ) ) ;
#354 = LINE ( 'NONE', #2598, #744 ) ;
#355 = DIRECTION ( 'NONE',  ( -1.000000000000000000, 0.000000000000000000, 0.000000000000000000 ) ) ;
#356 = CARTESIAN_POINT ( 'NONE',  ( 0.9799999999906870984, -0.6250000000000000000, 0.01999999996565750282 ) ) ;
#357 = MECHANICAL_DESIGN_GEOMETRIC_PRESENTATION_REPRESENTATION (  '', ( #3570 ), #665 ) ;
#358 = ORIENTED_EDGE ( 'NONE', *, *, #1882, .T. ) ;
#359 = ORIENTED_EDGE ( 'NONE', *, *, #2805, .F. ) ;
#360 = AXIS2_PLACEMENT_3D ( 'NONE', #1351, #2779, #4230 ) ;
#361 = DIRECTION ( 'NONE',  ( 4.611473240305010089E-15, -1.000000000000000000, 0.000000000000000000 ) ) ;
#362 =( LENGTH_UNIT ( ) NAMED_UNIT ( * ) SI_UNIT ( .MILLI., .METRE. ) );
#363 = AXIS2_PLACEMENT_3D ( 'NONE', #1879, #3025, #2673 ) ;
#364 = COLOUR_RGB ( '',0.4745098039215686070, 0.6470588235294117974, 0.3098039215686274606 ) ;
#365 =( NAMED_UNIT ( * ) SI_UNIT ( $, .STERADIAN. ) SOLID_ANGLE_UNIT ( ) );
#366 = DIRECTION ( 'NONE',  ( -1.000000000000000000, 0.000000000000000000, 0.000000000000000000 ) ) ;
#367 = DIRECTION ( 'NONE',  ( 0.000000000000000000, 1.000000000000000000, 0.000000000000000000 ) ) ;
#368 = ORIENTED_EDGE ( 'NONE', *, *, #1403, .T. ) ;
#369 = FILL_AREA_STYLE_COLOUR ( '', #3961 ) ;
#370 = EDGE_CURVE ( 'NONE', #235, #671, #4549, .T. ) ;
#371 = AXIS2_PLACEMENT_3D ( 'NONE', #1735, #2758, #2732 ) ;
#372 = ORIENTED_EDGE ( 'NONE', *, *, #556, .F. ) ;
#373 = ORIENTED_EDGE ( 'NONE', *, *, #2434, .F. ) ;
#374 = STYLED_ITEM ( 'NONE', ( #1599 ), #3979 ) ;
#375 = FACE_OUTER_BOUND ( 'NONE', #2634, .T. ) ;
#376 = DIRECTION ( 'NONE',  ( 0.000000000000000000, -1.000000000000000000, -0.000000000000000000 ) ) ;
#377 = EDGE_CURVE ( 'NONE', #3276, #1939, #4085, .T. ) ;
#378 = ADVANCED_FACE ( 'NONE', ( #4116 ), #881, .F. ) ;
#379 = VERTEX_POINT ( 'NONE', #3541 ) ;
#380 = VECTOR ( 'NONE', #1243, 1000.000000000000000 ) ;
#381 = UNCERTAINTY_MEASURE_WITH_UNIT (LENGTH_MEASURE( 1.000000000000000082E-05 ), #2033, 'distance_accuracy_value', 'NONE');
#382 = VECTOR ( 'NONE', #1321, 1000.000000000000000 ) ;
#383 = DIRECTION ( 'NONE',  ( -1.000000000000000000, -0.000000000000000000, -0.000000000000000000 ) ) ;
#384 = EDGE_LOOP ( 'NONE', ( #1589, #2134, #4113, #1785 ) ) ;
#385 = SURFACE_STYLE_FILL_AREA ( #1765 ) ;
#386 = SURFACE_STYLE_USAGE ( .BOTH. , #2544 ) ;
#387 = ORIENTED_EDGE ( 'NONE', *, *, #848, .T. ) ;
#388 = LINE ( 'NONE', #3119, #4227 ) ;
#389 = ORIENTED_EDGE ( 'NONE', *, *, #186, .T. ) ;
#390 = DIRECTION ( 'NONE',  ( 0.000000000000000000, -1.000000000000000000, -0.000000000000000000 ) ) ;
#391 = SURFACE_STYLE_FILL_AREA ( #2186 ) ;
#392 = VERTEX_POINT ( 'NONE', #3207 ) ;
#393 = ORIENTED_EDGE ( 'NONE', *, *, #1882, .F. ) ;
#394 = EDGE_CURVE ( 'NONE', #3497, #3033, #2737, .T. ) ;
#395 = CARTESIAN_POINT ( 'NONE',  ( -4.163336342344340478E-16, -0.6250000000000000000, 0.1749999999999999889 ) ) ;
#396 = DIRECTION ( 'NONE',  ( 1.000000000000000000, 0.000000000000000000, 0.000000000000000000 ) ) ;
#397 = FILL_AREA_STYLE ('',( #3620 ) ) ;
#398 = VECTOR ( 'NONE', #4072, 1000.000000000000000 ) ;
#399 = LINE ( 'NONE', #2171, #716 ) ;
#400 = CARTESIAN_POINT ( 'NONE',  ( 1.000000000000000000, 0.000000000000000000, 0.3499999999999999778 ) ) ;
#401 = FILL_AREA_STYLE ('',( #2883 ) ) ;
#402 = EDGE_CURVE ( 'NONE', #4437, #2129, #3109, .T. ) ;
#403 = PRESENTATION_LAYER_ASSIGNMENT (  '', '', ( #2431 ) ) ;
#404 = FILL_AREA_STYLE_COLOUR ( '', #305 ) ;
#405 = DIRECTION ( 'NONE',  ( 1.000000000000000000, 0.000000000000000000, 0.000000000000000000 ) ) ;
#406 =( LENGTH_UNIT ( ) NAMED_UNIT ( * ) SI_UNIT ( .MILLI., .METRE. ) );
#407 = VERTEX_POINT ( 'NONE', #654 ) ;
#408 = PRESENTATION_STYLE_ASSIGNMENT (( #3203 ) ) ;
#409 = ORIENTED_EDGE ( 'NONE', *, *, #65, .F. ) ;
#410 = DIRECTION ( 'NONE',  ( 0.000000000000000000, -1.000000000000000000, 0.000000000000000000 ) ) ;
#411 = CARTESIAN_POINT ( 'NONE',  ( -0.8990000000000000213, -0.6250000000000000000, 0.000000000000000000 ) ) ;
#412 = CARTESIAN_POINT ( 'NONE',  ( -0.8990000000000000213, 0.6250000000000000000, 0.01999999996565750282 ) ) ;
#413 = CARTESIAN_POINT ( 'NONE',  ( 0.5999999999999999778, -0.5250000000000000222, 0.3299999999790450000 ) ) ;
#414 = ORIENTED_EDGE ( 'NONE', *, *, #2388, .F. ) ;
#415 = ORIENTED_EDGE ( 'NONE', *, *, #1043, .T. ) ;
#416 = AXIS2_PLACEMENT_3D ( 'NONE', #1809, #1127, #2839 ) ;
#417 = VECTOR ( 'NONE', #891, 1000.000000000000000 ) ;
#418 = SURFACE_STYLE_FILL_AREA ( #4361 ) ;
#419 = ORIENTED_EDGE ( 'NONE', *, *, #4322, .T. ) ;
#420 = MECHANICAL_DESIGN_GEOMETRIC_PRESENTATION_REPRESENTATION (  '', ( #2375 ), #1465 ) ;
#421 = SHAPE_DEFINITION_REPRESENTATION ( #4388, #3982 ) ;
#422 = LINE ( 'NONE', #2946, #1940 ) ;
#423 = EDGE_CURVE ( 'NONE', #252, #4088, #3047, .T. ) ;
#424 = STYLED_ITEM ( 'NONE', ( #3687 ), #1975 ) ;
#425 = CARTESIAN_POINT ( 'NONE',  ( -0.02038303522603419904, -0.4886582175577640075, 0.000000000000000000 ) ) ;
#426 = VECTOR ( 'NONE', #2750, 1000.000000000000000 ) ;
#427 = EDGE_CURVE ( 'NONE', #1641, #379, #4272, .T. ) ;
#428 = VECTOR ( 'NONE', #2332, 1000.000000000000000 ) ;
#429 = CARTESIAN_POINT ( 'NONE',  ( -0.8990000000000000213, 0.6250000000000000000, 0.01999999999999999695 ) ) ;
#430 = PRODUCT_DEFINITION_CONTEXT ( 'detailed design', #3339, 'design' ) ;
#431 = SURFACE_SIDE_STYLE ('',( #3975 ) ) ;
#432 = SURFACE_STYLE_USAGE ( .BOTH. , #3319 ) ;
#433 = MECHANICAL_DESIGN_GEOMETRIC_PRESENTATION_REPRESENTATION (  '', ( #3806 ), #3356 ) ;
#434 =( LENGTH_UNIT ( ) NAMED_UNIT ( * ) SI_UNIT ( .MILLI., .METRE. ) );
#435 = EDGE_LOOP ( 'NONE', ( #641, #4004, #27, #1399 ) ) ;
#436 = LINE ( 'NONE', #3010, #1776 ) ;
#437 = LINE ( 'NONE', #2533, #2747 ) ;
#438 = SURFACE_STYLE_FILL_AREA ( #2848 ) ;
#439 = CARTESIAN_POINT ( 'NONE',  ( 0.1358508218941719969, -0.4886582175577640075, 0.000000000000000000 ) ) ;
#440 = ORIENTED_EDGE ( 'NONE', *, *, #707, .F. ) ;
#441 = VERTEX_POINT ( 'NONE', #3182 ) ;
#442 = VERTEX_POINT ( 'NONE', #1780 ) ;
#443 = CARTESIAN_POINT ( 'NONE',  ( 0.9799999999906870984, 0.6250000000000000000, 0.3299999999790450000 ) ) ;
#444 = PRESENTATION_STYLE_ASSIGNMENT (( #1919 ) ) ;
#445 = AXIS2_PLACEMENT_3D ( 'NONE', #2611, #4060, #3731 ) ;
#446 = CARTESIAN_POINT ( 'NONE',  ( 0.000000000000000000, 0.000000000000000000, 0.000000000000000000 ) ) ;
#447 =( NAMED_UNIT ( * ) SI_UNIT ( $, .STERADIAN. ) SOLID_ANGLE_UNIT ( ) );
#448 = FILL_AREA_STYLE_COLOUR ( '', #3295 ) ;
#449 =( NAMED_UNIT ( * ) SI_UNIT ( $, .STERADIAN. ) SOLID_ANGLE_UNIT ( ) );
#450 = FILL_AREA_STYLE ('',( #1196 ) ) ;
#451 = PRESENTATION_LAYER_ASSIGNMENT (  '', '', ( #4540 ) ) ;
#452 = EDGE_CURVE ( 'NONE', #2103, #3427, #3, .T. ) ;
#453 = AXIS2_PLACEMENT_3D ( 'NONE', #988, #4639, #879 ) ;
#454 = CARTESIAN_POINT ( 'NONE',  ( 1.381900248757760297, -0.5569002487577580096, 0.4800000000000000377 ) ) ;
#456 = CARTESIAN_POINT ( 'NONE',  ( -0.5999999999999999778, 0.000000000000000000, 0.000000000000000000 ) ) ;
#455 = SURFACE_STYLE_USAGE ( .BOTH. , #1479 ) ;
#457 = EDGE_CURVE ( 'NONE', #3185, #2782, #1383, .T. ) ;
#458 = DIRECTION ( 'NONE',  ( 0.000000000000000000, -1.000000000000000000, -0.000000000000000000 ) ) ;
#459 =( NAMED_UNIT ( * ) PLANE_ANGLE_UNIT ( ) SI_UNIT ( $, .RADIAN. ) );
#460 = DIRECTION ( 'NONE',  ( 0.000000000000000000, 0.000000000000000000, -1.000000000000000000 ) ) ;
#461 = CARTESIAN_POINT ( 'NONE',  ( -0.8990000000000000213, 0.6250000000000000000, 0.3299999999930149919 ) ) ;
#462 = DIRECTION ( 'NONE',  ( -0.000000000000000000, 0.000000000000000000, 1.000000000000000000 ) ) ;
#463 = DIRECTION ( 'NONE',  ( -0.000000000000000000, -0.000000000000000000, 1.000000000000000000 ) ) ;
#464 = CARTESIAN_POINT ( 'NONE',  ( 1.430099256195798363, 0.6249999999999997780, -1.355252715606880543E-17 ) ) ;
#465 = FACE_OUTER_BOUND ( 'NONE', #20, .T. ) ;
#466 = ORIENTED_EDGE ( 'NONE', *, *, #2463, .F. ) ;
#467 = ORIENTED_EDGE ( 'NONE', *, *, #1685, .F. ) ;
#468 = CARTESIAN_POINT ( 'NONE',  ( 1.000000000000000000, 0.000000000000000000, 0.000000000000000000 ) ) ;
#469 = FACE_OUTER_BOUND ( 'NONE', #555, .T. ) ;
#470 = SURFACE_STYLE_FILL_AREA ( #3636 ) ;
#471 = CARTESIAN_POINT ( 'NONE',  ( 0.000000000000000000, 0.000000000000000000, 0.000000000000000000 ) ) ;
#472 =( LENGTH_UNIT ( ) NAMED_UNIT ( * ) SI_UNIT ( .MILLI., .METRE. ) );
#473 = LINE ( 'NONE', #3868, #112 ) ;
#474 = FACE_OUTER_BOUND ( 'NONE', #2957, .T. ) ;
#475 = DIRECTION ( 'NONE',  ( 0.000000000000000000, 0.000000000000000000, 1.000000000000000000 ) ) ;
#476 = CARTESIAN_POINT ( 'NONE',  ( 0.5999999999999999778, 0.000000000000000000, 0.01999999996565750282 ) ) ;
#477 = STYLED_ITEM ( 'NONE', ( #2191 ), #3285 ) ;
#478 = VERTEX_POINT ( 'NONE', #273 ) ;
#479 = FILL_AREA_STYLE ('',( #3709 ) ) ;
#480 = PRODUCT_DEFINITION_CONTEXT ( 'detailed design', #2063, 'design' ) ;
#481 = EDGE_CURVE ( 'NONE', #1445, #336, #1719, .T. ) ;
#482 = FILL_AREA_STYLE_COLOUR ( '', #4112 ) ;
#483 = CARTESIAN_POINT ( 'NONE',  ( -0.8990000000000000213, 0.5250000000000000222, 0.01999999996565751670 ) ) ;
#484 = PRESENTATION_LAYER_ASSIGNMENT (  '', '', ( #1832 ) ) ;
#485 = CARTESIAN_POINT ( 'NONE',  ( -0.9799999999906870984, -0.6250000000000000000, 0.3300000000000000155 ) ) ;
#486 = EDGE_CURVE ( 'NONE', #3164, #488, #4621, .T. ) ;
#487 =( LENGTH_UNIT ( ) NAMED_UNIT ( * ) SI_UNIT ( .MILLI., .METRE. ) );
#488 = VERTEX_POINT ( 'NONE', #4248 ) ;
#489 = ORIENTED_EDGE ( 'NONE', *, *, #1972, .T. ) ;
#490 = SURFACE_SIDE_STYLE ('',( #2213 ) ) ;
#491 = CARTESIAN_POINT ( 'NONE',  ( 0.8990000000000000213, 0.5250000000000000222, 0.000000000000000000 ) ) ;
#492 = LINE ( 'NONE', #3256, #2456 ) ;
#493 = DIRECTION ( 'NONE',  ( 0.000000000000000000, 1.000000000000000000, 0.000000000000000000 ) ) ;
#494 = FACE_OUTER_BOUND ( 'NONE', #2590, .T. ) ;
#495 = DIRECTION ( 'NONE',  ( -0.000000000000000000, 0.000000000000000000, 1.000000000000000000 ) ) ;
#496 = SURFACE_SIDE_STYLE ('',( #2622 ) ) ;
#497 = SURFACE_SIDE_STYLE ('',( #4393 ) ) ;
#498 = CARTESIAN_POINT ( 'NONE',  ( 0.8990000000000004654, 0.6239999999999999991, 0.3499999999999996447 ) ) ;
#499 = STYLED_ITEM ( 'NONE', ( #3622 ), #1920 ) ;
#500 = LINE ( 'NONE', #3365, #862 ) ;
#501 = FILL_AREA_STYLE ('',( #3366 ) ) ;
#502 = VECTOR ( 'NONE', #4136, 1000.000000000000000 ) ;
#503 = LINE ( 'NONE', #1930, #539 ) ;
#504 = STYLED_ITEM ( 'NONE', ( #3169 ), #2070 ) ;
#505 = VECTOR ( 'NONE', #3772, 1000.000000000000000 ) ;
#506 = CARTESIAN_POINT ( 'NONE',  ( 0.2073352251421310133, 0.5676647748578690367, 0.4929711200626643586 ) ) ;
#507 = STYLED_ITEM ( 'NONE', ( #4001 ), #969 ) ;
#508 = CARTESIAN_POINT ( 'NONE',  ( 0.8990000000000000213, 0.6250000000000000000, 0.3499999999999999778 ) ) ;
#509 = DIRECTION ( 'NONE',  ( 0.000000000000000000, 1.000000000000000000, -0.000000000000000000 ) ) ;
#510 = EDGE_CURVE ( 'NONE', #336, #2420, #1002, .T. ) ;
#511 = DIRECTION ( 'NONE',  ( 1.000000000000000000, 0.000000000000000000, 0.000000000000000000 ) ) ;
#512 = CARTESIAN_POINT ( 'NONE',  ( -0.02038303522603429965, -0.5443291087788819649, 0.003000000000000000062 ) ) ;
#513 = ORIENTED_EDGE ( 'NONE', *, *, #1451, .T. ) ;
#514 = EDGE_LOOP ( 'NONE', ( #1471, #3581, #1469, #2357, #4623 ) ) ;
#515 = DIRECTION ( 'NONE',  ( 1.000000000000000000, 0.000000000000000000, 0.000000000000000000 ) ) ;
#516 = ADVANCED_FACE ( 'NONE', ( #2440 ), #4292, .T. ) ;
#517 = MECHANICAL_DESIGN_GEOMETRIC_PRESENTATION_REPRESENTATION (  '', ( #882 ), #1101 ) ;
#518 = CARTESIAN_POINT ( 'NONE',  ( 0.2123024351361176287, -0.5676647748578690367, 0.4970933285817963898 ) ) ;
#519 = DIRECTION ( 'NONE',  ( -0.000000000000000000, 1.000000000000000000, -0.000000000000000000 ) ) ;
#520 =( LENGTH_UNIT ( ) NAMED_UNIT ( * ) SI_UNIT ( .MILLI., .METRE. ) );
#521 = MECHANICAL_DESIGN_GEOMETRIC_PRESENTATION_REPRESENTATION (  '', ( #4294 ), #4129 ) ;
#522 = CARTESIAN_POINT ( 'NONE',  ( 0.2183013447299521070, 0.5661026009617706745, 0.4988929048104991382 ) ) ;
#523 = VECTOR ( 'NONE', #3959, 1000.000000000000000 ) ;
#524 = VECTOR ( 'NONE', #105, 1000.000000000000000 ) ;
#525 = SURFACE_STYLE_USAGE ( .BOTH. , #1226 ) ;
#526 = AXIS2_PLACEMENT_3D ( 'NONE', #4122, #1923, #475 ) ;
#527 =( NAMED_UNIT ( * ) PLANE_ANGLE_UNIT ( ) SI_UNIT ( $, .RADIAN. ) );
#528 = CARTESIAN_POINT ( 'NONE',  ( 0.8990000000000000213, 0.6239999999999999991, 0.3489999999999996994 ) ) ;
#529 = UNCERTAINTY_MEASURE_WITH_UNIT (LENGTH_MEASURE( 1.000000000000000082E-05 ), #2856, 'distance_accuracy_value', 'NONE');
#530 = CARTESIAN_POINT ( 'NONE',  ( 0.2123024351361174900, 0.5676647748578689257, 0.4970933285817966119 ) ) ;
#531 = MECHANICAL_DESIGN_GEOMETRIC_PRESENTATION_REPRESENTATION (  '', ( #2528 ), #4222 ) ;
#532 =( LENGTH_UNIT ( ) NAMED_UNIT ( * ) SI_UNIT ( .MILLI., .METRE. ) );
#533 = SURFACE_STYLE_USAGE ( .BOTH. , #4179 ) ;
#534 = VECTOR ( 'NONE', #3334, 1000.000000000000000 ) ;
#535 = LINE ( 'NONE', #1958, #4101 ) ;
#536 = SURFACE_STYLE_FILL_AREA ( #3746 ) ;
#537 = FACE_OUTER_BOUND ( 'NONE', #4488, .T. ) ;
#538 = FACE_OUTER_BOUND ( 'NONE', #59, .T. ) ;
#539 = VECTOR ( 'NONE', #3026, 1000.000000000000000 ) ;
#540 = DIRECTION ( 'NONE',  ( -0.000000000000000000, -1.000000000000000000, -0.000000000000000000 ) ) ;
#541 = PLANE ( 'NONE',  #3657 ) ;
#542 = LINE ( 'NONE', #2681, #3362 ) ;
#543 = CARTESIAN_POINT ( 'NONE',  ( -0.8990000000000000213, -0.6250000000000000000, 0.01999999997710499161 ) ) ;
#544 = FILL_AREA_STYLE_COLOUR ( '', #3664 ) ;
#546 = EDGE_LOOP ( 'NONE', ( #3421, #4221, #4347, #890 ) ) ;
#545 = LINE ( 'NONE', #3398, #1397 ) ;
#547 = VERTEX_POINT ( 'NONE', #1133 ) ;
#548 = PRESENTATION_STYLE_ASSIGNMENT (( #1294 ) ) ;
#549 = CONTEXT_DEPENDENT_SHAPE_REPRESENTATION ( #2469, #292 ) ;
#550 = CARTESIAN_POINT ( 'NONE',  ( -0.5989999999999999769, 0.5250000000000000222, 0.3499999999999998668 ) ) ;
#551 = ORIENTED_EDGE ( 'NONE', *, *, #3879, .T. ) ;
#552 = EDGE_CURVE ( 'NONE', #235, #886, #1488, .T. ) ;
#553 = DIRECTION ( 'NONE',  ( 0.000000000000000000, -0.000000000000000000, 1.000000000000000000 ) ) ;
#554 =( LENGTH_UNIT ( ) NAMED_UNIT ( * ) SI_UNIT ( .MILLI., .METRE. ) );
#555 = EDGE_LOOP ( 'NONE', ( #2742, #3349, #1185, #3184, #3958, #2433, #2804, #3495 ) ) ;
#556 = EDGE_CURVE ( 'NONE', #1507, #234, #3956, .T. ) ;
#557 = DIRECTION ( 'NONE',  ( 0.000000000000000000, -0.000000000000000000, 1.000000000000000000 ) ) ;
#558 = VERTEX_POINT ( 'NONE', #746 ) ;
#559 = DIRECTION ( 'NONE',  ( -0.000000000000000000, -0.000000000000000000, -1.000000000000000000 ) ) ;
#560 =( GEOMETRIC_REPRESENTATION_CONTEXT ( 3 ) GLOBAL_UNCERTAINTY_ASSIGNED_CONTEXT ( ( #2120 ) ) GLOBAL_UNIT_ASSIGNED_CONTEXT ( ( #223, #1291, #2369 ) ) REPRESENTATION_CONTEXT ( 'NONE', 'WORKASPACE' ) );
#561 = CARTESIAN_POINT ( 'NONE',  ( 0.8000000000000000444, 0.6250000000000000000, 0.000000000000000000 ) ) ;
#562 = LINE ( 'NONE', #4131, #3797 ) ;
#563 = STYLED_ITEM ( 'NONE', ( #2822 ), #3213 ) ;
#564 = FILL_AREA_STYLE ('',( #1236 ) ) ;
#565 = SURFACE_STYLE_FILL_AREA ( #4562 ) ;
#566 = DIRECTION ( 'NONE',  ( 0.000000000000000000, 0.000000000000000000, 1.000000000000000000 ) ) ;
#567 = ORIENTED_EDGE ( 'NONE', *, *, #903, .T. ) ;
#568 = DIRECTION ( 'NONE',  ( -0.09901475429766752601, 0.09901475429766752601, -0.9901475429766742886 ) ) ;
#569 = CYLINDRICAL_SURFACE ( 'NONE', #791, 0.01999999999999999695 ) ;
#570 = ORIENTED_EDGE ( 'NONE', *, *, #3094, .T. ) ;
#571 = CARTESIAN_POINT ( 'NONE',  ( -4.163336342344340478E-16, -0.6250000000000000000, 0.3300000000000000155 ) ) ;
#572 = CARTESIAN_POINT ( 'NONE',  ( 0.2130067849911553290, -0.5362324308631787328, 0.5112931893911365488 ) ) ;
#573 = DIRECTION ( 'NONE',  ( 0.000000000000000000, 0.000000000000000000, -1.000000000000000000 ) ) ;
#574 = ORIENTED_EDGE ( 'NONE', *, *, #749, .T. ) ;
#575 = CARTESIAN_POINT ( 'NONE',  ( -4.163336342344340478E-16, 0.6250000000000000000, 0.1749999999999999889 ) ) ;
#576 =( GEOMETRIC_REPRESENTATION_CONTEXT ( 3 ) GLOBAL_UNCERTAINTY_ASSIGNED_CONTEXT ( ( #2518 ) ) GLOBAL_UNIT_ASSIGNED_CONTEXT ( ( #589, #1098, #2524 ) ) REPRESENTATION_CONTEXT ( 'NONE', 'WORKASPACE' ) );
#577 = UNCERTAINTY_MEASURE_WITH_UNIT (LENGTH_MEASURE( 1.000000000000000082E-05 ), #2646, 'distance_accuracy_value', 'NONE');
#578 = EDGE_CURVE ( 'NONE', #1717, #547, #1841, .T. ) ;
#579 = ORIENTED_EDGE ( 'NONE', *, *, #3238, .F. ) ;
#580 = SURFACE_SIDE_STYLE ('',( #3787 ) ) ;
#581 = ORIENTED_EDGE ( 'NONE', *, *, #785, .T. ) ;
#582 = FILL_AREA_STYLE_COLOUR ( '', #2326 ) ;
#583 = PRESENTATION_STYLE_ASSIGNMENT (( #684 ) ) ;
#584 =( LENGTH_UNIT ( ) NAMED_UNIT ( * ) SI_UNIT ( .MILLI., .METRE. ) );
#585 = LINE ( 'NONE', #561, #4481 ) ;
#586 = VECTOR ( 'NONE', #660, 1000.000000000000000 ) ;
#587 = EDGE_CURVE ( 'NONE', #488, #407, #1816, .T. ) ;
#588 = CARTESIAN_POINT ( 'NONE',  ( 0.5990000000000000879, 0.000000000000000000, 0.3499999999999996447 ) ) ;
#589 =( LENGTH_UNIT ( ) NAMED_UNIT ( * ) SI_UNIT ( .MILLI., .METRE. ) );
#590 = AXIS2_PLACEMENT_3D ( 'NONE', #4378, #2847, #1466 ) ;
#591 = CARTESIAN_POINT ( 'NONE',  ( 1.392664774857871546, -0.5676647748578690367, 0.4929711200626650247 ) ) ;
#592 = FACE_OUTER_BOUND ( 'NONE', #4466, .T. ) ;
#593 = PLANE ( 'NONE',  #4436 ) ;
#594 = VECTOR ( 'NONE', #1039, 1000.000000000000000 ) ;
#595 = ORIENTED_EDGE ( 'NONE', *, *, #4067, .F. ) ;
#596 = LINE ( 'NONE', #2757, #3245 ) ;
#597 = ORIENTED_EDGE ( 'NONE', *, *, #3152, .T. ) ;
#598 = MECHANICAL_DESIGN_GEOMETRIC_PRESENTATION_REPRESENTATION (  '', ( #3725 ), #2158 ) ;
#600 = ORIENTED_EDGE ( 'NONE', *, *, #122, .T. ) ;
#599 = CARTESIAN_POINT ( 'NONE',  ( -0.5989999999999999769, 0.5250000000000000222, 0.3300000000000000155 ) ) ;
#601 = ORIENTED_EDGE ( 'NONE', *, *, #3767, .F. ) ;
#602 = COLOUR_RGB ( '',0.8627450980392157298, 0.6274509803921568540, 0.05882352941176470507 ) ;
#603 = FILL_AREA_STYLE_COLOUR ( '', #4369 ) ;
#604 = CARTESIAN_POINT ( 'NONE',  ( -0.5999999999999999778, 0.5250000000000000222, 0.000000000000000000 ) ) ;
#605 = COLOUR_RGB ( '',0.4745098039215686070, 0.6470588235294117974, 0.3098039215686274606 ) ;
#606 = EDGE_LOOP ( 'NONE', ( #3498, #3044, #18, #4335, #3159 ) ) ;
#607 = ORIENTED_EDGE ( 'NONE', *, *, #3344, .F. ) ;
#608 = COLOUR_RGB ( '',0.9607843137254902244, 0.9607843137254902244, 0.9607843137254902244 ) ;
#609 = DIRECTION ( 'NONE',  ( 0.9950371902099892640, 0.000000000000000000, -0.09950371902099769406 ) ) ;
#610 = PLANE ( 'NONE',  #4132 ) ;
#611 = AXIS2_PLACEMENT_3D ( 'NONE', #4467, #4034, #2637 ) ;
#612 = LINE ( 'NONE', #1581, #3477 ) ;
#613 = SHAPE_REPRESENTATION_RELATIONSHIP ( 'NONE' , 'NONE' ,  #2900, #1105 ) ;
#614 = PRESENTATION_LAYER_ASSIGNMENT (  '', '', ( #1033 ) ) ;
#615 = CARTESIAN_POINT ( 'NONE',  ( 0.8990000000000000213, -0.5250000000000000222, 0.3300000000000000155 ) ) ;
#616 = MECHANICAL_DESIGN_GEOMETRIC_PRESENTATION_REPRESENTATION (  '', ( #3291 ), #3216 ) ;
#617 = EDGE_CURVE ( 'NONE', #784, #1041, #1322, .T. ) ;
#618 = COLOUR_RGB ( '',0.4745098039215686070, 0.6470588235294117974, 0.3098039215686274606 ) ;
#619 = PRODUCT_DEFINITION ( 'UNKNOWN', '', #2299, #1499 ) ;
#620 = CARTESIAN_POINT ( 'NONE',  ( 1.386993215008847535, -0.5362324308631780667, 0.5112931893911373260 ) ) ;
#621 = FILL_AREA_STYLE ('',( #3820 ) ) ;
#622 = SURFACE_STYLE_USAGE ( .BOTH. , #3847 ) ;
#623 = DIRECTION ( 'NONE',  ( -0.000000000000000000, -1.000000000000000000, 0.000000000000000000 ) ) ;
#624 = VERTEX_POINT ( 'NONE', #4379 ) ;
#625 = CARTESIAN_POINT ( 'NONE',  ( 0.1358508218941668622, 0.5999999999999999778, 0.000000000000000000 ) ) ;
#626 = EDGE_CURVE ( 'NONE', #2808, #4082, #3249, .T. ) ;
#627 = VERTEX_POINT ( 'NONE', #2552 ) ;
#628 = FILL_AREA_STYLE ('',( #1684 ) ) ;
#629 = CARTESIAN_POINT ( 'NONE',  ( -0.5999999999999999778, 0.6250000000000000000, 0.000000000000000000 ) ) ;
#630 = LINE ( 'NONE', #1689, #1652 ) ;
#631 = DIRECTION ( 'NONE',  ( 0.000000000000000000, -1.000000000000000000, -0.000000000000000000 ) ) ;
#632 = VERTEX_POINT ( 'NONE', #1800 ) ;
#633 = DIRECTION ( 'NONE',  ( 0.000000000000000000, 0.000000000000000000, -1.000000000000000000 ) ) ;
#634 = UNCERTAINTY_MEASURE_WITH_UNIT (LENGTH_MEASURE( 1.000000000000000082E-05 ), #3552, 'distance_accuracy_value', 'NONE');
#636 = ORIENTED_EDGE ( 'NONE', *, *, #3665, .T. ) ;
#635 = DIRECTION ( 'NONE',  ( 0.000000000000000000, 0.000000000000000000, 1.000000000000000000 ) ) ;
#637 = DIRECTION ( 'NONE',  ( -0.9950371902099892640, 0.000000000000000000, 0.09950371902099769406 ) ) ;
#638 = CARTESIAN_POINT ( 'NONE',  ( -0.8990000000000000213, 0.5250000000000000222, 0.000000000000000000 ) ) ;
#639 = FACE_OUTER_BOUND ( 'NONE', #1826, .T. ) ;
#640 = CARTESIAN_POINT ( 'NONE',  ( 0.000000000000000000, 0.000000000000000000, 0.000000000000000000 ) ) ;
#641 = ORIENTED_EDGE ( 'NONE', *, *, #2535, .F. ) ;
#642 = FILL_AREA_STYLE_COLOUR ( '', #1239 ) ;
#643 = PRESENTATION_STYLE_ASSIGNMENT (( #1986 ) ) ;
#644 = PRESENTATION_LAYER_ASSIGNMENT (  '', '', ( #1376 ) ) ;
#645 = ADVANCED_FACE ( 'NONE', ( #2162 ), #763, .F. ) ;
#646 = DIRECTION ( 'NONE',  ( 0.000000000000000000, 0.000000000000000000, -1.000000000000000000 ) ) ;
#647 = ORIENTED_EDGE ( 'NONE', *, *, #1237, .F. ) ;
#648 = DIRECTION ( 'NONE',  ( 0.000000000000000000, -1.000000000000000000, -0.000000000000000000 ) ) ;
#649 =( NAMED_UNIT ( * ) PLANE_ANGLE_UNIT ( ) SI_UNIT ( $, .RADIAN. ) );
#650 = ORIENTED_EDGE ( 'NONE', *, *, #377, .T. ) ;
#651 =( NAMED_UNIT ( * ) SI_UNIT ( $, .STERADIAN. ) SOLID_ANGLE_UNIT ( ) );
#652 =( BOUNDED_SURFACE ( )  B_SPLINE_SURFACE ( 3, 3, ( 
 ( #4264, #2151, #3556, #1835 ),
 ( #1391, #1415, #3890, #2842 ),
 ( #3928, #1794, #3949, #1175 ),
 ( #113, #2600, #4048, #2140 ) ),
 .UNSPECIFIED., .F., .F., .T. ) 
 B_SPLINE_SURFACE_WITH_KNOTS ( ( 4, 4 ),
 ( 4, 4 ),
 ( 0.000000000000000000, 1.000000000000000000 ),
 ( 0.000000000000000000, 1.000000000000000000 ),
 .UNSPECIFIED. ) 
 GEOMETRIC_REPRESENTATION_ITEM ( )  RATIONAL_B_SPLINE_SURFACE ( (
 ( 1.000000000000000000, 0.3333333333333341475, 0.3333333333333341475, 1.000000000000000000),
 ( 0.9288031850351450291, 0.3096010616783824165, 0.3096010616783824165, 0.9288031850351450291),
 ( 0.9288031850351450291, 0.3096010616783824165, 0.3096010616783824165, 0.9288031850351450291),
 ( 1.000000000000000000, 0.3333333333333341475, 0.3333333333333341475, 1.000000000000000000) ) ) 
 REPRESENTATION_ITEM ( '' )  SURFACE ( )  );
#653 = LINE ( 'NONE', #1059, #2465 ) ;
#654 = CARTESIAN_POINT ( 'NONE',  ( -0.9799999999906870984, -0.6250000000000000000, 0.01999999996565750282 ) ) ;
#655 = EDGE_CURVE ( 'NONE', #3867, #2276, #1110, .T. ) ;
#656 = EDGE_CURVE ( 'NONE', #3243, #3872, #437, .T. ) ;
#658 = ORIENTED_EDGE ( 'NONE', *, *, #1430, .F. ) ;
#657 = CARTESIAN_POINT ( 'NONE',  ( -0.5990000000000000879, 0.000000000000000000, 5.700709230212551457E-17 ) ) ;
#659 = VECTOR ( 'NONE', #3843, 1000.000000000000000 ) ;
#660 = DIRECTION ( 'NONE',  ( 1.000000000000000000, 0.000000000000000000, -2.081668171172169992E-16 ) ) ;
#661 = CARTESIAN_POINT ( 'NONE',  ( 0.1993255186713058513, 0.5633119185870445467, 0.4774664883318576192 ) ) ;
#662 = CARTESIAN_POINT ( 'NONE',  ( -0.5990000000000000879, -0.5250000000000000222, 3.800472820141700560E-17 ) ) ;
#663 = AXIS2_PLACEMENT_3D ( 'NONE', #1073, #4308, #3624 ) ;
#664 = DIRECTION ( 'NONE',  ( 0.000000000000000000, -1.000000000000000000, 0.000000000000000000 ) ) ;
#665 =( GEOMETRIC_REPRESENTATION_CONTEXT ( 3 ) GLOBAL_UNCERTAINTY_ASSIGNED_CONTEXT ( ( #577 ) ) GLOBAL_UNIT_ASSIGNED_CONTEXT ( ( #2646, #3074, #2745 ) ) REPRESENTATION_CONTEXT ( 'NONE', 'WORKASPACE' ) );
#666 = CARTESIAN_POINT ( 'NONE',  ( 1.375949355845397459, -0.5633119185870447687, 0.4979854764614626839 ) ) ;
#667 = FACE_OUTER_BOUND ( 'NONE', #1866, .T. ) ;
#668 = CIRCLE ( 'NONE', #1840, 0.02000000000000005246 ) ;
#669 = VECTOR ( 'NONE', #648, 1000.000000000000000 ) ;
#670 = CARTESIAN_POINT ( 'NONE',  ( 1.392105711489259434, 0.5867014069890171823, 0.4731616332012640314 ) ) ;
#671 = VERTEX_POINT ( 'NONE', #3978 ) ;
#672 = DIRECTION ( 'NONE',  ( 0.000000000000000000, 0.000000000000000000, 1.000000000000000000 ) ) ;
#673 = EDGE_CURVE ( 'NONE', #3269, #3981, #869, .T. ) ;
#674 = CARTESIAN_POINT ( 'NONE',  ( 0.8990000000000010205, 0.5250000000000000222, 0.3499999999999999778 ) ) ;
#675 = ORIENTED_EDGE ( 'NONE', *, *, #4409, .T. ) ;
#676 = VECTOR ( 'NONE', #3708, 1000.000000000000000 ) ;
#677 = MECHANICAL_DESIGN_GEOMETRIC_PRESENTATION_REPRESENTATION (  '', ( #1092 ), #4026 ) ;
#678 = ORIENTED_EDGE ( 'NONE', *, *, #4111, .T. ) ;
#679 = EDGE_CURVE ( 'NONE', #337, #2924, #1504, .T. ) ;
#680 = UNCERTAINTY_MEASURE_WITH_UNIT (LENGTH_MEASURE( 1.000000000000000082E-05 ), #2902, 'distance_accuracy_value', 'NONE');
#681 = PRESENTATION_LAYER_ASSIGNMENT (  '', '', ( #4597 ) ) ;
#682 = UNCERTAINTY_MEASURE_WITH_UNIT (LENGTH_MEASURE( 1.000000000000000082E-05 ), #4273, 'distance_accuracy_value', 'NONE');
#683 = PLANE ( 'NONE',  #3214 ) ;
#684 = SURFACE_STYLE_USAGE ( .BOTH. , #1328 ) ;
#685 = VECTOR ( 'NONE', #4310, 1000.000000000000000 ) ;
#686 = SURFACE_STYLE_FILL_AREA ( #3884 ) ;
#687 = VECTOR ( 'NONE', #4160, 1000.000000000000000 ) ;
#688 = CARTESIAN_POINT ( 'NONE',  ( 0.2180997512422420126, 0.1562500000000000000, 0.4800000000000000377 ) ) ;
#689 = ORIENTED_EDGE ( 'NONE', *, *, #587, .T. ) ;
#690 = VECTOR ( 'NONE', #1773, 1000.000000000000000 ) ;
#691 = PLANE ( 'NONE',  #3635 ) ;
#692 = DIRECTION ( 'NONE',  ( -0.000000000000000000, 0.000000000000000000, 1.000000000000000000 ) ) ;
#693 = COLOUR_RGB ( '',0.8627450980392157298, 0.6274509803921568540, 0.05882352941176470507 ) ;
#694 = VERTEX_POINT ( 'NONE', #464 ) ;
#695 = FACE_OUTER_BOUND ( 'NONE', #3920, .T. ) ;
#696 = AXIS2_PLACEMENT_3D ( 'NONE', #1569, #4494, #2662 ) ;
#697 = CARTESIAN_POINT ( 'NONE',  ( 0.9799999999906870984, 0.000000000000000000, 0.01999999996565750282 ) ) ;
#698 = VECTOR ( 'NONE', #2208, 1000.000000000000000 ) ;
#699 = ORIENTED_EDGE ( 'NONE', *, *, #3507, .T. ) ;
#700 = COLOUR_RGB ( '',0.8627450980392157298, 0.6274509803921568540, 0.05882352941176470507 ) ;
#701 = CARTESIAN_POINT ( 'NONE',  ( -0.5000000000000000000, 0.6250000000000000000, 0.3490000000000002545 ) ) ;
#702 = VERTEX_POINT ( 'NONE', #1885 ) ;
#703 = ORIENTED_EDGE ( 'NONE', *, *, #1117, .T. ) ;
#704 = EDGE_CURVE ( 'NONE', #2327, #187, #143, .T. ) ;
#705 = LINE ( 'NONE', #2344, #733 ) ;
#706 = SURFACE_SIDE_STYLE ('',( #1003 ) ) ;
#707 = EDGE_CURVE ( 'NONE', #3807, #2635, #4279, .T. ) ;
#708 = PRESENTATION_STYLE_ASSIGNMENT (( #386 ) ) ;
#709 =( NAMED_UNIT ( * ) SI_UNIT ( $, .STERADIAN. ) SOLID_ANGLE_UNIT ( ) );
#710 = CARTESIAN_POINT ( 'NONE',  ( 1.392664774857870880, 0.5676647748578691477, 0.4929711200626650247 ) ) ;
#711 = ORIENTED_EDGE ( 'NONE', *, *, #978, .T. ) ;
#712 = ORIENTED_EDGE ( 'NONE', *, *, #679, .T. ) ;
#713 = FILL_AREA_STYLE ('',( #3914 ) ) ;
#714 = VERTEX_POINT ( 'NONE', #3011 ) ;
#715 = ORIENTED_EDGE ( 'NONE', *, *, #2232, .T. ) ;
#716 = VECTOR ( 'NONE', #1093, 1000.000000000000000 ) ;
#717 = CARTESIAN_POINT ( 'NONE',  ( 0.8990000000000000213, 0.5250000000000000222, 0.3499999999999999778 ) ) ;
#718 = UNCERTAINTY_MEASURE_WITH_UNIT (LENGTH_MEASURE( 1.000000000000000082E-05 ), #4430, 'distance_accuracy_value', 'NONE');
#719 = DIRECTION ( 'NONE',  ( 1.000000000000000000, 0.000000000000000000, -0.000000000000000000 ) ) ;
#720 = DIRECTION ( 'NONE',  ( 0.000000000000000000, 0.000000000000000000, 1.000000000000000000 ) ) ;
#721 =( GEOMETRIC_REPRESENTATION_CONTEXT ( 3 ) GLOBAL_UNCERTAINTY_ASSIGNED_CONTEXT ( ( #989 ) ) GLOBAL_UNIT_ASSIGNED_CONTEXT ( ( #4581, #1928, #1957 ) ) REPRESENTATION_CONTEXT ( 'NONE', 'WORKASPACE' ) );
#722 = CARTESIAN_POINT ( 'NONE',  ( -0.8990000000000000213, 0.5250000000000000222, 3.022636486473980894E-17 ) ) ;
#723 = DIRECTION ( 'NONE',  ( -1.000000000000000000, -0.000000000000000000, 0.000000000000000000 ) ) ;
#724 = ADVANCED_FACE ( 'NONE', ( #592 ), #219, .F. ) ;
#725 = EDGE_CURVE ( 'NONE', #2498, #624, #196, .T. ) ;
#726 = ORIENTED_EDGE ( 'NONE', *, *, #3852, .T. ) ;
#727 = VECTOR ( 'NONE', #2235, 1000.000000000000000 ) ;
#728 = DIRECTION ( 'NONE',  ( -0.000000000000000000, -0.000000000000000000, 1.000000000000000000 ) ) ;
#729 =( NAMED_UNIT ( * ) SI_UNIT ( $, .STERADIAN. ) SOLID_ANGLE_UNIT ( ) );
#730 = PRESENTATION_STYLE_ASSIGNMENT (( #1468 ) ) ;
#731 = ORIENTED_EDGE ( 'NONE', *, *, #4274, .F. ) ;
#732 = ORIENTED_EDGE ( 'NONE', *, *, #3671, .T. ) ;
#733 = VECTOR ( 'NONE', #2123, 1000.000000000000000 ) ;
#734 =( GEOMETRIC_REPRESENTATION_CONTEXT ( 3 ) GLOBAL_UNCERTAINTY_ASSIGNED_CONTEXT ( ( #2446 ) ) GLOBAL_UNIT_ASSIGNED_CONTEXT ( ( #4551, #2661, #255 ) ) REPRESENTATION_CONTEXT ( 'NONE', 'WORKASPACE' ) );
#735 =( NAMED_UNIT ( * ) PLANE_ANGLE_UNIT ( ) SI_UNIT ( $, .RADIAN. ) );
#736 = AXIS2_PLACEMENT_3D ( 'NONE', #4195, #962, #2764 ) ;
#737 = VECTOR ( 'NONE', #4194, 1000.000000000000000 ) ;
#738 = SURFACE_SIDE_STYLE ('',( #3966 ) ) ;
#739 = ORIENTED_EDGE ( 'NONE', *, *, #2796, .F. ) ;
#740 = PRESENTATION_STYLE_ASSIGNMENT (( #60 ) ) ;
#741 = EDGE_CURVE ( 'NONE', #3288, #204, #1208, .T. ) ;
#742 = UNCERTAINTY_MEASURE_WITH_UNIT (LENGTH_MEASURE( 1.000000000000000082E-05 ), #2112, 'distance_accuracy_value', 'NONE');
#743 =( NAMED_UNIT ( * ) PLANE_ANGLE_UNIT ( ) SI_UNIT ( $, .RADIAN. ) );
#744 = VECTOR ( 'NONE', #84, 1000.000000000000000 ) ;
#745 = SURFACE_SIDE_STYLE ('',( #1058 ) ) ;
#746 = CARTESIAN_POINT ( 'NONE',  ( 0.8990000000000000213, -0.6250000000000000000, 0.3299999999790450000 ) ) ;
#747 = DIRECTION ( 'NONE',  ( 2.081668171172169992E-16, 0.000000000000000000, 1.000000000000000000 ) ) ;
#748 = AXIS2_PLACEMENT_3D ( 'NONE', #1304, #3463, #4608 ) ;
#749 = EDGE_CURVE ( 'NONE', #4167, #1218, #853, .T. ) ;
#750 = ORIENTED_EDGE ( 'NONE', *, *, #1502, .F. ) ;
#751 = STYLED_ITEM ( 'NONE', ( #2884 ), #4318 ) ;
#752 = EDGE_LOOP ( 'NONE', ( #2356, #513, #2905, #3471 ) ) ;
#753 = PRESENTATION_LAYER_ASSIGNMENT (  '', '', ( #2528 ) ) ;
#754 = DIRECTION ( 'NONE',  ( 0.000000000000000000, -1.000000000000000000, 0.000000000000000000 ) ) ;
#755 = UNCERTAINTY_MEASURE_WITH_UNIT (LENGTH_MEASURE( 1.000000000000000082E-05 ), #554, 'distance_accuracy_value', 'NONE');
#756 = MECHANICAL_DESIGN_GEOMETRIC_PRESENTATION_REPRESENTATION (  '', ( #2612 ), #2182 ) ;
#757 = DIRECTION ( 'NONE',  ( -1.000000000000000000, -0.000000000000000000, -0.000000000000000000 ) ) ;
#758 =( LENGTH_UNIT ( ) NAMED_UNIT ( * ) SI_UNIT ( .MILLI., .METRE. ) );
#759 = DIRECTION ( 'NONE',  ( 0.000000000000000000, 0.000000000000000000, -1.000000000000000000 ) ) ;
#760 = EDGE_LOOP ( 'NONE', ( #3952, #1814, #1999, #3330 ) ) ;
#761 = LINE ( 'NONE', #1501, #685 ) ;
#762 = ORIENTED_EDGE ( 'NONE', *, *, #3328, .F. ) ;
#763 = PLANE ( 'NONE',  #2897 ) ;
#764 = EDGE_CURVE ( 'NONE', #2498, #3177, #2290, .T. ) ;
#765 = DIRECTION ( 'NONE',  ( -0.09901475429766752601, -0.09901475429766752601, -0.9901475429766742886 ) ) ;
#766 = FILL_AREA_STYLE_COLOUR ( '', #364 ) ;
#767 = ORIENTED_EDGE ( 'NONE', *, *, #2204, .T. ) ;
#768 = VERTEX_POINT ( 'NONE', #1934 ) ;
#769 = FILL_AREA_STYLE_COLOUR ( '', #4105 ) ;
#770 = EDGE_CURVE ( 'NONE', #4167, #300, #1559, .T. ) ;
#771 = LINE ( 'NONE', #2224, #1710 ) ;
#772 = MECHANICAL_DESIGN_GEOMETRIC_PRESENTATION_REPRESENTATION (  '', ( #563 ), #3242 ) ;
#773 =( NAMED_UNIT ( * ) SI_UNIT ( $, .STERADIAN. ) SOLID_ANGLE_UNIT ( ) );
#774 = DIRECTION ( 'NONE',  ( 0.09901475429766751213, -0.09901475429766751213, -0.9901475429766741776 ) ) ;
#775 =( NAMED_UNIT ( * ) PLANE_ANGLE_UNIT ( ) SI_UNIT ( $, .RADIAN. ) );
#776 = AXIS2_PLACEMENT_3D ( 'NONE', #1540, #3358, #842 ) ;
#777 = CARTESIAN_POINT ( 'NONE',  ( -1.000000000000000000, -0.6250000000000000000, 0.000000000000000000 ) ) ;
#778 = DIRECTION ( 'NONE',  ( 0.000000000000000000, 0.000000000000000000, -1.000000000000000000 ) ) ;
#779 = DIRECTION ( 'NONE',  ( 0.000000000000000000, 0.000000000000000000, 1.000000000000000000 ) ) ;
#780 =( NAMED_UNIT ( * ) SI_UNIT ( $, .STERADIAN. ) SOLID_ANGLE_UNIT ( ) );
#781 = FILL_AREA_STYLE ('',( #1151 ) ) ;
#782 = DIRECTION ( 'NONE',  ( 0.000000000000000000, 1.626303258728256967E-14, -1.000000000000000000 ) ) ;
#783 = ORIENTED_EDGE ( 'NONE', *, *, #3499, .T. ) ;
#784 = VERTEX_POINT ( 'NONE', #1635 ) ;
#785 = EDGE_CURVE ( 'NONE', #3177, #2420, #1987, .T. ) ;
#786 = STYLED_ITEM ( 'NONE', ( #708 ), #2460 ) ;
#787 = MECHANICAL_DESIGN_GEOMETRIC_PRESENTATION_REPRESENTATION (  '', ( #1461 ), #2149 ) ;
#788 = DIRECTION ( 'NONE',  ( -0.000000000000000000, -1.000000000000000000, -0.000000000000000000 ) ) ;
#789 = APPLICATION_PROTOCOL_DEFINITION ( 'draft international standard', 'automotive_design', 1998, #3339 ) ;
#790 =( NAMED_UNIT ( * ) PLANE_ANGLE_UNIT ( ) SI_UNIT ( $, .RADIAN. ) );
#791 = AXIS2_PLACEMENT_3D ( 'NONE', #3850, #3826, #3469 ) ;
#792 = ADVANCED_FACE ( 'NONE', ( #2319 ), #541, .T. ) ;
#793 = CARTESIAN_POINT ( 'NONE',  ( -0.02038303522603870238, 0.4886582175577559584, 0.000000000000000000 ) ) ;
#794 = SURFACE_SIDE_STYLE ('',( #2229 ) ) ;
#795 = STYLED_ITEM ( 'NONE', ( #3983 ), #2778 ) ;
#796 =( GEOMETRIC_REPRESENTATION_CONTEXT ( 3 ) GLOBAL_UNCERTAINTY_ASSIGNED_CONTEXT ( ( #1369 ) ) GLOBAL_UNIT_ASSIGNED_CONTEXT ( ( #1176, #459, #3368 ) ) REPRESENTATION_CONTEXT ( 'NONE', 'WORKASPACE' ) );
#797 =( GEOMETRIC_REPRESENTATION_CONTEXT ( 3 ) GLOBAL_UNCERTAINTY_ASSIGNED_CONTEXT ( ( #4598 ) ) GLOBAL_UNIT_ASSIGNED_CONTEXT ( ( #2690, #4168, #2135 ) ) REPRESENTATION_CONTEXT ( 'NONE', 'WORKASPACE' ) );
#798 = PRESENTATION_LAYER_ASSIGNMENT (  '', '', ( #137 ) ) ;
#799 = LINE ( 'NONE', #2234, #151 ) ;
#800 = EDGE_LOOP ( 'NONE', ( #1531, #3416, #2443, #2830, #2481, #1839, #102, #3453, #3210, #3944, #600, #2760 ) ) ;
#801 =( BOUNDED_CURVE ( )  B_SPLINE_CURVE ( 3, ( #1387, #1629, #2480, #2141 ),
 .UNSPECIFIED., .F., .F. ) 
 B_SPLINE_CURVE_WITH_KNOTS ( ( 4, 4 ),
 ( 5.502737719717665676, 7.063632894641462379 ),
 .UNSPECIFIED. ) 
 CURVE ( )  GEOMETRIC_REPRESENTATION_ITEM ( )  RATIONAL_B_SPLINE_CURVE ( ( 1.000000000000000000, 0.8070657918415176102, 0.8070657918415176102, 1.000000000000000000 ) ) 
 REPRESENTATION_ITEM ( '' )  );
#802 = CARTESIAN_POINT ( 'NONE',  ( -0.5989999999999999769, -0.5250000000000000222, 0.02000000000000000042 ) ) ;
#803 = DIRECTION ( 'NONE',  ( 0.000000000000000000, 0.000000000000000000, 1.000000000000000000 ) ) ;
#804 = VECTOR ( 'NONE', #834, 1000.000000000000000 ) ;
#805 = PLANE ( 'NONE',  #171 ) ;
#806 = LINE ( 'NONE', #2273, #3943 ) ;
#807 = CARTESIAN_POINT ( 'NONE',  ( 0.8990000000000000213, 0.000000000000000000, 0.02000000000000000042 ) ) ;
#808 = SURFACE_SIDE_STYLE ('',( #438 ) ) ;
#809 = FILL_AREA_STYLE_COLOUR ( '', #2793 ) ;
#810 =( GEOMETRIC_REPRESENTATION_CONTEXT ( 3 ) GLOBAL_UNCERTAINTY_ASSIGNED_CONTEXT ( ( #634 ) ) GLOBAL_UNIT_ASSIGNED_CONTEXT ( ( #3552, #4630, #4668 ) ) REPRESENTATION_CONTEXT ( 'NONE', 'WORKASPACE' ) );
#811 = ORIENTED_EDGE ( 'NONE', *, *, #1534, .F. ) ;
#812 = ORIENTED_EDGE ( 'NONE', *, *, #3555, .T. ) ;
#813 = ORIENTED_EDGE ( 'NONE', *, *, #1806, .F. ) ;
#814 = DIRECTION ( 'NONE',  ( 0.000000000000000000, -0.09950371902099901245, -0.9950371902099890420 ) ) ;
#815 = LINE ( 'NONE', #1893, #965 ) ;
#816 = VECTOR ( 'NONE', #3808, 1000.000000000000000 ) ;
#817 = DIRECTION ( 'NONE',  ( 0.000000000000000000, 0.000000000000000000, 1.000000000000000000 ) ) ;
#818 = CARTESIAN_POINT ( 'NONE',  ( -0.8990000000000000213, -0.6250000000000000000, 0.02000000000000000042 ) ) ;
#819 = CIRCLE ( 'NONE', #4614, 0.01999999999999999695 ) ;
#820 = DIRECTION ( 'NONE',  ( -1.000000000000000000, -0.000000000000000000, 0.000000000000000000 ) ) ;
#821 = CARTESIAN_POINT ( 'NONE',  ( 0.2240506441546051553, -0.5633119185870444356, 0.4979854764614619067 ) ) ;
#822 =( NAMED_UNIT ( * ) SI_UNIT ( $, .STERADIAN. ) SOLID_ANGLE_UNIT ( ) );
#823 = VECTOR ( 'NONE', #4471, 1000.000000000000000 ) ;
#824 = EDGE_CURVE ( 'NONE', #3544, #3785, #1731, .T. ) ;
#825 = AXIS2_PLACEMENT_3D ( 'NONE', #3237, #3621, #2228 ) ;
#826 = DIRECTION ( 'NONE',  ( 0.000000000000000000, 0.000000000000000000, 1.000000000000000000 ) ) ;
#827 = ORIENTED_EDGE ( 'NONE', *, *, #126, .F. ) ;
#828 = PLANE ( 'NONE',  #3596 ) ;
#829 = DIRECTION ( 'NONE',  ( -1.000000000000000000, 0.000000000000000000, -0.000000000000000000 ) ) ;
#830 = EDGE_CURVE ( 'NONE', #2734, #3544, #2457, .T. ) ;
#831 = SURFACE_STYLE_FILL_AREA ( #138 ) ;
#832 = DIRECTION ( 'NONE',  ( -0.000000000000000000, -1.000000000000000000, 0.000000000000000000 ) ) ;
#833 = CARTESIAN_POINT ( 'NONE',  ( 0.1699007438042001994, 0.6250000000000002220, 0.000000000000000000 ) ) ;
#834 = DIRECTION ( 'NONE',  ( 0.000000000000000000, -0.000000000000000000, -1.000000000000000000 ) ) ;
#835 = EDGE_CURVE ( 'NONE', #4082, #19, #952, .T. ) ;
#836 = EDGE_LOOP ( 'NONE', ( #1674, #2903, #4189, #4376 ) ) ;
#837 = ORIENTED_EDGE ( 'NONE', *, *, #150, .T. ) ;
#838 = SURFACE_STYLE_USAGE ( .BOTH. , #1941 ) ;
#839 = SHAPE_DEFINITION_REPRESENTATION ( #3401, #1095 ) ;
#840 = LINE ( 'NONE', #818, #4365 ) ;
#841 = COLOUR_RGB ( '',0.8627450980392157298, 0.6274509803921568540, 0.05882352941176470507 ) ;
#842 = DIRECTION ( 'NONE',  ( 1.000000000000000000, 0.000000000000000000, -0.000000000000000000 ) ) ;
#843 = CARTESIAN_POINT ( 'NONE',  ( 0.2183013447299518850, -0.5661026009617708965, 0.4988929048104989161 ) ) ;
#844 = SURFACE_STYLE_USAGE ( .BOTH. , #2950 ) ;
#845 = DIRECTION ( 'NONE',  ( 0.000000000000000000, 0.000000000000000000, -1.000000000000000000 ) ) ;
#846 = PLANE ( 'NONE',  #3591 ) ;
#847 = COLOUR_RGB ( '',0.9607843137254902244, 0.9607843137254902244, 0.9607843137254902244 ) ;
#848 = EDGE_CURVE ( 'NONE', #1077, #2276, #2620, .T. ) ;
#849 = LINE ( 'NONE', #1580, #1595 ) ;
#850 =( LENGTH_UNIT ( ) NAMED_UNIT ( * ) SI_UNIT ( .MILLI., .METRE. ) );
#851 = ADVANCED_FACE ( 'NONE', ( #3470 ), #1716, .F. ) ;
#852 = DIRECTION ( 'NONE',  ( 0.000000000000000000, -1.000000000000000000, -0.000000000000000000 ) ) ;
#853 = LINE ( 'NONE', #2274, #2088 ) ;
#854 = DIRECTION ( 'NONE',  ( 1.000000000000000000, -0.000000000000000000, 0.000000000000000000 ) ) ;
#855 = ORIENTED_EDGE ( 'NONE', *, *, #510, .T. ) ;
#856 = ORIENTED_EDGE ( 'NONE', *, *, #3410, .T. ) ;
#857 = ORIENTED_EDGE ( 'NONE', *, *, #1782, .T. ) ;
#858 = CARTESIAN_POINT ( 'NONE',  ( -0.8990000000000000213, 0.000000000000000000, 0.3499999999999999778 ) ) ;
#859 = SURFACE_STYLE_FILL_AREA ( #2260 ) ;
#860 = CARTESIAN_POINT ( 'NONE',  ( 0.8990000000000000213, 0.6250000000000000000, 0.000000000000000000 ) ) ;
#861 =( LENGTH_UNIT ( ) NAMED_UNIT ( * ) SI_UNIT ( .MILLI., .METRE. ) );
#862 = VECTOR ( 'NONE', #458, 1000.000000000000000 ) ;
#863 = STYLED_ITEM ( 'NONE', ( #2011 ), #1883 ) ;
#864 = DIRECTION ( 'NONE',  ( -0.3437202564220728784, 0.8428003586852989004, 0.4141786338345761487 ) ) ;
#865 = CARTESIAN_POINT ( 'NONE',  ( -0.7990000000000000435, 0.000000000000000000, 0.3300000000000000155 ) ) ;
#866 = SURFACE_STYLE_FILL_AREA ( #501 ) ;
#867 = FILL_AREA_STYLE_COLOUR ( '', #3578 ) ;
#868 = SURFACE_SIDE_STYLE ('',( #169 ) ) ;
#869 = CIRCLE ( 'NONE', #3652, 0.01999999999999999695 ) ;
#870 = CARTESIAN_POINT ( 'NONE',  ( -0.8990000000000000213, 0.5250000000000000222, 0.3499999999999999778 ) ) ;
#871 = AXIS2_PLACEMENT_3D ( 'NONE', #2116, #3162, #1040 ) ;
#872 = PLANE ( 'NONE',  #2384 ) ;
#873 = DIRECTION ( 'NONE',  ( -0.000000000000000000, -1.000000000000000000, -0.000000000000000000 ) ) ;
#874 = LINE ( 'NONE', #1266, #3132 ) ;
#875 = FACE_OUTER_BOUND ( 'NONE', #606, .T. ) ;
#876 = ADVANCED_FACE ( 'NONE', ( #2254 ), #4293, .T. ) ;
#877 =( GEOMETRIC_REPRESENTATION_CONTEXT ( 3 ) GLOBAL_UNCERTAINTY_ASSIGNED_CONTEXT ( ( #742 ) ) GLOBAL_UNIT_ASSIGNED_CONTEXT ( ( #2112, #3793, #1751 ) ) REPRESENTATION_CONTEXT ( 'NONE', 'WORKASPACE' ) );
#878 = EDGE_LOOP ( 'NONE', ( #1966, #2214, #2284, #4169 ) ) ;
#879 = DIRECTION ( 'NONE',  ( 0.000000000000000000, -0.000000000000000000, -1.000000000000000000 ) ) ;
#880 = VERTEX_POINT ( 'NONE', #4654 ) ;
#881 = PLANE ( 'NONE',  #3883 ) ;
#882 = STYLED_ITEM ( 'NONE', ( #3488 ), #1289 ) ;
#883 = EDGE_CURVE ( 'NONE', #1775, #1342, #2475, .T. ) ;
#884 = CYLINDRICAL_SURFACE ( 'NONE', #2308, 0.001000000000000024307 ) ;
#885 = FILL_AREA_STYLE ('',( #1921 ) ) ;
#886 = VERTEX_POINT ( 'NONE', #356 ) ;
#887 = CARTESIAN_POINT ( 'NONE',  ( 0.2068053772675744195, -0.5785451646981453200, 0.4835019453810327494 ) ) ;
#888 = CLOSED_SHELL ( 'NONE', ( #3818, #253, #851, #4374, #4585, #1289, #2683, #969, #4236, #2485, #3925, #1904, #2648, #2508, #2043, #792, #345, #4486 ) ) ;
#889 = STYLED_ITEM ( 'NONE', ( #3133 ), #4075 ) ;
#890 = ORIENTED_EDGE ( 'NONE', *, *, #4550, .F. ) ;
#891 = DIRECTION ( 'NONE',  ( -1.000000000000000000, -0.000000000000000000, -0.000000000000000000 ) ) ;
#892 = PRESENTATION_STYLE_ASSIGNMENT (( #4208 ) ) ;
#893 = SURFACE_STYLE_FILL_AREA ( #3745 ) ;
#894 = CARTESIAN_POINT ( 'NONE',  ( 0.5989999999999999769, 0.5250000000000000222, 0.02000000000000000042 ) ) ;
#895 = LINE ( 'NONE', #1583, #1225 ) ;
#896 = DIRECTION ( 'NONE',  ( 0.000000000000000000, -0.09950371902099901245, 0.9950371902099890420 ) ) ;
#897 =( LENGTH_UNIT ( ) NAMED_UNIT ( * ) SI_UNIT ( .MILLI., .METRE. ) );
#898 = CARTESIAN_POINT ( 'NONE',  ( 0.8000000000000000444, 0.6250000000000000000, 0.3299999999790450000 ) ) ;
#899 = DIRECTION ( 'NONE',  ( 0.9950371902099892640, 1.084202172485504276E-14, -0.09950371902099769406 ) ) ;
#900 = ORIENTED_EDGE ( 'NONE', *, *, #3948, .F. ) ;
#901 = VERTEX_POINT ( 'NONE', #2441 ) ;
#902 = CARTESIAN_POINT ( 'NONE',  ( -0.5989999999999999769, -0.5250000000000000222, 0.3300000000000000155 ) ) ;
#903 = EDGE_CURVE ( 'NONE', #478, #558, #3088, .T. ) ;
#904 = DIRECTION ( 'NONE',  ( 0.000000000000000000, -0.9950371902099891530, 0.09950371902099902632 ) ) ;
#905 = PRESENTATION_STYLE_ASSIGNMENT (( #3800 ) ) ;
#906 = DIRECTION ( 'NONE',  ( 0.000000000000000000, -1.000000000000000000, 0.000000000000000000 ) ) ;
#907 = CARTESIAN_POINT ( 'NONE',  ( 0.1994934533465067550, -0.5661026009617704524, 0.4832845350855208277 ) ) ;
#908 = SURFACE_STYLE_USAGE ( .BOTH. , #4552 ) ;
#909 = ORIENTED_EDGE ( 'NONE', *, *, #1454, .F. ) ;
#910 = ORIENTED_EDGE ( 'NONE', *, *, #578, .T. ) ;
#911 = PLANE ( 'NONE',  #776 ) ;
#912 = CARTESIAN_POINT ( 'NONE',  ( 0.2073352251421312076, -0.5676647748578690367, 0.4929711200626645806 ) ) ;
#913 = EDGE_CURVE ( 'NONE', #3033, #3183, #1341, .T. ) ;
#914 = ORIENTED_EDGE ( 'NONE', *, *, #2012, .F. ) ;
#915 = CARTESIAN_POINT ( 'NONE',  ( 0.2007718149433750099, 0.5742281850566259838, 0.3067206370113250147 ) ) ;
#916 = DIRECTION ( 'NONE',  ( -0.9950371902099893751, 0.000000000000000000, -0.09950371902099731936 ) ) ;
#917 = DIRECTION ( 'NONE',  ( -0.3437202564220759871, 0.8428003586852981233, -0.4141786338345753160 ) ) ;
#918 = AXIS2_PLACEMENT_3D ( 'NONE', #3532, #803, #4425 ) ;
#919 = DIRECTION ( 'NONE',  ( 0.000000000000000000, 0.000000000000000000, 1.000000000000000000 ) ) ;
#920 = PRESENTATION_STYLE_ASSIGNMENT (( #4158 ) ) ;
#921 = LINE ( 'NONE', #1604, #3371 ) ;
#922 = LINE ( 'NONE', #3009, #1140 ) ;
#923 = STYLED_ITEM ( 'NONE', ( #79 ), #3439 ) ;
#924 = SURFACE_SIDE_STYLE ('',( #1606 ) ) ;
#925 = PRESENTATION_STYLE_ASSIGNMENT (( #2783 ) ) ;
#926 = LINE ( 'NONE', #870, #2452 ) ;
#927 = PRODUCT ( 'lens', 'lens', '', ( #4410 ) ) ;
#928 =( LENGTH_UNIT ( ) NAMED_UNIT ( * ) SI_UNIT ( .MILLI., .METRE. ) );
#929 = SURFACE_STYLE_USAGE ( .BOTH. , #3012 ) ;
#930 = ORIENTED_EDGE ( 'NONE', *, *, #4631, .T. ) ;
#931 = CARTESIAN_POINT ( 'NONE',  ( -0.5999999999999999778, -0.6250000000000000000, 0.000000000000000000 ) ) ;
#932 = VECTOR ( 'NONE', #4538, 1000.000000000000000 ) ;
#933 = CARTESIAN_POINT ( 'NONE',  ( 0.2023680151481448697, -0.5676647748578689257, 0.4888489115435324384 ) ) ;
#934 = ORIENTED_EDGE ( 'NONE', *, *, #3623, .T. ) ;
#935 = ORIENTED_EDGE ( 'NONE', *, *, #2503, .F. ) ;
#936 = UNCERTAINTY_MEASURE_WITH_UNIT (LENGTH_MEASURE( 1.000000000000000082E-05 ), #37, 'distance_accuracy_value', 'NONE');
#938 = ORIENTED_EDGE ( 'NONE', *, *, #350, .F. ) ;
#937 =( LENGTH_UNIT ( ) NAMED_UNIT ( * ) SI_UNIT ( .MILLI., .METRE. ) );
#939 = PRESENTATION_LAYER_ASSIGNMENT (  '', '', ( #2954 ) ) ;
#940 = ADVANCED_FACE ( 'NONE', ( #2763 ), #1384, .T. ) ;
#941 = DIRECTION ( 'NONE',  ( 1.000000000000000000, 0.000000000000000000, 0.000000000000000000 ) ) ;
#942 = DIRECTION ( 'NONE',  ( 1.000000000000000000, 0.000000000000000000, 0.000000000000000000 ) ) ;
#943 = AXIS2_PLACEMENT_3D ( 'NONE', #1767, #778, #4669 ) ;
#944 = CARTESIAN_POINT ( 'NONE',  ( 0.2180997512422420403, -0.5569002487577580096, 0.4800000000000000377 ) ) ;
#945 = VECTOR ( 'NONE', #1579, 1000.000000000000000 ) ;
#946 =( LENGTH_UNIT ( ) NAMED_UNIT ( * ) SI_UNIT ( .MILLI., .METRE. ) );
#947 = DIRECTION ( 'NONE',  ( 0.000000000000000000, 0.000000000000000000, 1.000000000000000000 ) ) ;
#948 = ADVANCED_FACE ( 'NONE', ( #375 ), #1802, .T. ) ;
#949 = AXIS2_PLACEMENT_3D ( 'NONE', #4033, #904, #814 ) ;
#950 = CARTESIAN_POINT ( 'NONE',  ( -0.8990000000000000213, -0.5250000000000000222, 0.01999999996565751323 ) ) ;
#951 = CARTESIAN_POINT ( 'NONE',  ( 1.408907381817730897, -0.5455037949345239445, 0.4934074369697786233 ) ) ;
#952 = LINE ( 'NONE', #2395, #1174 ) ;
#953 = SURFACE_STYLE_FILL_AREA ( #1334 ) ;
#954 = MECHANICAL_DESIGN_GEOMETRIC_PRESENTATION_REPRESENTATION (  '', ( #504 ), #2221 ) ;
#955 = STYLED_ITEM ( 'NONE', ( #2048 ), #516 ) ;
#956 =( NAMED_UNIT ( * ) SI_UNIT ( $, .STERADIAN. ) SOLID_ANGLE_UNIT ( ) );
#957 = MECHANICAL_DESIGN_GEOMETRIC_PRESENTATION_REPRESENTATION (  '', ( #1547 ), #1781 ) ;
#958 = ORIENTED_EDGE ( 'NONE', *, *, #2789, .F. ) ;
#959 = CARTESIAN_POINT ( 'NONE',  ( -0.5000000000000000000, -0.6250000000000000000, 0.3489999999999998659 ) ) ;
#960 = CARTESIAN_POINT ( 'NONE',  ( -0.5989999999999999769, 0.000000000000000000, 0.02000000000000000042 ) ) ;
#961 = DIRECTION ( 'NONE',  ( -0.000000000000000000, 0.000000000000000000, -1.000000000000000000 ) ) ;
#962 = DIRECTION ( 'NONE',  ( -4.891268414762930327E-16, -1.000000000000000000, 0.000000000000000000 ) ) ;
#963 = DIRECTION ( 'NONE',  ( 0.000000000000000000, -0.000000000000000000, -1.000000000000000000 ) ) ;
#964 = STYLED_ITEM ( 'NONE', ( #2037 ), #1268 ) ;
#965 = VECTOR ( 'NONE', #125, 1000.000000000000000 ) ;
#966 = EDGE_LOOP ( 'NONE', ( #551, #4224, #1206, #2325, #9, #938, #4547, #4229 ) ) ;
#967 = CARTESIAN_POINT ( 'NONE',  ( 0.5999999999999999778, 0.5250000000000000222, 0.01999999996565750976 ) ) ;
#968 = SURFACE_STYLE_FILL_AREA ( #208 ) ;
#969 = ADVANCED_FACE ( 'NONE', ( #5 ), #1425, .F. ) ;
#970 = CARTESIAN_POINT ( 'NONE',  ( 0.2183013447299518850, 0.5661026009617707855, 0.4988929048104988606 ) ) ;
#971 = PRESENTATION_LAYER_ASSIGNMENT (  '', '', ( #3291 ) ) ;
#972 = EDGE_LOOP ( 'NONE', ( #1536, #4083, #2561, #597 ) ) ;
#973 = FACE_OUTER_BOUND ( 'NONE', #2998, .T. ) ;
#974 =( GEOMETRIC_REPRESENTATION_CONTEXT ( 3 ) GLOBAL_UNCERTAINTY_ASSIGNED_CONTEXT ( ( #3669 ) ) GLOBAL_UNIT_ASSIGNED_CONTEXT ( ( #3602, #3572, #3968 ) ) REPRESENTATION_CONTEXT ( 'NONE', 'WORKASPACE' ) );
#975 = SURFACE_STYLE_USAGE ( .BOTH. , #4213 ) ;
#976 = ORIENTED_EDGE ( 'NONE', *, *, #848, .F. ) ;
#977 = DIRECTION ( 'NONE',  ( -1.000000000000000000, 0.000000000000000000, 0.000000000000000000 ) ) ;
#978 = EDGE_CURVE ( 'NONE', #2797, #235, #2320, .T. ) ;
#979 = CARTESIAN_POINT ( 'NONE',  ( 1.397631984851857911, -0.5676647748578689257, 0.4888489115435328825 ) ) ;
#980 = CARTESIAN_POINT ( 'NONE',  ( -0.5999999999999999778, 0.000000000000000000, 0.000000000000000000 ) ) ;
#981 = CARTESIAN_POINT ( 'NONE',  ( -0.5990000000000000879, 0.5250000000000000222, 5.700709230212551457E-17 ) ) ;
#982 = ORIENTED_EDGE ( 'NONE', *, *, #2796, .T. ) ;
#983 = LINE ( 'NONE', #3066, #3217 ) ;
#984 = SURFACE_SIDE_STYLE ('',( #1758 ) ) ;
#985 = LINE ( 'NONE', #2476, #4201 ) ;
#986 = ORIENTED_EDGE ( 'NONE', *, *, #2204, .F. ) ;
#987 = VERTEX_POINT ( 'NONE', #3720 ) ;
#988 = CARTESIAN_POINT ( 'NONE',  ( 0.8990000000000000213, 0.5250000000000000222, 0.3499999999999999778 ) ) ;
#989 = UNCERTAINTY_MEASURE_WITH_UNIT (LENGTH_MEASURE( 1.000000000000000082E-05 ), #4581, 'distance_accuracy_value', 'NONE');
#990 = CARTESIAN_POINT ( 'NONE',  ( 0.8990000000000000213, -0.6239999999999999991, 0.0009999999999998803249 ) ) ;
#991 = CARTESIAN_POINT ( 'NONE',  ( -0.5989999999999999769, 0.5250000000000000222, 0.01999999996565751670 ) ) ;
#992 = EDGE_CURVE ( 'NONE', #1077, #4276, #3396, .T. ) ;
#993 = CARTESIAN_POINT ( 'NONE',  ( 0.2073352251421312353, 0.5676647748578690367, 0.4929711200626645806 ) ) ;
#994 = FILL_AREA_STYLE ('',( #3537 ) ) ;
#995 = STYLED_ITEM ( 'NONE', ( #1529 ), #3200 ) ;
#996 = ORIENTED_EDGE ( 'NONE', *, *, #2860, .T. ) ;
#997 = EDGE_CURVE ( 'NONE', #1757, #2756, #874, .T. ) ;
#998 = CARTESIAN_POINT ( 'NONE',  ( 1.383260202744454936, 0.5785451646981447649, 0.4917463624192967009 ) ) ;
#999 = ORIENTED_EDGE ( 'NONE', *, *, #1458, .F. ) ;
#1000 = EDGE_CURVE ( 'NONE', #3860, #3183, #2653, .T. ) ;
#1001 = MECHANICAL_DESIGN_GEOMETRIC_PRESENTATION_REPRESENTATION (  '', ( #3859 ), #2721 ) ;
#1002 = LINE ( 'NONE', #629, #3579 ) ;
#1003 = SURFACE_STYLE_FILL_AREA ( #2058 ) ;
#1004 = DIRECTION ( 'NONE',  ( 0.000000000000000000, 0.000000000000000000, 1.000000000000000000 ) ) ;
#1005 = SURFACE_STYLE_USAGE ( .BOTH. , #3171 ) ;
#1006 = ORIENTED_EDGE ( 'NONE', *, *, #1435, .F. ) ;
#1007 = SURFACE_SIDE_STYLE ('',( #953 ) ) ;
#1008 = LINE ( 'NONE', #2458, #34 ) ;
#1009 = VECTOR ( 'NONE', #2172, 1000.000000000000000 ) ;
#1010 = LINE ( 'NONE', #3825, #1724 ) ;
#1011 = VERTEX_POINT ( 'NONE', #3326 ) ;
#1012 = STYLED_ITEM ( 'NONE', ( #3918 ), #2784 ) ;
#1013 = MECHANICAL_DESIGN_GEOMETRIC_PRESENTATION_REPRESENTATION (  '', ( #1704 ), #4278 ) ;
#1014 = SURFACE_STYLE_USAGE ( .BOTH. , #984 ) ;
#1015 = EDGE_CURVE ( 'NONE', #3142, #4003, #118, .T. ) ;
#1016 = ORIENTED_EDGE ( 'NONE', *, *, #427, .T. ) ;
#1017 = ORIENTED_EDGE ( 'NONE', *, *, #587, .F. ) ;
#1018 = MECHANICAL_DESIGN_GEOMETRIC_PRESENTATION_REPRESENTATION (  '', ( #4662 ), #2161 ) ;
#1019 = ORIENTED_EDGE ( 'NONE', *, *, #423, .T. ) ;
#1020 = LINE ( 'NONE', #3545, #1487 ) ;
#1021 = EDGE_CURVE ( 'NONE', #1423, #1186, #4351, .T. ) ;
#1022 = UNCERTAINTY_MEASURE_WITH_UNIT (LENGTH_MEASURE( 1.000000000000000082E-05 ), #2365, 'distance_accuracy_value', 'NONE');
#1023 = COLOUR_RGB ( '',0.8627450980392157298, 0.6274509803921568540, 0.05882352941176470507 ) ;
#1024 = LINE ( 'NONE', #3905, #2307 ) ;
#1025 = CARTESIAN_POINT ( 'NONE',  ( 0.1807485221195672120, -0.5743507340762330493, 0.3074852211956669579 ) ) ;
#1026 = AXIS2_PLACEMENT_3D ( 'NONE', #1560, #174, #1732 ) ;
#1027 = DIRECTION ( 'NONE',  ( -0.000000000000000000, 0.000000000000000000, 1.000000000000000000 ) ) ;
#1028 = PRESENTATION_LAYER_ASSIGNMENT (  '', '', ( #1481 ) ) ;
#1029 = CARTESIAN_POINT ( 'NONE',  ( -0.02038303522603881687, 0.4886582175577559584, 0.003000000000000000062 ) ) ;
#1030 = COLOUR_RGB ( '',0.8627450980392157298, 0.6274509803921568540, 0.05882352941176470507 ) ;
#1031 = FILL_AREA_STYLE ('',( #3946 ) ) ;
#1032 = AXIS2_PLACEMENT_3D ( 'NONE', #2933, #1483, #2241 ) ;
#1033 = STYLED_ITEM ( 'NONE', ( #1228 ), #3925 ) ;
#1034 =( NAMED_UNIT ( * ) PLANE_ANGLE_UNIT ( ) SI_UNIT ( $, .RADIAN. ) );
#1035 = LINE ( 'NONE', #1679, #239 ) ;
#1036 = EDGE_LOOP ( 'NONE', ( #2110, #2459, #368, #1888 ) ) ;
#1037 = VECTOR ( 'NONE', #3314, 1000.000000000000000 ) ;
#1038 = VERTEX_POINT ( 'NONE', #1527 ) ;
#1039 = DIRECTION ( 'NONE',  ( -0.000000000000000000, -1.000000000000000000, -0.000000000000000000 ) ) ;
#1040 = DIRECTION ( 'NONE',  ( 0.000000000000000000, 0.000000000000000000, -1.000000000000000000 ) ) ;
#1041 = VERTEX_POINT ( 'NONE', #2961 ) ;
#1042 = ORIENTED_EDGE ( 'NONE', *, *, #3906, .T. ) ;
#1043 = EDGE_CURVE ( 'NONE', #1562, #2797, #2605, .T. ) ;
#1044 = LINE ( 'NONE', #4006, #4019 ) ;
#1045 =( NAMED_UNIT ( * ) PLANE_ANGLE_UNIT ( ) SI_UNIT ( $, .RADIAN. ) );
#1046 = ORIENTED_EDGE ( 'NONE', *, *, #997, .F. ) ;
#1047 = EDGE_CURVE ( 'NONE', #1755, #1366, #542, .T. ) ;
#1048 = FACE_OUTER_BOUND ( 'NONE', #277, .T. ) ;
#1049 = ADVANCED_FACE ( 'NONE', ( #4079 ), #144, .T. ) ;
#1050 = CARTESIAN_POINT ( 'NONE',  ( 0.2073352251421313186, 0.5676647748578687036, 0.4929711200626647472 ) ) ;
#1051 = ORIENTED_EDGE ( 'NONE', *, *, #186, .F. ) ;
#1052 = LINE ( 'NONE', #2506, #4413 ) ;
#1053 = FILL_AREA_STYLE_COLOUR ( '', #3739 ) ;
#1054 = ORIENTED_EDGE ( 'NONE', *, *, #626, .T. ) ;
#1055 =( LENGTH_UNIT ( ) NAMED_UNIT ( * ) SI_UNIT ( .MILLI., .METRE. ) );
#1056 = CARTESIAN_POINT ( 'NONE',  ( -0.02038303522603369944, -0.5999999999999999778, 0.000000000000000000 ) ) ;
#1057 = ORIENTED_EDGE ( 'NONE', *, *, #4417, .F. ) ;
#1058 = SURFACE_STYLE_FILL_AREA ( #353 ) ;
#1059 = CARTESIAN_POINT ( 'NONE',  ( 0.1358508218941670009, 0.4886582175577559584, 0.000000000000000000 ) ) ;
#1060 = ORIENTED_EDGE ( 'NONE', *, *, #2890, .T. ) ;
#1061 =( GEOMETRIC_REPRESENTATION_CONTEXT ( 3 ) GLOBAL_UNCERTAINTY_ASSIGNED_CONTEXT ( ( #3526 ) ) GLOBAL_UNIT_ASSIGNED_CONTEXT ( ( #3922, #1122, #773 ) ) REPRESENTATION_CONTEXT ( 'NONE', 'WORKASPACE' ) );
#1062 =( NAMED_UNIT ( * ) SI_UNIT ( $, .STERADIAN. ) SOLID_ANGLE_UNIT ( ) );
#1063 = UNCERTAINTY_MEASURE_WITH_UNIT (LENGTH_MEASURE( 1.000000000000000082E-05 ), #264, 'distance_accuracy_value', 'NONE');
#1064 = UNCERTAINTY_MEASURE_WITH_UNIT (LENGTH_MEASURE( 1.000000000000000082E-05 ), #1528, 'distance_accuracy_value', 'NONE');
#1065 = EDGE_CURVE ( 'NONE', #4625, #252, #3082, .T. ) ;
#1066 = SURFACE_SIDE_STYLE ('',( #4159 ) ) ;
#1067 =( NAMED_UNIT ( * ) SI_UNIT ( $, .STERADIAN. ) SOLID_ANGLE_UNIT ( ) );
#1068 = SURFACE_SIDE_STYLE ('',( #3986 ) ) ;
#1069 = CARTESIAN_POINT ( 'NONE',  ( -0.8990000000000000213, 0.5250000000000000222, 0.3299999999790450000 ) ) ;
#1070 =( LENGTH_UNIT ( ) NAMED_UNIT ( * ) SI_UNIT ( .MILLI., .METRE. ) );
#1071 = ADVANCED_FACE ( 'NONE', ( #667 ), #593, .T. ) ;
#1072 = PRODUCT_DEFINITION ( 'UNKNOWN', '', #4423, #430 ) ;
#1073 = CARTESIAN_POINT ( 'NONE',  ( -0.5989999999999999769, -0.5250000000000000222, 0.000000000000000000 ) ) ;
#1074 = EDGE_CURVE ( 'NONE', #4276, #1380, #4241, .T. ) ;
#1075 = PLANE ( 'NONE',  #2674 ) ;
#1076 = SURFACE_STYLE_FILL_AREA ( #4325 ) ;
#1077 = VERTEX_POINT ( 'NONE', #1375 ) ;
#1078 = ORIENTED_EDGE ( 'NONE', *, *, #3714, .T. ) ;
#1079 = FACE_OUTER_BOUND ( 'NONE', #3148, .T. ) ;
#1080 = PRESENTATION_LAYER_ASSIGNMENT (  '', '', ( #3877 ) ) ;
#1081 =( NAMED_UNIT ( * ) PLANE_ANGLE_UNIT ( ) SI_UNIT ( $, .RADIAN. ) );
#1082 = PLANE ( 'NONE',  #1565 ) ;
#1083 = VERTEX_POINT ( 'NONE', #2801 ) ;
#1084 = AXIS2_PLACEMENT_3D ( 'NONE', #395, #754, #3615 ) ;
#1085 = VERTEX_POINT ( 'NONE', #3174 ) ;
#1086 = VECTOR ( 'NONE', #3840, 1000.000000000000000 ) ;
#1087 = CARTESIAN_POINT ( 'NONE',  ( 0.5999999999999999778, 0.000000000000000000, 0.000000000000000000 ) ) ;
#1088 = AXIS2_PLACEMENT_3D ( 'NONE', #3374, #2937, #2679 ) ;
#1089 = COLOUR_RGB ( '',0.4745098039215686070, 0.6470588235294117974, 0.3098039215686274606 ) ;
#1090 = CARTESIAN_POINT ( 'NONE',  ( 1.000000000000000000, -0.5250000000000000222, 0.3499999999999999778 ) ) ;
#1091 = CARTESIAN_POINT ( 'NONE',  ( 0.6374999999999999556, -0.5569002487577580096, 0.5000000000000000000 ) ) ;
#1092 = STYLED_ITEM ( 'NONE', ( #1288 ), #792 ) ;
#1093 = DIRECTION ( 'NONE',  ( -1.000000000000000000, -0.000000000000000000, 0.000000000000000000 ) ) ;
#1094 = PRESENTATION_LAYER_ASSIGNMENT (  '', '', ( #507 ) ) ;
#1095 = SHAPE_REPRESENTATION ( 'APT2012PGW', ( #3422, #3569, #1769, #1702, #2216 ), #2507 ) ;
#1096 = CARTESIAN_POINT ( 'NONE',  ( -0.8990000000000000213, 0.5250000000000000222, 0.3300000000000000155 ) ) ;
#1097 = MANIFOLD_SOLID_BREP ( 'Imported1', #2684 ) ;
#1098 =( NAMED_UNIT ( * ) PLANE_ANGLE_UNIT ( ) SI_UNIT ( $, .RADIAN. ) );
#1099 = ADVANCED_FACE ( 'NONE', ( #2755 ), #2818, .F. ) ;
#1100 = ORIENTED_EDGE ( 'NONE', *, *, #2306, .T. ) ;
#1101 =( GEOMETRIC_REPRESENTATION_CONTEXT ( 3 ) GLOBAL_UNCERTAINTY_ASSIGNED_CONTEXT ( ( #2168 ) ) GLOBAL_UNIT_ASSIGNED_CONTEXT ( ( #1356, #4346, #3154 ) ) REPRESENTATION_CONTEXT ( 'NONE', 'WORKASPACE' ) );
#1102 = DIRECTION ( 'NONE',  ( 1.000000000000000000, 0.000000000000000000, 0.000000000000000000 ) ) ;
#1103 =( LENGTH_UNIT ( ) NAMED_UNIT ( * ) SI_UNIT ( .MILLI., .METRE. ) );
#1104 = PRESENTATION_LAYER_ASSIGNMENT (  '', '', ( #154 ) ) ;
#1105 = ADVANCED_BREP_SHAPE_REPRESENTATION ( '', ( #1097, #4589 ), #1163 ) ;
#1106 = STYLED_ITEM ( 'NONE', ( #4267 ), #4 ) ;
#1107 = ADVANCED_FACE ( 'NONE', ( #2864 ), #1075, .F. ) ;
#1108 = CIRCLE ( 'NONE', #4362, 0.02000000000000008021 ) ;
#1109 = CARTESIAN_POINT ( 'NONE',  ( 0.7990000000000000435, -0.5250000000000000222, 0.02000000000000000042 ) ) ;
#1110 = LINE ( 'NONE', #3676, #2820 ) ;
#1111 = FILL_AREA_STYLE_COLOUR ( '', #3511 ) ;
#1112 = MECHANICAL_DESIGN_GEOMETRIC_PRESENTATION_REPRESENTATION (  '', ( #1489 ), #1419 ) ;
#1113 = DIRECTION ( 'NONE',  ( 4.611473240305010089E-15, -1.000000000000000000, 0.000000000000000000 ) ) ;
#1114 = ORIENTED_EDGE ( 'NONE', *, *, #4204, .F. ) ;
#1115 =( GEOMETRIC_REPRESENTATION_CONTEXT ( 3 ) GLOBAL_UNCERTAINTY_ASSIGNED_CONTEXT ( ( #1551 ) ) GLOBAL_UNIT_ASSIGNED_CONTEXT ( ( #861, #1224, #822 ) ) REPRESENTATION_CONTEXT ( 'NONE', 'WORKASPACE' ) );
#1116 = ORIENTED_EDGE ( 'NONE', *, *, #4500, .F. ) ;
#1117 = EDGE_CURVE ( 'NONE', #1616, #83, #3996, .T. ) ;
#1118 = MECHANICAL_DESIGN_GEOMETRIC_PRESENTATION_REPRESENTATION (  '', ( #165 ), #797 ) ;
#1119 = DIRECTION ( 'NONE',  ( -0.9950371902099892640, 0.000000000000000000, 0.09950371902099769406 ) ) ;
#1120 = SHAPE_DEFINITION_REPRESENTATION ( #64, #1908 ) ;
#1121 = SURFACE_STYLE_USAGE ( .BOTH. , #1068 ) ;
#1122 =( NAMED_UNIT ( * ) PLANE_ANGLE_UNIT ( ) SI_UNIT ( $, .RADIAN. ) );
#1123 =( NAMED_UNIT ( * ) PLANE_ANGLE_UNIT ( ) SI_UNIT ( $, .RADIAN. ) );
#1124 = SURFACE_STYLE_FILL_AREA ( #401 ) ;
#1125 = DIRECTION ( 'NONE',  ( 0.000000000000000000, 0.000000000000000000, 1.000000000000000000 ) ) ;
#1126 = CARTESIAN_POINT ( 'NONE',  ( -0.8000000000000000444, 0.6250000000000000000, 0.1749999999999999889 ) ) ;
#1127 = DIRECTION ( 'NONE',  ( 0.000000000000000000, -1.000000000000000000, 0.000000000000000000 ) ) ;
#1128 = DIRECTION ( 'NONE',  ( 0.000000000000000000, 0.000000000000000000, -1.000000000000000000 ) ) ;
#1129 = PRESENTATION_STYLE_ASSIGNMENT (( #1860 ) ) ;
#1130 = EDGE_CURVE ( 'NONE', #3776, #1508, #1482, .T. ) ;
#1131 = ORIENTED_EDGE ( 'NONE', *, *, #1633, .F. ) ;
#1132 = CARTESIAN_POINT ( 'NONE',  ( -0.8990000000000000213, 0.5250000000000000222, 0.3499999999999999778 ) ) ;
#1133 = CARTESIAN_POINT ( 'NONE',  ( -0.8990000000000000213, -0.5250000000000000222, 0.3499999999999999778 ) ) ;
#1134 = SURFACE_STYLE_FILL_AREA ( #3274 ) ;
#1135 = EDGE_CURVE ( 'NONE', #2941, #2327, #761, .T. ) ;
#1136 = CARTESIAN_POINT ( 'NONE',  ( -0.02038303522603919851, 0.5999999999999999778, 0.000000000000000000 ) ) ;
#1137 = VERTEX_POINT ( 'NONE', #346 ) ;
#1138 = ORIENTED_EDGE ( 'NONE', *, *, #1692, .F. ) ;
#1139 = CIRCLE ( 'NONE', #1746, 0.01999999999999999695 ) ;
#1140 = VECTOR ( 'NONE', #1235, 1000.000000000000000 ) ;
#1141 = CARTESIAN_POINT ( 'NONE',  ( 0.8990000000000010205, 0.5250000000000000222, 0.3499999999999999778 ) ) ;
#1142 = ORIENTED_EDGE ( 'NONE', *, *, #2879, .F. ) ;
#1143 = DIRECTION ( 'NONE',  ( 0.000000000000000000, 0.000000000000000000, 1.000000000000000000 ) ) ;
#1144 = LINE ( 'NONE', #3641, #698 ) ;
#1145 = LINE ( 'NONE', #2859, #1009 ) ;
#1146 = DIRECTION ( 'NONE',  ( 0.000000000000000000, -0.000000000000000000, 1.000000000000000000 ) ) ;
#1147 = EDGE_LOOP ( 'NONE', ( #2091, #2203, #2525, #4405 ) ) ;
#1148 = CARTESIAN_POINT ( 'NONE',  ( 0.5989999999999999769, 0.5250000000000000222, 0.000000000000000000 ) ) ;
#1149 =( GEOMETRIC_REPRESENTATION_CONTEXT ( 3 ) GLOBAL_UNCERTAINTY_ASSIGNED_CONTEXT ( ( #2771 ) ) GLOBAL_UNIT_ASSIGNED_CONTEXT ( ( #3392, #2005, #2387 ) ) REPRESENTATION_CONTEXT ( 'NONE', 'WORKASPACE' ) );
#1150 = FACE_OUTER_BOUND ( 'NONE', #1691, .T. ) ;
#1151 = FILL_AREA_STYLE_COLOUR ( '', #1171 ) ;
#1152 = PRESENTATION_STYLE_ASSIGNMENT (( #4404 ) ) ;
#1153 = VERTEX_POINT ( 'NONE', #4373 ) ;
#1154 = VERTEX_POINT ( 'NONE', #3198 ) ;
#1155 = VECTOR ( 'NONE', #342, 1000.000000000000000 ) ;
#1156 = EDGE_CURVE ( 'NONE', #4647, #3587, #4284, .T. ) ;
#1157 = CIRCLE ( 'NONE', #2655, 0.001000000000000000238 ) ;
#1158 = CARTESIAN_POINT ( 'NONE',  ( 1.000000000000000000, 0.000000000000000000, 0.000000000000000000 ) ) ;
#1159 =( LENGTH_UNIT ( ) NAMED_UNIT ( * ) SI_UNIT ( .MILLI., .METRE. ) );
#1160 = COLOUR_RGB ( '',0.9607843137254902244, 0.9607843137254902244, 0.9607843137254902244 ) ;
#1161 = APPLICATION_PROTOCOL_DEFINITION ( 'draft international standard', 'automotive_design', 1998, #3100 ) ;
#1162 = FACE_OUTER_BOUND ( 'NONE', #2426, .T. ) ;
#1163 =( GEOMETRIC_REPRESENTATION_CONTEXT ( 3 ) GLOBAL_UNCERTAINTY_ASSIGNED_CONTEXT ( ( #209 ) ) GLOBAL_UNIT_ASSIGNED_CONTEXT ( ( #3816, #1705, #4607 ) ) REPRESENTATION_CONTEXT ( 'NONE', 'WORKASPACE' ) );
#1164 = PRESENTATION_LAYER_ASSIGNMENT (  '', '', ( #863 ) ) ;
#1165 = ADVANCED_BREP_SHAPE_REPRESENTATION ( '', ( #2735, #4589 ), #51 ) ;
#1166 = CARTESIAN_POINT ( 'NONE',  ( 0.5999999999999999778, -0.5250000000000000222, 0.01999999996565750629 ) ) ;
#1167 = LINE ( 'NONE', #3989, #3608 ) ;
#1168 = FACE_OUTER_BOUND ( 'NONE', #1977, .T. ) ;
#1169 = EDGE_CURVE ( 'NONE', #234, #2927, #2178, .T. ) ;
#1170 = STYLED_ITEM ( 'NONE', ( #1859 ), #2180 ) ;
#1171 = COLOUR_RGB ( '',0.9607843137254902244, 0.9607843137254902244, 0.9607843137254902244 ) ;
#1172 = ORIENTED_EDGE ( 'NONE', *, *, #2105, .T. ) ;
#1173 =( NAMED_UNIT ( * ) SI_UNIT ( $, .STERADIAN. ) SOLID_ANGLE_UNIT ( ) );
#1174 = VECTOR ( 'NONE', #2645, 1000.000000000000000 ) ;
#1175 = CARTESIAN_POINT ( 'NONE',  ( 1.400506546653495832, -0.5661026009617703414, 0.4832845350855209943 ) ) ;
#1176 =( LENGTH_UNIT ( ) NAMED_UNIT ( * ) SI_UNIT ( .MILLI., .METRE. ) );
#1177 = STYLED_ITEM ( 'NONE', ( #3267 ), #1107 ) ;
#1178 = COLOUR_RGB ( '',0.8627450980392157298, 0.6274509803921568540, 0.05882352941176470507 ) ;
#1179 = MANIFOLD_SOLID_BREP ( 'Imported1', #888 ) ;
#1180 = DIRECTION ( 'NONE',  ( -0.9950371902099893751, 0.000000000000000000, -0.09950371902099731936 ) ) ;
#1181 = PRESENTATION_STYLE_ASSIGNMENT (( #4431 ) ) ;
#1182 =( NAMED_UNIT ( * ) SI_UNIT ( $, .STERADIAN. ) SOLID_ANGLE_UNIT ( ) );
#1183 = CLOSED_SHELL ( 'NONE', ( #3285, #3979, #3439, #3475, #1071, #724 ) ) ;
#1184 = ORIENTED_EDGE ( 'NONE', *, *, #1260, .F. ) ;
#1185 = ORIENTED_EDGE ( 'NONE', *, *, #4574, .T. ) ;
#1186 = VERTEX_POINT ( 'NONE', #2271 ) ;
#1187 = VECTOR ( 'NONE', #2059, 1000.000000000000000 ) ;
#1188 = MANIFOLD_SOLID_BREP ( 'Imported2', #2599 ) ;
#1189 = CIRCLE ( 'NONE', #1795, 0.02000000000000008021 ) ;
#1190 = PRODUCT_CONTEXT ( 'NONE', #2609, 'mechanical' ) ;
#1191 = CARTESIAN_POINT ( 'NONE',  ( -0.8990000000000000213, -0.5250000000000000222, 0.3299999999790450000 ) ) ;
#1192 = STYLED_ITEM ( 'NONE', ( #29 ), #86 ) ;
#1193 = LINE ( 'NONE', #1944, #1752 ) ;
#1194 = FILL_AREA_STYLE ('',( #3663 ) ) ;
#1195 = DIRECTION ( 'NONE',  ( 0.000000000000000000, 0.000000000000000000, 1.000000000000000000 ) ) ;
#1196 = FILL_AREA_STYLE_COLOUR ( '', #618 ) ;
#1197 = EDGE_CURVE ( 'NONE', #1364, #1616, #1984, .T. ) ;
#1198 = VECTOR ( 'NONE', #832, 1000.000000000000000 ) ;
#1199 = FILL_AREA_STYLE ('',( #1548 ) ) ;
#1200 = ORIENTED_EDGE ( 'NONE', *, *, #764, .F. ) ;
#1201 = LINE ( 'NONE', #4177, #1916 ) ;
#1202 = EDGE_CURVE ( 'NONE', #2756, #3497, #4023, .T. ) ;
#1203 = DIRECTION ( 'NONE',  ( -0.9950371902099893751, 0.000000000000000000, -0.09950371902099731936 ) ) ;
#1204 = DIRECTION ( 'NONE',  ( 0.000000000000000000, -0.000000000000000000, 1.000000000000000000 ) ) ;
#1205 = PLANE ( 'NONE',  #2083 ) ;
#1206 = ORIENTED_EDGE ( 'NONE', *, *, #1210, .T. ) ;
#1207 = LINE ( 'NONE', #3028, #3881 ) ;
#1208 = LINE ( 'NONE', #3699, #2003 ) ;
#1209 = CARTESIAN_POINT ( 'NONE',  ( -0.7990000000000000435, 0.6250000000000000000, 0.3300000000000000155 ) ) ;
#1210 = EDGE_CURVE ( 'NONE', #1366, #4003, #3056, .T. ) ;
#1211 = CARTESIAN_POINT ( 'NONE',  ( 0.5989999999999999769, 0.5250000000000000222, 0.000000000000000000 ) ) ;
#1212 = FACE_OUTER_BOUND ( 'NONE', #4206, .T. ) ;
#1213 = ORIENTED_EDGE ( 'NONE', *, *, #3263, .F. ) ;
#1214 = VERTEX_POINT ( 'NONE', #993 ) ;
#1215 = EDGE_LOOP ( 'NONE', ( #2971, #1184, #2016, #1937 ) ) ;
#1216 = VECTOR ( 'NONE', #2676, 1000.000000000000000 ) ;
#1217 = PLANE ( 'NONE',  #2181 ) ;
#1218 = VERTEX_POINT ( 'NONE', #950 ) ;
#1219 = ITEM_DEFINED_TRANSFORMATION ( 'NONE', 'NONE', #2216,  #4589 ) ;
#1220 = SURFACE_SIDE_STYLE ('',( #3426 ) ) ;
#1221 = DIRECTION ( 'NONE',  ( 0.000000000000000000, -1.000000000000000000, -0.000000000000000000 ) ) ;
#1222 = CARTESIAN_POINT ( 'NONE',  ( -0.8990000000000000213, -0.6239999999999999991, 0.001000000000000082203 ) ) ;
#1223 = CARTESIAN_POINT ( 'NONE',  ( 0.2103693778347558441, -0.5903914063109111376, 0.4641587754021820889 ) ) ;
#1224 =( NAMED_UNIT ( * ) PLANE_ANGLE_UNIT ( ) SI_UNIT ( $, .RADIAN. ) );
#1225 = VECTOR ( 'NONE', #2270, 1000.000000000000000 ) ;
#1226 = SURFACE_SIDE_STYLE ('',( #1697 ) ) ;
#1227 = CARTESIAN_POINT ( 'NONE',  ( -4.163336342344340478E-16, -0.6250000000000000000, 0.01999999999999999695 ) ) ;
#1228 = PRESENTATION_STYLE_ASSIGNMENT (( #4474 ) ) ;
#1229 =( NAMED_UNIT ( * ) PLANE_ANGLE_UNIT ( ) SI_UNIT ( $, .RADIAN. ) );
#1230 = COLOUR_RGB ( '',0.9607843137254902244, 0.9607843137254902244, 0.9607843137254902244 ) ;
#1231 = EDGE_CURVE ( 'NONE', #901, #187, #2391, .T. ) ;
#1232 = LINE ( 'NONE', #2931, #2198 ) ;
#1233 = FILL_AREA_STYLE_COLOUR ( '', #4492 ) ;
#1234 = SURFACE_STYLE_FILL_AREA ( #1981 ) ;
#1235 = DIRECTION ( 'NONE',  ( -0.000000000000000000, -1.000000000000000000, -0.000000000000000000 ) ) ;
#1236 = FILL_AREA_STYLE_COLOUR ( '', #3038 ) ;
#1237 = EDGE_CURVE ( 'NONE', #3633, #2782, #282, .T. ) ;
#1238 = DIRECTION ( 'NONE',  ( 1.000000000000000000, 0.000000000000000000, -0.000000000000000000 ) ) ;
#1239 = COLOUR_RGB ( '',0.9607843137254902244, 0.9607843137254902244, 0.9607843137254902244 ) ;
#1240 = ORIENTED_EDGE ( 'NONE', *, *, #2068, .T. ) ;
#1241 = ORIENTED_EDGE ( 'NONE', *, *, #4402, .F. ) ;
#1242 = CARTESIAN_POINT ( 'NONE',  ( 0.8990000000000000213, -0.6250000000000000000, 0.01999999996565750282 ) ) ;
#1243 = DIRECTION ( 'NONE',  ( -1.000000000000000000, -0.000000000000000000, 0.000000000000000000 ) ) ;
#1244 = EDGE_LOOP ( 'NONE', ( #3637, #3252, #1006, #3777 ) ) ;
#1245 = CARTESIAN_POINT ( 'NONE',  ( 0.2078650730166881067, -0.5567843850175930864, 0.5024402947442963008 ) ) ;
#1246 = SURFACE_STYLE_USAGE ( .BOTH. , #3016 ) ;
#1247 = PRESENTATION_STYLE_ASSIGNMENT (( #1593 ) ) ;
#1248 = FILL_AREA_STYLE_COLOUR ( '', #602 ) ;
#1249 = MECHANICAL_DESIGN_GEOMETRIC_PRESENTATION_REPRESENTATION (  '', ( #3190 ), #3878 ) ;
#1250 = AXIS2_PLACEMENT_3D ( 'NONE', #1789, #3642, #1434 ) ;
#1251 =( LENGTH_UNIT ( ) NAMED_UNIT ( * ) SI_UNIT ( .MILLI., .METRE. ) );
#1252 = ORIENTED_EDGE ( 'NONE', *, *, #1065, .F. ) ;
#1253 = SURFACE_SIDE_STYLE ('',( #1600 ) ) ;
#1254 =( GEOMETRIC_REPRESENTATION_CONTEXT ( 3 ) GLOBAL_UNCERTAINTY_ASSIGNED_CONTEXT ( ( #3095 ) ) GLOBAL_UNIT_ASSIGNED_CONTEXT ( ( #3516, #2731, #956 ) ) REPRESENTATION_CONTEXT ( 'NONE', 'WORKASPACE' ) );
#1255 =( NAMED_UNIT ( * ) SI_UNIT ( $, .STERADIAN. ) SOLID_ANGLE_UNIT ( ) );
#1256 = AXIS2_PLACEMENT_3D ( 'NONE', #2702, #2027, #637 ) ;
#1257 = PLANE ( 'NONE',  #363 ) ;
#1258 = SURFACE_STYLE_USAGE ( .BOTH. , #4502 ) ;
#1259 = VECTOR ( 'NONE', #335, 1000.000000000000000 ) ;
#1260 = EDGE_CURVE ( 'NONE', #3085, #256, #2343, .T. ) ;
#1261 = CARTESIAN_POINT ( 'NONE',  ( 0.05773389333406400009, 0.4886582175577559584, 0.003000000000000000062 ) ) ;
#1262 = CARTESIAN_POINT ( 'NONE',  ( 0.2023680151481447587, 0.5676647748578691477, 0.4888489115435326604 ) ) ;
#1263 = AXIS2_PLACEMENT_3D ( 'NONE', #3208, #2200, #1842 ) ;
#1264 = CARTESIAN_POINT ( 'NONE',  ( 0.9799999999906870984, 0.000000000000000000, 0.3300000000000000155 ) ) ;
#1265 = SURFACE_STYLE_FILL_AREA ( #4512 ) ;
#1266 = CARTESIAN_POINT ( 'NONE',  ( -1.000000000000000000, -0.5250000000000000222, 0.3499999999999999778 ) ) ;
#1267 = CARTESIAN_POINT ( 'NONE',  ( 1.381900248757760297, 0.5657212677060123873, 0.4979496413533679999 ) ) ;
#1268 = ADVANCED_FACE ( 'NONE', ( #4536 ), #194, .T. ) ;
#1269 = COLOUR_RGB ( '',0.8627450980392157298, 0.6274509803921568540, 0.05882352941176470507 ) ;
#1270 = CARTESIAN_POINT ( 'NONE',  ( -0.8990000000000000213, 0.5250000000000000222, 0.02000000000000000042 ) ) ;
#1271 =( GEOMETRIC_REPRESENTATION_CONTEXT ( 3 ) GLOBAL_UNCERTAINTY_ASSIGNED_CONTEXT ( ( #1693 ) ) GLOBAL_UNIT_ASSIGNED_CONTEXT ( ( #434, #2547, #780 ) ) REPRESENTATION_CONTEXT ( 'NONE', 'WORKASPACE' ) );
#1272 = DIRECTION ( 'NONE',  ( 0.09901475429766748437, -0.09901475429766726233, -0.9901475429766743996 ) ) ;
#1273 = PRODUCT ( 'APT2012PGW', 'APT2012PGW', '', ( #1190 ) ) ;
#1274 = CARTESIAN_POINT ( 'NONE',  ( 0.9799999999906870984, -0.6250000000000000000, 0.1749999999999999889 ) ) ;
#1275 = CARTESIAN_POINT ( 'NONE',  ( 0.2073352251421312908, -0.5676647748578690367, 0.4929711200626644696 ) ) ;
#1276 = DIRECTION ( 'NONE',  ( -0.9950371902099893751, 0.000000000000000000, -0.09950371902099731936 ) ) ;
#1277 = VECTOR ( 'NONE', #1993, 1000.000000000000000 ) ;
#1278 = VERTEX_POINT ( 'NONE', #615 ) ;
#1279 = VECTOR ( 'NONE', #573, 1000.000000000000000 ) ;
#1280 = CARTESIAN_POINT ( 'NONE',  ( 0.5999999999999999778, 0.5250000000000000222, 0.3299999999790450000 ) ) ;
#1281 = DIRECTION ( 'NONE',  ( 0.000000000000000000, -1.000000000000000000, 0.000000000000000000 ) ) ;
#1282 = SURFACE_STYLE_USAGE ( .BOTH. , #1878 ) ;
#1283 = DIRECTION ( 'NONE',  ( 1.000000000000000000, 0.000000000000000000, -0.000000000000000000 ) ) ;
#1284 = VECTOR ( 'NONE', #4341, 1000.000000000000000 ) ;
#1285 = CARTESIAN_POINT ( 'NONE',  ( -0.5999999999999999778, 0.000000000000000000, 0.3499999999999999778 ) ) ;
#1286 = DIRECTION ( 'NONE',  ( -0.000000000000000000, 1.000000000000000000, 0.000000000000000000 ) ) ;
#1287 = DIRECTION ( 'NONE',  ( -0.000000000000000000, 1.000000000000000000, 0.000000000000000000 ) ) ;
#1288 = PRESENTATION_STYLE_ASSIGNMENT (( #2346 ) ) ;
#1289 = ADVANCED_FACE ( 'NONE', ( #2010 ), #3464, .F. ) ;
#1290 =( LENGTH_UNIT ( ) NAMED_UNIT ( * ) SI_UNIT ( .MILLI., .METRE. ) );
#1291 =( NAMED_UNIT ( * ) PLANE_ANGLE_UNIT ( ) SI_UNIT ( $, .RADIAN. ) );
#1292 = ORIENTED_EDGE ( 'NONE', *, *, #3467, .F. ) ;
#1293 = ORIENTED_EDGE ( 'NONE', *, *, #4146, .F. ) ;
#1294 = SURFACE_STYLE_USAGE ( .BOTH. , #228 ) ;
#1295 = CARTESIAN_POINT ( 'NONE',  ( 0.8000000000000000444, 0.6250000000000000000, 0.01999999996565748894 ) ) ;
#1296 = EDGE_CURVE ( 'NONE', #4276, #3867, #2486, .T. ) ;
#1297 = LINE ( 'NONE', #4148, #428 ) ;
#1298 = EDGE_CURVE ( 'NONE', #2979, #4638, #35, .T. ) ;
#1299 = ORIENTED_EDGE ( 'NONE', *, *, #2942, .T. ) ;
#1300 = UNCERTAINTY_MEASURE_WITH_UNIT (LENGTH_MEASURE( 1.000000000000000082E-05 ), #406, 'distance_accuracy_value', 'NONE');
#1301 = CARTESIAN_POINT ( 'NONE',  ( -0.8990000000000000213, 0.5250000000000000222, 0.3499999999999999778 ) ) ;
#1302 = DIRECTION ( 'NONE',  ( 0.000000000000000000, 0.000000000000000000, 1.000000000000000000 ) ) ;
#1303 =( NAMED_UNIT ( * ) SI_UNIT ( $, .STERADIAN. ) SOLID_ANGLE_UNIT ( ) );
#1304 = CARTESIAN_POINT ( 'NONE',  ( 0.2180997512422420126, -0.5569002487577580096, 0.4800000000000000377 ) ) ;
#1305 = VECTOR ( 'NONE', #2963, 1000.000000000000000 ) ;
#1306 = LINE ( 'NONE', #1729, #3490 ) ;
#1307 = CARTESIAN_POINT ( 'NONE',  ( 1.000000000000000000, 0.6250000000000000000, 0.1749999999999999889 ) ) ;
#1308 = ORIENTED_EDGE ( 'NONE', *, *, #4174, .T. ) ;
#1309 = LINE ( 'NONE', #1912, #3140 ) ;
#1310 = PRESENTATION_LAYER_ASSIGNMENT (  '', '', ( #4258 ) ) ;
#1312 = VERTEX_POINT ( 'NONE', #662 ) ;
#1311 = CARTESIAN_POINT ( 'NONE',  ( 1.402069346971287489, 0.5567843850175927534, 0.4941958777060325714 ) ) ;
#1313 = ORIENTED_EDGE ( 'NONE', *, *, #1210, .F. ) ;
#1314 = CARTESIAN_POINT ( 'NONE',  ( 0.8990000000000000213, 0.5250000000000000222, 0.000000000000000000 ) ) ;
#1315 = CARTESIAN_POINT ( 'NONE',  ( 0.5999999999999999778, 0.000000000000000000, 0.3499999999999999778 ) ) ;
#1316 = MECHANICAL_DESIGN_GEOMETRIC_PRESENTATION_REPRESENTATION (  '', ( #4644 ), #1149 ) ;
#1317 = VERTEX_POINT ( 'NONE', #722 ) ;
#1318 = FILL_AREA_STYLE ('',( #3833 ) ) ;
#1319 = ORIENTED_EDGE ( 'NONE', *, *, #3258, .F. ) ;
#1320 = EDGE_CURVE ( 'NONE', #1342, #627, #2505, .T. ) ;
#1321 = DIRECTION ( 'NONE',  ( 0.000000000000000000, 0.000000000000000000, 1.000000000000000000 ) ) ;
#1322 =( BOUNDED_CURVE ( )  B_SPLINE_CURVE ( 3, ( #4327, #3590, #3630, #3931 ),
 .UNSPECIFIED., .F., .T. ) 
 B_SPLINE_CURVE_WITH_KNOTS ( ( 4, 4 ),
 ( 5.502737719717725184, 7.063632894641441951 ),
 .UNSPECIFIED. ) 
 CURVE ( )  GEOMETRIC_REPRESENTATION_ITEM ( )  RATIONAL_B_SPLINE_CURVE ( ( 1.000000000000000000, 0.8070657918415364840, 0.8070657918415364840, 1.000000000000000000 ) ) 
 REPRESENTATION_ITEM ( '' )  );
#1323 = UNCERTAINTY_MEASURE_WITH_UNIT (LENGTH_MEASURE( 1.000000000000000082E-05 ), #3077, 'distance_accuracy_value', 'NONE');
#1324 = ORIENTED_EDGE ( 'NONE', *, *, #2621, .F. ) ;
#1325 = EDGE_CURVE ( 'NONE', #1011, #901, #2081, .T. ) ;
#1326 = DIRECTION ( 'NONE',  ( 0.000000000000000000, 1.000000000000000000, 0.000000000000000000 ) ) ;
#1327 =( LENGTH_UNIT ( ) NAMED_UNIT ( * ) SI_UNIT ( .MILLI., .METRE. ) );
#1328 = SURFACE_SIDE_STYLE ('',( #4579 ) ) ;
#1329 = CARTESIAN_POINT ( 'NONE',  ( 0.8990000000000000213, 0.6239999999999999991, 0.0009999999999998803249 ) ) ;
#1330 = CARTESIAN_POINT ( 'NONE',  ( 0.8990000000000000213, -0.5250000000000000222, 0.01999999996565750976 ) ) ;
#1331 = PRESENTATION_LAYER_ASSIGNMENT (  '', '', ( #499 ) ) ;
#1332 = VECTOR ( 'NONE', #1759, 1000.000000000000000 ) ;
#1333 = CARTESIAN_POINT ( 'NONE',  ( 1.390099490434286267, -0.5455037949345247217, 0.5090158066947563231 ) ) ;
#1334 = FILL_AREA_STYLE ('',( #2040 ) ) ;
#1335 = MECHANICAL_DESIGN_GEOMETRIC_PRESENTATION_REPRESENTATION (  '', ( #2746 ), #1254 ) ;
#1336 = VECTOR ( 'NONE', #509, 1000.000000000000000 ) ;
#1337 = ORIENTED_EDGE ( 'NONE', *, *, #2627, .F. ) ;
#1338 = VERTEX_POINT ( 'NONE', #3886 ) ;
#1339 =( LENGTH_UNIT ( ) NAMED_UNIT ( * ) SI_UNIT ( .MILLI., .METRE. ) );
#1340 = DIRECTION ( 'NONE',  ( -0.000000000000000000, 1.000000000000000000, 0.000000000000000000 ) ) ;
#1341 = LINE ( 'NONE', #674, #3051 ) ;
#1342 = VERTEX_POINT ( 'NONE', #17 ) ;
#1343 = DIRECTION ( 'NONE',  ( -1.000000000000000000, -0.000000000000000000, 2.081668171172169992E-16 ) ) ;
#1344 = STYLED_ITEM ( 'NONE', ( #3309 ), #1179 ) ;
#1345 = ORIENTED_EDGE ( 'NONE', *, *, #4111, .F. ) ;
#1346 = ORIENTED_EDGE ( 'NONE', *, *, #1671, .T. ) ;
#1347 = CARTESIAN_POINT ( 'NONE',  ( 0.2180997512422420403, -0.5657212677060122763, 0.4979496413533679999 ) ) ;
#1348 = VECTOR ( 'NONE', #4561, 1000.000000000000000 ) ;
#1349 = FILL_AREA_STYLE ('',( #4599 ) ) ;
#1350 = FACE_OUTER_BOUND ( 'NONE', #878, .T. ) ;
#1351 = CARTESIAN_POINT ( 'NONE',  ( -0.8990000000000000213, -0.5250000000000000222, 0.3499999999999999778 ) ) ;
#1352 =( GEOMETRIC_REPRESENTATION_CONTEXT ( 3 ) GLOBAL_UNCERTAINTY_ASSIGNED_CONTEXT ( ( #3937 ) ) GLOBAL_UNIT_ASSIGNED_CONTEXT ( ( #4009, #790, #447 ) ) REPRESENTATION_CONTEXT ( 'NONE', 'WORKASPACE' ) );
#1353 = ADVANCED_FACE ( 'NONE', ( #4307 ), #2174, .T. ) ;
#1354 = FILL_AREA_STYLE ('',( #281 ) ) ;
#1355 = EDGE_CURVE ( 'NONE', #671, #2396, #3170, .T. ) ;
#1356 =( LENGTH_UNIT ( ) NAMED_UNIT ( * ) SI_UNIT ( .MILLI., .METRE. ) );
#1357 = ORIENTED_EDGE ( 'NONE', *, *, #370, .F. ) ;
#1359 = VECTOR ( 'NONE', #2302, 1000.000000000000000 ) ;
#1358 = SURFACE_SIDE_STYLE ('',( #2062 ) ) ;
#1360 = DIRECTION ( 'NONE',  ( 1.000000000000000000, 0.000000000000000000, -1.122400076403130121E-16 ) ) ;
#1361 = CARTESIAN_POINT ( 'NONE',  ( 1.387697564863884292, 0.5676647748578689257, 0.4970933285817963898 ) ) ;
#1362 = MECHANICAL_DESIGN_GEOMETRIC_PRESENTATION_REPRESENTATION (  '', ( #1871 ), #1950 ) ;
#1363 = CARTESIAN_POINT ( 'NONE',  ( -0.8990000000000000213, -0.6250000000000000000, 0.1749999999999999889 ) ) ;
#1364 = VERTEX_POINT ( 'NONE', #1029 ) ;
#1365 = DIRECTION ( 'NONE',  ( 0.000000000000000000, 0.000000000000000000, 1.000000000000000000 ) ) ;
#1366 = VERTEX_POINT ( 'NONE', #1096 ) ;
#1367 = ORIENTED_EDGE ( 'NONE', *, *, #4042, .F. ) ;
#1368 = LINE ( 'NONE', #2740, #4563 ) ;
#1369 = UNCERTAINTY_MEASURE_WITH_UNIT (LENGTH_MEASURE( 1.000000000000000082E-05 ), #1176, 'distance_accuracy_value', 'NONE');
#1370 = FACE_OUTER_BOUND ( 'NONE', #760, .T. ) ;
#1371 = SURFACE_STYLE_USAGE ( .BOTH. , #4629 ) ;
#1372 = CARTESIAN_POINT ( 'NONE',  ( 0.8000000000000000444, 0.6250000000000000000, 0.1749999999999999889 ) ) ;
#1373 = ADVANCED_FACE ( 'NONE', ( #1455 ), #2468, .T. ) ;
#1374 = FACE_OUTER_BOUND ( 'NONE', #1215, .T. ) ;
#1375 = CARTESIAN_POINT ( 'NONE',  ( 0.8990000000000000213, -0.5250000000000000222, 0.000000000000000000 ) ) ;
#1376 = STYLED_ITEM ( 'NONE', ( #3347 ), #3209 ) ;
#1377 = DIRECTION ( 'NONE',  ( 0.000000000000000000, 0.000000000000000000, -1.000000000000000000 ) ) ;
#1378 = ORIENTED_EDGE ( 'NONE', *, *, #486, .F. ) ;
#1379 = ADVANCED_FACE ( 'NONE', ( #1833 ), #846, .T. ) ;
#1380 = VERTEX_POINT ( 'NONE', #3689 ) ;
#1381 = STYLED_ITEM ( 'NONE', ( #1247 ), #3550 ) ;
#1382 = LINE ( 'NONE', #2790, #8 ) ;
#1383 = LINE ( 'NONE', #2115, #4200 ) ;
#1384 = PLANE ( 'NONE',  #4119 ) ;
#1385 = ORIENTED_EDGE ( 'NONE', *, *, #4570, .T. ) ;
#1386 =( GEOMETRIC_REPRESENTATION_CONTEXT ( 3 ) GLOBAL_UNCERTAINTY_ASSIGNED_CONTEXT ( ( #1063 ) ) GLOBAL_UNIT_ASSIGNED_CONTEXT ( ( #264, #2753, #2416 ) ) REPRESENTATION_CONTEXT ( 'NONE', 'WORKASPACE' ) );
#1387 = CARTESIAN_POINT ( 'NONE',  ( 1.430099256195803248, -0.6250000000000002220, 0.000000000000000000 ) ) ;
#1388 = CARTESIAN_POINT ( 'NONE',  ( 0.8990000000000000213, -0.5250000000000000222, 0.3499999999999999778 ) ) ;
#1389 = VERTEX_POINT ( 'NONE', #429 ) ;
#1390 = LINE ( 'NONE', #2798, #659 ) ;
#1391 = CARTESIAN_POINT ( 'NONE',  ( 1.387697564863884958, -0.5676647748578688146, 0.4970933285817966674 ) ) ;
#1392 = STYLED_ITEM ( 'NONE', ( #583 ), #2683 ) ;
#1393 = PRODUCT_DEFINITION_FORMATION_WITH_SPECIFIED_SOURCE ( 'ANY', '', #1273, .NOT_KNOWN. ) ;
#1394 = SURFACE_SIDE_STYLE ('',( #1076 ) ) ;
#1395 = EDGE_CURVE ( 'NONE', #4638, #558, #799, .T. ) ;
#1396 = FILL_AREA_STYLE ('',( #1753 ) ) ;
#1397 = VECTOR ( 'NONE', #3775, 1000.000000000000000 ) ;
#1398 = CARTESIAN_POINT ( 'NONE',  ( 0.9799999999906870984, -0.6250000000000000000, 0.1749999999999999889 ) ) ;
#1399 = ORIENTED_EDGE ( 'NONE', *, *, #1946, .F. ) ;
#1400 = PLANE ( 'NONE',  #1564 ) ;
#1401 = VECTOR ( 'NONE', #197, 1000.000000000000000 ) ;
#1402 =( GEOMETRIC_REPRESENTATION_CONTEXT ( 3 ) GLOBAL_UNCERTAINTY_ASSIGNED_CONTEXT ( ( #3303 ) ) GLOBAL_UNIT_ASSIGNED_CONTEXT ( ( #897, #2652, #4542 ) ) REPRESENTATION_CONTEXT ( 'NONE', 'WORKASPACE' ) );
#1403 = EDGE_CURVE ( 'NONE', #4088, #1460, #1556, .T. ) ;
#1404 = VECTOR ( 'NONE', #152, 1000.000000000000000 ) ;
#1405 = CARTESIAN_POINT ( 'NONE',  ( -0.9799999999906870984, 0.6250000000000000000, 0.3299999999790450000 ) ) ;
#1406 = ORIENTED_EDGE ( 'NONE', *, *, #402, .F. ) ;
#1407 = VERTEX_POINT ( 'NONE', #3315 ) ;
#1408 = UNCERTAINTY_MEASURE_WITH_UNIT (LENGTH_MEASURE( 1.000000000000000082E-05 ), #2133, 'distance_accuracy_value', 'NONE');
#1409 = MECHANICAL_DESIGN_GEOMETRIC_PRESENTATION_REPRESENTATION (  '', ( #1929 ), #2907 ) ;
#1410 = UNCERTAINTY_MEASURE_WITH_UNIT (LENGTH_MEASURE( 1.000000000000000082E-05 ), #472, 'distance_accuracy_value', 'NONE');
#1411 = FILL_AREA_STYLE_COLOUR ( '', #3350 ) ;
#1412 = COLOUR_RGB ( '',0.8588235294117646523, 1.000000000000000000, 0.000000000000000000 ) ;
#1413 = DIRECTION ( 'NONE',  ( 0.000000000000000000, 0.000000000000000000, 1.000000000000000000 ) ) ;
#1414 = VECTOR ( 'NONE', #4181, 1000.000000000000000 ) ;
#1415 = CARTESIAN_POINT ( 'NONE',  ( 1.383260202744455158, -0.5785451646981449869, 0.4917463624192969784 ) ) ;
#1416 = FILL_AREA_STYLE ('',( #1053 ) ) ;
#1417 = FACE_OUTER_BOUND ( 'NONE', #2767, .T. ) ;
#1418 = DIRECTION ( 'NONE',  ( 0.000000000000000000, -0.000000000000000000, -1.000000000000000000 ) ) ;
#1419 =( GEOMETRIC_REPRESENTATION_CONTEXT ( 3 ) GLOBAL_UNCERTAINTY_ASSIGNED_CONTEXT ( ( #4255 ) ) GLOBAL_UNIT_ASSIGNED_CONTEXT ( ( #78, #2207, #2170 ) ) REPRESENTATION_CONTEXT ( 'NONE', 'WORKASPACE' ) );
#1420 = FILL_AREA_STYLE ('',( #90 ) ) ;
#1421 = ORIENTED_EDGE ( 'NONE', *, *, #3781, .T. ) ;
#1422 = STYLED_ITEM ( 'NONE', ( #548 ), #4199 ) ;
#1423 = VERTEX_POINT ( 'NONE', #2543 ) ;
#1424 = DIRECTION ( 'NONE',  ( -1.000000000000000000, 4.891268414762930327E-16, 0.000000000000000000 ) ) ;
#1425 = PLANE ( 'NONE',  #2825 ) ;
#1426 = FACE_OUTER_BOUND ( 'NONE', #4057, .T. ) ;
#1427 = MECHANICAL_DESIGN_GEOMETRIC_PRESENTATION_REPRESENTATION (  '', ( #3072 ), #3907 ) ;
#1428 = EDGE_LOOP ( 'NONE', ( #3580, #43, #4271, #3796, #3251, #837, #317, #1131 ) ) ;
#1429 = ORIENTED_EDGE ( 'NONE', *, *, #297, .F. ) ;
#1430 = EDGE_CURVE ( 'NONE', #4625, #344, #2101, .T. ) ;
#1431 = FILL_AREA_STYLE_COLOUR ( '', #2309 ) ;
#1432 =( NAMED_UNIT ( * ) PLANE_ANGLE_UNIT ( ) SI_UNIT ( $, .RADIAN. ) );
#1433 = DIRECTION ( 'NONE',  ( -1.000000000000000000, -0.000000000000000000, 0.000000000000000000 ) ) ;
#1434 = DIRECTION ( 'NONE',  ( 1.000000000000000000, 0.000000000000000000, -0.000000000000000000 ) ) ;
#1435 = EDGE_CURVE ( 'NONE', #233, #4315, #3003, .T. ) ;
#1436 = SURFACE_SIDE_STYLE ('',( #385 ) ) ;
#1437 = DIRECTION ( 'NONE',  ( 1.000000000000000000, 0.000000000000000000, -2.081668171172169992E-16 ) ) ;
#1438 = FILL_AREA_STYLE_COLOUR ( '', #4002 ) ;
#1439 = CARTESIAN_POINT ( 'NONE',  ( 1.375949355845397015, 0.5633119185870445467, 0.4979854764614619067 ) ) ;
#1440 = ORIENTED_EDGE ( 'NONE', *, *, #2004, .F. ) ;
#1441 = AXIS2_PLACEMENT_3D ( 'NONE', #865, #3391, #829 ) ;
#1442 = SURFACE_SIDE_STYLE ('',( #2898 ) ) ;
#1443 =( LENGTH_UNIT ( ) NAMED_UNIT ( * ) SI_UNIT ( .MILLI., .METRE. ) );
#1444 = ORIENTED_EDGE ( 'NONE', *, *, #4146, .T. ) ;
#1445 = VERTEX_POINT ( 'NONE', #777 ) ;
#1446 = FILL_AREA_STYLE ('',( #769 ) ) ;
#1447 = FILL_AREA_STYLE_COLOUR ( '', #2166 ) ;
#1448 = UNCERTAINTY_MEASURE_WITH_UNIT (LENGTH_MEASURE( 1.000000000000000082E-05 ), #4452, 'distance_accuracy_value', 'NONE');
#1449 = ORIENTED_EDGE ( 'NONE', *, *, #1237, .T. ) ;
#1450 = DIRECTION ( 'NONE',  ( 0.000000000000000000, 0.000000000000000000, 1.000000000000000000 ) ) ;
#1451 = EDGE_CURVE ( 'NONE', #83, #1775, #3264, .T. ) ;
#1452 = PLANE ( 'NONE',  #2490 ) ;
#1453 = COLOUR_RGB ( '',0.4745098039215686070, 0.6470588235294117974, 0.3098039215686274606 ) ;
#1454 = EDGE_CURVE ( 'NONE', #1137, #2867, #162, .T. ) ;
#1455 = FACE_OUTER_BOUND ( 'NONE', #4384, .T. ) ;
#1456 = ORIENTED_EDGE ( 'NONE', *, *, #164, .T. ) ;
#1457 = CARTESIAN_POINT ( 'NONE',  ( -0.8990000000000000213, 0.5250000000000000222, 0.3499999999999999778 ) ) ;
#1458 = EDGE_CURVE ( 'NONE', #1154, #233, #58, .T. ) ;
#1459 = CARTESIAN_POINT ( 'NONE',  ( 1.375949355845397459, 0.5633119185870444356, 0.4979854764614616847 ) ) ;
#1460 = VERTEX_POINT ( 'NONE', #2596 ) ;
#1461 = STYLED_ITEM ( 'NONE', ( #4157 ), #1665 ) ;
#1462 =( NAMED_UNIT ( * ) SI_UNIT ( $, .STERADIAN. ) SOLID_ANGLE_UNIT ( ) );
#1463 = EDGE_LOOP ( 'NONE', ( #1774, #3120, #2697, #3219 ) ) ;
#1464 = CARTESIAN_POINT ( 'NONE',  ( 0.8000000000000000444, 0.000000000000000000, 0.000000000000000000 ) ) ;
#1465 =( GEOMETRIC_REPRESENTATION_CONTEXT ( 3 ) GLOBAL_UNCERTAINTY_ASSIGNED_CONTEXT ( ( #1323 ) ) GLOBAL_UNIT_ASSIGNED_CONTEXT ( ( #3077, #1700, #4602 ) ) REPRESENTATION_CONTEXT ( 'NONE', 'WORKASPACE' ) );
#1466 = DIRECTION ( 'NONE',  ( -1.000000000000000000, 0.000000000000000000, -0.000000000000000000 ) ) ;
#1467 =( NAMED_UNIT ( * ) SI_UNIT ( $, .STERADIAN. ) SOLID_ANGLE_UNIT ( ) );
#1468 = SURFACE_STYLE_USAGE ( .BOTH. , #1819 ) ;
#1469 = ORIENTED_EDGE ( 'NONE', *, *, #2890, .F. ) ;
#1470 = AXIS2_PLACEMENT_3D ( 'NONE', #2367, #3771, #3491 ) ;
#1471 = ORIENTED_EDGE ( 'NONE', *, *, #679, .F. ) ;
#1472 = SURFACE_SIDE_STYLE ('',( #418 ) ) ;
#1473 = VECTOR ( 'NONE', #852, 1000.000000000000000 ) ;
#1474 = DIRECTION ( 'NONE',  ( -1.000000000000000000, 5.967448757360210488E-16, 0.000000000000000000 ) ) ;
#1475 = SURFACE_SIDE_STYLE ('',( #4367 ) ) ;
#1476 = CARTESIAN_POINT ( 'NONE',  ( 0.8990000000000000213, -0.5250000000000000222, 0.000000000000000000 ) ) ;
#1477 = PRESENTATION_LAYER_ASSIGNMENT (  '', '', ( #1177 ) ) ;
#1478 = DIRECTION ( 'NONE',  ( 1.000000000000000000, 0.000000000000000000, -1.122400076403130121E-16 ) ) ;
#1479 = SURFACE_SIDE_STYLE ('',( #4394 ) ) ;
#1480 = ADVANCED_FACE ( 'NONE', ( #3336 ), #132, .F. ) ;
#1481 = STYLED_ITEM ( 'NONE', ( #1808 ), #1373 ) ;
#1482 = LINE ( 'NONE', #2130, #4207 ) ;
#1483 = DIRECTION ( 'NONE',  ( 0.000000000000000000, 1.000000000000000000, 0.000000000000000000 ) ) ;
#1484 = AXIS2_PLACEMENT_3D ( 'NONE', #2435, #2044, #3573 ) ;
#1485 = ORIENTED_EDGE ( 'NONE', *, *, #3529, .F. ) ;
#1486 = CARTESIAN_POINT ( 'NONE',  ( 0.2180997512422420403, 0.5569002487577580096, 0.4800000000000000377 ) ) ;
#1487 = VECTOR ( 'NONE', #2099, 1000.000000000000000 ) ;
#1488 = LINE ( 'NONE', #4313, #296 ) ;
#1489 = STYLED_ITEM ( 'NONE', ( #3510 ), #159 ) ;
#1490 = ORIENTED_EDGE ( 'NONE', *, *, #1065, .T. ) ;
#1491 = PRESENTATION_LAYER_ASSIGNMENT (  '', '', ( #4135 ) ) ;
#1492 = VERTEX_POINT ( 'NONE', #1976 ) ;
#1493 =( NAMED_UNIT ( * ) PLANE_ANGLE_UNIT ( ) SI_UNIT ( $, .RADIAN. ) );
#1494 = PRODUCT_CONTEXT ( 'NONE', #1996, 'mechanical' ) ;
#1495 = CARTESIAN_POINT ( 'NONE',  ( 0.9625000000000000222, 0.5569002487577580096, 0.5000000000000000000 ) ) ;
#1496 = ADVANCED_BREP_SHAPE_REPRESENTATION ( '', ( #1179, #1188, #4589 ), #3036 ) ;
#1497 = SURFACE_STYLE_FILL_AREA ( #2522 ) ;
#1498 =( NAMED_UNIT ( * ) SI_UNIT ( $, .STERADIAN. ) SOLID_ANGLE_UNIT ( ) );
#1499 = PRODUCT_DEFINITION_CONTEXT ( 'detailed design', #3248, 'design' ) ;
#1500 = FILL_AREA_STYLE_COLOUR ( '', #3546 ) ;
#1501 = CARTESIAN_POINT ( 'NONE',  ( -1.000000000000000000, 0.5250000000000000222, 0.3499999999999999778 ) ) ;
#1502 = EDGE_CURVE ( 'NONE', #3069, #1338, #2311, .T. ) ;
#1503 = PRODUCT_DEFINITION ( 'UNKNOWN', '', #1393, #4559 ) ;
#1504 = LINE ( 'NONE', #2938, #3351 ) ;
#1505 = UNCERTAINTY_MEASURE_WITH_UNIT (LENGTH_MEASURE( 1.000000000000000082E-05 ), #520, 'distance_accuracy_value', 'NONE');
#1506 = EDGE_CURVE ( 'NONE', #2129, #3270, #2340, .T. ) ;
#1507 = VERTEX_POINT ( 'NONE', #1280 ) ;
#1508 = VERTEX_POINT ( 'NONE', #967 ) ;
#1509 = ORIENTED_EDGE ( 'NONE', *, *, #578, .F. ) ;
#1510 = VECTOR ( 'NONE', #2341, 1000.000000000000000 ) ;
#1511 = MECHANICAL_DESIGN_GEOMETRIC_PRESENTATION_REPRESENTATION (  '', ( #1376 ), #560 ) ;
#1512 = LINE ( 'NONE', #3212, #2002 ) ;
#1513 = SHAPE_DEFINITION_REPRESENTATION ( #1645, #3227 ) ;
#1514 = DIRECTION ( 'NONE',  ( -0.000000000000000000, 1.000000000000000000, 0.000000000000000000 ) ) ;
#1515 = VECTOR ( 'NONE', #3655, 1000.000000000000114 ) ;
#1516 = CARTESIAN_POINT ( 'NONE',  ( -0.5989999999999999769, -0.5250000000000000222, 0.01999999996565751670 ) ) ;
#1517 =( NAMED_UNIT ( * ) PLANE_ANGLE_UNIT ( ) SI_UNIT ( $, .RADIAN. ) );
#1518 = SURFACE_STYLE_FILL_AREA ( #157 ) ;
#1519 = CARTESIAN_POINT ( 'NONE',  ( 0.5000000000000000000, -0.6239999999999999991, 0.0009999999999999249940 ) ) ;
#1520 = ORIENTED_EDGE ( 'NONE', *, *, #4210, .F. ) ;
#1521 = CARTESIAN_POINT ( 'NONE',  ( -1.000000000000000000, 0.6239999999999999991, 0.3499999999999999778 ) ) ;
#1522 = PRESENTATION_LAYER_ASSIGNMENT (  '', '', ( #201 ) ) ;
#1523 = FILL_AREA_STYLE ('',( #1500 ) ) ;
#1524 = SURFACE_SIDE_STYLE ('',( #831 ) ) ;
#1525 = LINE ( 'NONE', #508, #1473 ) ;
#1526 = SURFACE_STYLE_FILL_AREA ( #1609 ) ;
#1527 = CARTESIAN_POINT ( 'NONE',  ( 0.8990000000000000213, 0.6239999999999999991, -5.992758101824174899E-17 ) ) ;
#1528 =( LENGTH_UNIT ( ) NAMED_UNIT ( * ) SI_UNIT ( .MILLI., .METRE. ) );
#1529 = PRESENTATION_STYLE_ASSIGNMENT (( #120 ) ) ;
#1530 = CARTESIAN_POINT ( 'NONE',  ( 1.450000000000002176, -0.6050992561958002947, -1.355252715606880543E-17 ) ) ;
#1531 = ORIENTED_EDGE ( 'NONE', *, *, #2288, .T. ) ;
#1532 = ORIENTED_EDGE ( 'NONE', *, *, #1877, .F. ) ;
#1533 = MECHANICAL_DESIGN_GEOMETRIC_PRESENTATION_REPRESENTATION (  '', ( #1766 ), #3938 ) ;
#1534 = EDGE_CURVE ( 'NONE', #3484, #407, #2723, .T. ) ;
#1535 =( NAMED_UNIT ( * ) SI_UNIT ( $, .STERADIAN. ) SOLID_ANGLE_UNIT ( ) );
#1536 = ORIENTED_EDGE ( 'NONE', *, *, #1156, .T. ) ;
#1537 = MECHANICAL_DESIGN_GEOMETRIC_PRESENTATION_REPRESENTATION (  '', ( #3341 ), #133 ) ;
#1538 = LINE ( 'NONE', #2615, #1279 ) ;
#1539 = ADVANCED_FACE ( 'NONE', ( #4498 ), #2382, .T. ) ;
#1540 = CARTESIAN_POINT ( 'NONE',  ( 0.8000000000000000444, 0.000000000000000000, 0.5000000000000000000 ) ) ;
#1541 = DIRECTION ( 'NONE',  ( -0.000000000000000000, 0.000000000000000000, 1.000000000000000000 ) ) ;
#1542 = SURFACE_SIDE_STYLE ('',( #2664 ) ) ;
#1543 = COLOUR_RGB ( '',0.9607843137254902244, 0.9607843137254902244, 0.9607843137254902244 ) ;
#1544 = EDGE_CURVE ( 'NONE', #3115, #4464, #280, .T. ) ;
#1545 = PRESENTATION_LAYER_ASSIGNMENT (  '', '', ( #1170 ) ) ;
#1546 = VECTOR ( 'NONE', #390, 1000.000000000000000 ) ;
#1547 = STYLED_ITEM ( 'NONE', ( #730 ), #3179 ) ;
#1548 = FILL_AREA_STYLE_COLOUR ( '', #3199 ) ;
#1549 = DIRECTION ( 'NONE',  ( 1.000000000000000000, 0.000000000000000000, -0.000000000000000000 ) ) ;
#1550 = VECTOR ( 'NONE', #495, 1000.000000000000000 ) ;
#1551 = UNCERTAINTY_MEASURE_WITH_UNIT (LENGTH_MEASURE( 1.000000000000000082E-05 ), #861, 'distance_accuracy_value', 'NONE');
#1552 = DIRECTION ( 'NONE',  ( -1.000000000000000000, -0.000000000000000000, -0.000000000000000000 ) ) ;
#1553 = COLOUR_RGB ( '',0.9607843137254902244, 0.9607843137254902244, 0.9607843137254902244 ) ;
#1554 = LINE ( 'NONE', #1582, #2781 ) ;
#1555 =( NAMED_UNIT ( * ) SI_UNIT ( $, .STERADIAN. ) SOLID_ANGLE_UNIT ( ) );
#1556 = CIRCLE ( 'NONE', #4211, 0.01999999999999999695 ) ;
#1557 = DIRECTION ( 'NONE',  ( -1.000000000000000000, -0.000000000000000000, -0.000000000000000000 ) ) ;
#1558 = CARTESIAN_POINT ( 'NONE',  ( 0.1582193810407087620, 0.6250000000000001110, 0.000000000000000000 ) ) ;
#1559 = LINE ( 'NONE', #1585, #2667 ) ;
#1560 = CARTESIAN_POINT ( 'NONE',  ( -0.5000000000000000000, 0.6239999999999999991, 0.3489999999999999769 ) ) ;
#1561 = SURFACE_SIDE_STYLE ('',( #4164 ) ) ;
#1562 = VERTEX_POINT ( 'NONE', #2703 ) ;
#1563 = ORIENTED_EDGE ( 'NONE', *, *, #2857, .F. ) ;
#1564 = AXIS2_PLACEMENT_3D ( 'NONE', #1464, #672, #3912 ) ;
#1565 = AXIS2_PLACEMENT_3D ( 'NONE', #1844, #3933, #2555 ) ;
#1566 =( NAMED_UNIT ( * ) SI_UNIT ( $, .STERADIAN. ) SOLID_ANGLE_UNIT ( ) );
#1567 = SURFACE_STYLE_FILL_AREA ( #4521 ) ;
#1568 = VECTOR ( 'NONE', #2593, 1000.000000000000000 ) ;
#1569 = CARTESIAN_POINT ( 'NONE',  ( -0.8990000000000000213, -0.5250000000000000222, 0.3499999999999999778 ) ) ;
#1570 = EDGE_CURVE ( 'NONE', #880, #4232, #3406, .T. ) ;
#1571 = DIRECTION ( 'NONE',  ( 0.000000000000000000, 0.000000000000000000, -1.000000000000000000 ) ) ;
#1572 = DIRECTION ( 'NONE',  ( 1.000000000000000000, 0.000000000000000000, 0.000000000000000000 ) ) ;
#1573 = CIRCLE ( 'NONE', #825, 0.01999999999999999695 ) ;
#1574 = COLOUR_RGB ( '',0.8627450980392157298, 0.6274509803921568540, 0.05882352941176470507 ) ;
#1575 = ADVANCED_FACE ( 'NONE', ( #3838 ), #3459, .F. ) ;
#1576 = SURFACE_STYLE_USAGE ( .BOTH. , #496 ) ;
#1577 = ORIENTED_EDGE ( 'NONE', *, *, #4350, .F. ) ;
#1578 = FACE_OUTER_BOUND ( 'NONE', #4548, .T. ) ;
#1579 = DIRECTION ( 'NONE',  ( -1.000000000000000000, -0.000000000000000000, -0.000000000000000000 ) ) ;
#1580 = CARTESIAN_POINT ( 'NONE',  ( 0.8990000000000000213, 0.000000000000000000, 0.3499999999999996447 ) ) ;
#1581 = CARTESIAN_POINT ( 'NONE',  ( -0.8990000000000000213, 0.6250000000000000000, 0.1749999999999999889 ) ) ;
#1582 = CARTESIAN_POINT ( 'NONE',  ( 0.7990000000000000435, -0.6250000000000000000, 0.3300000000000000155 ) ) ;
#1583 = CARTESIAN_POINT ( 'NONE',  ( -4.163336342344340478E-16, 0.6250000000000000000, 0.01999999999999999695 ) ) ;
#1584 = CARTESIAN_POINT ( 'NONE',  ( 0.2073352251421309300, 0.5676647748578690367, 0.4929711200626644696 ) ) ;
#1585 = CARTESIAN_POINT ( 'NONE',  ( -0.8990000000000000213, 0.000000000000000000, 0.000000000000000000 ) ) ;
#1586 = SURFACE_SIDE_STYLE ('',( #1962 ) ) ;
#1587 = DIRECTION ( 'NONE',  ( -0.9950371902099893751, 0.000000000000000000, -0.09950371902099731936 ) ) ;
#1588 = FILL_AREA_STYLE ('',( #1911 ) ) ;
#1589 = ORIENTED_EDGE ( 'NONE', *, *, #1801, .F. ) ;
#1590 = VERTEX_POINT ( 'NONE', #207 ) ;
#1591 = LINE ( 'NONE', #3802, #1404 ) ;
#1592 = VERTEX_POINT ( 'NONE', #1951 ) ;
#1593 = SURFACE_STYLE_USAGE ( .BOTH. , #2698 ) ;
#1594 =( NAMED_UNIT ( * ) PLANE_ANGLE_UNIT ( ) SI_UNIT ( $, .RADIAN. ) );
#1595 = VECTOR ( 'NONE', #4476, 1000.000000000000000 ) ;
#1596 = ADVANCED_FACE ( 'NONE', ( #3387 ), #4125, .T. ) ;
#1597 = DIRECTION ( 'NONE',  ( -0.000000000000000000, -0.000000000000000000, 1.000000000000000000 ) ) ;
#1598 = ORIENTED_EDGE ( 'NONE', *, *, #31, .T. ) ;
#1599 = PRESENTATION_STYLE_ASSIGNMENT (( #3486 ) ) ;
#1600 = SURFACE_STYLE_FILL_AREA ( #4475 ) ;
#1601 = FILL_AREA_STYLE ('',( #3790 ) ) ;
#1602 = EDGE_CURVE ( 'NONE', #1218, #3484, #500, .T. ) ;
#1603 = DIRECTION ( 'NONE',  ( 0.3437202564220642187, 0.8428003586853076712, 0.4141786338345658791 ) ) ;
#1604 = CARTESIAN_POINT ( 'NONE',  ( -0.5999999999999999778, 0.5250000000000000222, 0.3499999999999999778 ) ) ;
#1605 = CARTESIAN_POINT ( 'NONE',  ( 0.8990000000000000213, -0.6250000000000000000, 0.1749999999999999889 ) ) ;
#1606 = SURFACE_STYLE_FILL_AREA ( #2707 ) ;
#1607 = SURFACE_SIDE_STYLE ('',( #2366 ) ) ;
#1608 =( NAMED_UNIT ( * ) PLANE_ANGLE_UNIT ( ) SI_UNIT ( $, .RADIAN. ) );
#1609 = FILL_AREA_STYLE ('',( #173 ) ) ;
#1610 = DIRECTION ( 'NONE',  ( 0.09901475429766752601, 0.09901475429766752601, -0.9901475429766742886 ) ) ;
#1611 = AXIS2_PLACEMENT_3D ( 'NONE', #3053, #4532, #1283 ) ;
#1612 = PRESENTATION_STYLE_ASSIGNMENT (( #3013 ) ) ;
#1613 = SURFACE_STYLE_FILL_AREA ( #3399 ) ;
#1614 = VERTEX_POINT ( 'NONE', #166 ) ;
#1615 = CARTESIAN_POINT ( 'NONE',  ( 0.05773389333406900303, -0.5999999999999999778, 0.003000000000000000062 ) ) ;
#1616 = VERTEX_POINT ( 'NONE', #1955 ) ;
#1617 = FACE_OUTER_BOUND ( 'NONE', #800, .T. ) ;
#1618 = CARTESIAN_POINT ( 'NONE',  ( 0.2123024351361174900, -0.5676647748578688146, 0.4970933285817964453 ) ) ;
#1619 = LINE ( 'NONE', #3018, #1037 ) ;
#1620 = PRESENTATION_LAYER_ASSIGNMENT (  '', '', ( #3711 ) ) ;
#1621 = COLOUR_RGB ( '',0.8627450980392157298, 0.6274509803921568540, 0.05882352941176470507 ) ;
#1622 = MECHANICAL_DESIGN_GEOMETRIC_PRESENTATION_REPRESENTATION (  '', ( #3877 ), #2813 ) ;
#1623 = VECTOR ( 'NONE', #4152, 1000.000000000000000 ) ;
#1624 = CARTESIAN_POINT ( 'NONE',  ( 0.5990000000000009761, 0.5250000000000000222, 0.3499999999999999778 ) ) ;
#1625 = PRESENTATION_STYLE_ASSIGNMENT (( #4094 ) ) ;
#1626 =( GEOMETRIC_REPRESENTATION_CONTEXT ( 3 ) GLOBAL_UNCERTAINTY_ASSIGNED_CONTEXT ( ( #298 ) ) GLOBAL_UNIT_ASSIGNED_CONTEXT ( ( #1849, #1493, #1062 ) ) REPRESENTATION_CONTEXT ( 'NONE', 'WORKASPACE' ) );
#1627 = LINE ( 'NONE', #638, #2573 ) ;
#1628 = MECHANICAL_DESIGN_GEOMETRIC_PRESENTATION_REPRESENTATION (  '', ( #137 ), #734 ) ;
#1629 = CARTESIAN_POINT ( 'NONE',  ( 1.441780618959295435, -0.6250000000000011102, 0.000000000000000000 ) ) ;
#1630 = SHAPE_REPRESENTATION_RELATIONSHIP ( 'NONE' , 'NONE' ,  #1908, #1496 ) ;
#1631 = FILL_AREA_STYLE_COLOUR ( '', #2595 ) ;
#1632 = CARTESIAN_POINT ( 'NONE',  ( 0.8990000000000009095, 0.000000000000000000, 0.3499999999999996447 ) ) ;
#1633 = EDGE_CURVE ( 'NONE', #2276, #3519, #4372, .T. ) ;
#1634 = CARTESIAN_POINT ( 'NONE',  ( 1.387697564863884958, -0.5676647748578691477, 0.4970933285817969449 ) ) ;
#1635 = CARTESIAN_POINT ( 'NONE',  ( 0.1500000000000003553, -0.6050992561957998506, -2.710505431213761085E-17 ) ) ;
#1636 = FILL_AREA_STYLE_COLOUR ( '', #1553 ) ;
#1637 = FACE_OUTER_BOUND ( 'NONE', #4435, .T. ) ;
#1638 = ORIENTED_EDGE ( 'NONE', *, *, #903, .F. ) ;
#1639 = AXIS2_PLACEMENT_3D ( 'NONE', #1457, #2212, #779 ) ;
#1640 = DIRECTION ( 'NONE',  ( 0.000000000000000000, -0.000000000000000000, -1.000000000000000000 ) ) ;
#1641 = VERTEX_POINT ( 'NONE', #802 ) ;
#1642 =( LENGTH_UNIT ( ) NAMED_UNIT ( * ) SI_UNIT ( .MILLI., .METRE. ) );
#1643 = CONTEXT_DEPENDENT_SHAPE_REPRESENTATION ( #2297, #4237 ) ;
#1644 = DIRECTION ( 'NONE',  ( -0.000000000000000000, -0.000000000000000000, 1.000000000000000000 ) ) ;
#1645 = PRODUCT_DEFINITION_SHAPE ( 'NONE', 'NONE',  #6 ) ;
#1646 = ORIENTED_EDGE ( 'NONE', *, *, #1298, .F. ) ;
#1647 = VECTOR ( 'NONE', #623, 1000.000000000000000 ) ;
#1648 = CLOSED_SHELL ( 'NONE', ( #2180, #1268, #4288, #2070, #3179, #2334 ) ) ;
#1649 = UNCERTAINTY_MEASURE_WITH_UNIT (LENGTH_MEASURE( 1.000000000000000082E-05 ), #1906, 'distance_accuracy_value', 'NONE');
#1650 = MECHANICAL_DESIGN_GEOMETRIC_PRESENTATION_REPRESENTATION (  '', ( #1033 ), #4297 ) ;
#1651 = ORIENTED_EDGE ( 'NONE', *, *, #377, .F. ) ;
#1652 = VECTOR ( 'NONE', #229, 1000.000000000000000 ) ;
#1653 = PLANE ( 'NONE',  #3650 ) ;
#1654 = EDGE_LOOP ( 'NONE', ( #2510, #1992, #4298, #3954, #1444, #4428, #855, #3466 ) ) ;
#1655 = AXIS2_PLACEMENT_3D ( 'NONE', #4416, #2337, #4527 ) ;
#1656 = PLANE ( 'NONE',  #4217 ) ;
#1657 = CARTESIAN_POINT ( 'NONE',  ( 0.05773389333406400009, 0.5443291087788779681, 0.003000000000000000062 ) ) ;
#1658 = EDGE_LOOP ( 'NONE', ( #3876, #45, #271, #3894, #321 ) ) ;
#1659 = CARTESIAN_POINT ( 'NONE',  ( 0.1358508218941670009, 0.5999999999999999778, 0.000000000000000000 ) ) ;
#1660 = DIRECTION ( 'NONE',  ( 0.000000000000000000, 0.000000000000000000, 1.000000000000000000 ) ) ;
#1661 = CARTESIAN_POINT ( 'NONE',  ( -0.9799999999906870984, 0.000000000000000000, 0.01999999996565750282 ) ) ;
#1662 = FILL_AREA_STYLE_COLOUR ( '', #3794 ) ;
#1663 = PRESENTATION_STYLE_ASSIGNMENT (( #3105 ) ) ;
#1664 = ORIENTED_EDGE ( 'NONE', *, *, #2267, .T. ) ;
#1665 = ADVANCED_FACE ( 'NONE', ( #3006 ), #2545, .F. ) ;
#1666 = FILL_AREA_STYLE ('',( #544 ) ) ;
#1667 = CARTESIAN_POINT ( 'NONE',  ( 1.387697564863884958, 0.5676647748578690367, 0.4970933285817963898 ) ) ;
#1668 = ORIENTED_EDGE ( 'NONE', *, *, #3695, .F. ) ;
#1669 = SURFACE_STYLE_USAGE ( .BOTH. , #2047 ) ;
#1670 = DIRECTION ( 'NONE',  ( -1.000000000000000000, -0.000000000000000000, -0.000000000000000000 ) ) ;
#1671 = EDGE_CURVE ( 'NONE', #1317, #442, #1627, .T. ) ;
#1672 = ORIENTED_EDGE ( 'NONE', *, *, #3022, .T. ) ;
#1673 = VERTEX_POINT ( 'NONE', #3461 ) ;
#1674 = ORIENTED_EDGE ( 'NONE', *, *, #556, .T. ) ;
#1675 = CARTESIAN_POINT ( 'NONE',  ( 0.7990000000000000435, 0.000000000000000000, 0.02000000000000000042 ) ) ;
#1676 = CARTESIAN_POINT ( 'NONE',  ( -0.8990000000000000213, -0.5250000000000000222, 0.3499999999999999778 ) ) ;
#1677 = AXIS2_PLACEMENT_3D ( 'NONE', #425, #2227, #106 ) ;
#1678 = VERTEX_POINT ( 'NONE', #1980 ) ;
#1679 = CARTESIAN_POINT ( 'NONE',  ( 0.2006492659237667786, -0.5942514778804327547, 0.3074852211956670134 ) ) ;
#1681 = ORIENTED_EDGE ( 'NONE', *, *, #1728, .T. ) ;
#1680 = DIRECTION ( 'NONE',  ( 0.000000000000000000, -1.000000000000000000, -0.000000000000000000 ) ) ;
#1682 = SURFACE_STYLE_USAGE ( .BOTH. , #4092 ) ;
#1683 = ORIENTED_EDGE ( 'NONE', *, *, #3873, .T. ) ;
#1684 = FILL_AREA_STYLE_COLOUR ( '', #82 ) ;
#1685 = EDGE_CURVE ( 'NONE', #3085, #1038, #1157, .T. ) ;
#1686 = DIRECTION ( 'NONE',  ( 1.000000000000000000, 0.000000000000000000, -2.081668171172169992E-16 ) ) ;
#1687 =( NAMED_UNIT ( * ) SI_UNIT ( $, .STERADIAN. ) SOLID_ANGLE_UNIT ( ) );
#1688 = AXIS2_PLACEMENT_3D ( 'NONE', #1838, #2530, #91 ) ;
#1689 = CARTESIAN_POINT ( 'NONE',  ( -0.9799999999906870984, 0.000000000000000000, 0.3300000000000000155 ) ) ;
#1690 = ORIENTED_EDGE ( 'NONE', *, *, #4417, .T. ) ;
#1691 = EDGE_LOOP ( 'NONE', ( #2548, #3501, #257, #4139 ) ) ;
#1692 = EDGE_CURVE ( 'NONE', #2863, #3998, #4178, .T. ) ;
#1693 = UNCERTAINTY_MEASURE_WITH_UNIT (LENGTH_MEASURE( 1.000000000000000082E-05 ), #434, 'distance_accuracy_value', 'NONE');
#1694 = UNCERTAINTY_MEASURE_WITH_UNIT (LENGTH_MEASURE( 1.000000000000000082E-05 ), #2660, 'distance_accuracy_value', 'NONE');
#1695 = PLANE ( 'NONE',  #2531 ) ;
#1696 = PRESENTATION_LAYER_ASSIGNMENT (  '', '', ( #786 ) ) ;
#1697 = SURFACE_STYLE_FILL_AREA ( #3485 ) ;
#1698 = AXIS2_PLACEMENT_3D ( 'NONE', #915, #4175, #609 ) ;
#1699 = DIRECTION ( 'NONE',  ( -1.000000000000000000, 0.000000000000000000, 0.000000000000000000 ) ) ;
#1700 =( NAMED_UNIT ( * ) PLANE_ANGLE_UNIT ( ) SI_UNIT ( $, .RADIAN. ) );
#1701 = CIRCLE ( 'NONE', #3646, 0.02000000000000001776 ) ;
#1702 = AXIS2_PLACEMENT_3D ( 'NONE', #2945, #817, #2880 ) ;
#1703 = CARTESIAN_POINT ( 'NONE',  ( 0.2167397972555468177, 0.5785451646981443208, 0.4917463624192965899 ) ) ;
#1704 = STYLED_ITEM ( 'NONE', ( #2836 ), #2043 ) ;
#1705 =( NAMED_UNIT ( * ) PLANE_ANGLE_UNIT ( ) SI_UNIT ( $, .RADIAN. ) );
#1706 = COLOUR_RGB ( '',0.9607843137254902244, 0.9607843137254902244, 0.9607843137254902244 ) ;
#1707 = COLOUR_RGB ( '',0.8627450980392157298, 0.6274509803921568540, 0.05882352941176470507 ) ;
#1708 = FILL_AREA_STYLE ('',( #642 ) ) ;
#1709 = PRODUCT ( 'terminals', 'terminals', '', ( #1494 ) ) ;
#1710 = VECTOR ( 'NONE', #1971, 1000.000000000000000 ) ;
#1711 = VECTOR ( 'NONE', #1340, 1000.000000000000000 ) ;
#1712 = EDGE_LOOP ( 'NONE', ( #3505, #3618, #2487, #976 ) ) ;
#1713 = SURFACE_STYLE_USAGE ( .BOTH. , #3084 ) ;
#1714 = VERTEX_POINT ( 'NONE', #3129 ) ;
#1715 = ORIENTED_EDGE ( 'NONE', *, *, #2105, .F. ) ;
#1716 = PLANE ( 'NONE',  #2009 ) ;
#1717 = VERTEX_POINT ( 'NONE', #2748 ) ;
#1718 = VECTOR ( 'NONE', #4108, 1000.000000000000000 ) ;
#1719 = LINE ( 'NONE', #3141, #1259 ) ;
#1720 =( GEOMETRIC_REPRESENTATION_CONTEXT ( 3 ) GLOBAL_UNCERTAINTY_ASSIGNED_CONTEXT ( ( #41 ) ) GLOBAL_UNIT_ASSIGNED_CONTEXT ( ( #2087, #3514, #2419 ) ) REPRESENTATION_CONTEXT ( 'NONE', 'WORKASPACE' ) );
#1721 = ORIENTED_EDGE ( 'NONE', *, *, #4349, .F. ) ;
#1722 = ORIENTED_EDGE ( 'NONE', *, *, #3087, .F. ) ;
#1723 = AXIS2_PLACEMENT_3D ( 'NONE', #1519, #1478, #3972 ) ;
#1724 = VECTOR ( 'NONE', #4188, 1000.000000000000000 ) ;
#1725 = VERTEX_POINT ( 'NONE', #2364 ) ;
#1726 = ADVANCED_FACE ( 'NONE', ( #211 ), #4604, .T. ) ;
#1727 = SURFACE_STYLE_USAGE ( .BOTH. , #3600 ) ;
#1728 = EDGE_CURVE ( 'NONE', #3377, #4437, #287, .T. ) ;
#1729 = CARTESIAN_POINT ( 'NONE',  ( 0.8990000000000000213, 0.6250000000000000000, 0.3499999999999999778 ) ) ;
#1730 = EDGE_LOOP ( 'NONE', ( #2693, #3846, #1690, #2248, #1722 ) ) ;
#1731 = LINE ( 'NONE', #245, #3583 ) ;
#1732 = DIRECTION ( 'NONE',  ( 0.000000000000000000, 0.000000000000000000, -1.000000000000000000 ) ) ;
#1733 = DIRECTION ( 'NONE',  ( -0.000000000000000000, -0.000000000000000000, -1.000000000000000000 ) ) ;
#1734 = DIRECTION ( 'NONE',  ( 0.000000000000000000, 0.000000000000000000, -1.000000000000000000 ) ) ;
#1735 = CARTESIAN_POINT ( 'NONE',  ( 1.381900248757760297, -0.1562500000000000000, 0.4800000000000000377 ) ) ;
#1736 = ORIENTED_EDGE ( 'NONE', *, *, #3695, .T. ) ;
#1737 = DIRECTION ( 'NONE',  ( -1.000000000000000000, 2.643388153869419818E-16, 0.000000000000000000 ) ) ;
#1738 = ORIENTED_EDGE ( 'NONE', *, *, #2482, .T. ) ;
#1739 = CARTESIAN_POINT ( 'NONE',  ( -0.9799999999906870984, 0.6250000000000000000, 0.1749999999999999889 ) ) ;
#1740 = ORIENTED_EDGE ( 'NONE', *, *, #1156, .F. ) ;
#1741 = EDGE_LOOP ( 'NONE', ( #2428, #2427, #3681, #4251 ) ) ;
#1742 = FACE_OUTER_BOUND ( 'NONE', #4632, .T. ) ;
#1743 = UNCERTAINTY_MEASURE_WITH_UNIT (LENGTH_MEASURE( 1.000000000000000082E-05 ), #3187, 'distance_accuracy_value', 'NONE');
#1744 = PLANE ( 'NONE',  #3945 ) ;
#1745 = CARTESIAN_POINT ( 'NONE',  ( 0.8990000000000000213, -0.6250000000000000000, 0.1749999999999999889 ) ) ;
#1746 = AXIS2_PLACEMENT_3D ( 'NONE', #944, #262, #4209 ) ;
#1747 = FACE_OUTER_BOUND ( 'NONE', #3457, .T. ) ;
#1748 = MECHANICAL_DESIGN_GEOMETRIC_PRESENTATION_REPRESENTATION (  '', ( #477 ), #2057 ) ;
#1749 = ORIENTED_EDGE ( 'NONE', *, *, #1074, .F. ) ;
#1750 = EDGE_CURVE ( 'NONE', #1085, #2473, #2686, .T. ) ;
#1751 =( NAMED_UNIT ( * ) SI_UNIT ( $, .STERADIAN. ) SOLID_ANGLE_UNIT ( ) );
#1752 = VECTOR ( 'NONE', #493, 1000.000000000000000 ) ;
#1753 = FILL_AREA_STYLE_COLOUR ( '', #1230 ) ;
#1754 = CARTESIAN_POINT ( 'NONE',  ( 0.5999999999999999778, 0.5250000000000000222, 0.000000000000000000 ) ) ;
#1755 = VERTEX_POINT ( 'NONE', #599 ) ;
#1756 = CARTESIAN_POINT ( 'NONE',  ( 1.408907381817730897, 0.5455037949345242776, 0.4934074369697783458 ) ) ;
#1757 = VERTEX_POINT ( 'NONE', #2349 ) ;
#1758 = SURFACE_STYLE_FILL_AREA ( #713 ) ;
#1759 = DIRECTION ( 'NONE',  ( 0.000000000000000000, -0.000000000000000000, 1.000000000000000000 ) ) ;
#1760 = ORIENTED_EDGE ( 'NONE', *, *, #92, .F. ) ;
#1761 = VERTEX_POINT ( 'NONE', #981 ) ;
#1762 =( BOUNDED_SURFACE ( )  B_SPLINE_SURFACE ( 3, 3, ( 
 ( #4065, #912, #1945, #1275 ),
 ( #3385, #887, #156, #1618 ),
 ( #184, #3000, #2699, #843 ),
 ( #4446, #1223, #4470, #821 ) ),
 .UNSPECIFIED., .F., .F., .T. ) 
 B_SPLINE_SURFACE_WITH_KNOTS ( ( 4, 4 ),
 ( 4, 4 ),
 ( 0.000000000000000000, 1.000000000000000000 ),
 ( 0.000000000000000000, 1.000000000000000000 ),
 .UNSPECIFIED. ) 
 GEOMETRIC_REPRESENTATION_ITEM ( )  RATIONAL_B_SPLINE_SURFACE ( (
 ( 1.000000000000000000, 0.3333333333333244886, 0.3333333333333244886, 1.000000000000000000),
 ( 0.9288031850351468055, 0.3096010616783740343, 0.3096010616783740343, 0.9288031850351468055),
 ( 0.9288031850351468055, 0.3096010616783740343, 0.3096010616783740343, 0.9288031850351468055),
 ( 1.000000000000000000, 0.3333333333333244886, 0.3333333333333244886, 1.000000000000000000) ) ) 
 REPRESENTATION_ITEM ( '' )  SURFACE ( )  );
#1763 = FACE_OUTER_BOUND ( 'NONE', #3594, .T. ) ;
#1764 = EDGE_CURVE ( 'NONE', #1338, #123, #3063, .T. ) ;
#1765 = FILL_AREA_STYLE ('',( #3512 ) ) ;
#1766 = STYLED_ITEM ( 'NONE', ( #2670 ), #2508 ) ;
#1767 = CARTESIAN_POINT ( 'NONE',  ( 0.9799999999906870984, 0.000000000000000000, 0.01999999996565750282 ) ) ;
#1768 = STYLED_ITEM ( 'NONE', ( #1779 ), #2851 ) ;
#1769 = AXIS2_PLACEMENT_3D ( 'NONE', #446, #3984, #3683 ) ;
#1770 = ORIENTED_EDGE ( 'NONE', *, *, #486, .T. ) ;
#1771 = COLOUR_RGB ( '',0.9607843137254902244, 0.9607843137254902244, 0.9607843137254902244 ) ;
#1772 = ADVANCED_FACE ( 'NONE', ( #2733 ), #569, .T. ) ;
#1773 = DIRECTION ( 'NONE',  ( -0.000000000000000000, 0.000000000000000000, 1.000000000000000000 ) ) ;
#1774 = ORIENTED_EDGE ( 'NONE', *, *, #4246, .F. ) ;
#1775 = VERTEX_POINT ( 'NONE', #625 ) ;
#1776 = VECTOR ( 'NONE', #463, 1000.000000000000000 ) ;
#1777 = VECTOR ( 'NONE', #854, 1000.000000000000000 ) ;
#1778 = PRESENTATION_LAYER_ASSIGNMENT (  '', '', ( #955 ) ) ;
#1779 = PRESENTATION_STYLE_ASSIGNMENT (( #2184 ) ) ;
#1780 = CARTESIAN_POINT ( 'NONE',  ( -0.8990000000000000213, 0.6239999999999999991, 4.097521882342677890E-17 ) ) ;
#1781 =( GEOMETRIC_REPRESENTATION_CONTEXT ( 3 ) GLOBAL_UNCERTAINTY_ASSIGNED_CONTEXT ( ( #680 ) ) GLOBAL_UNIT_ASSIGNED_CONTEXT ( ( #2902, #1845, #2515 ) ) REPRESENTATION_CONTEXT ( 'NONE', 'WORKASPACE' ) );
#1782 = EDGE_CURVE ( 'NONE', #1761, #1317, #1991, .T. ) ;
#1783 = VERTEX_POINT ( 'NONE', #4565 ) ;
#1784 = VECTOR ( 'NONE', #2136, 1000.000000000000000 ) ;
#1785 = ORIENTED_EDGE ( 'NONE', *, *, #126, .T. ) ;
#1786 = UNCERTAINTY_MEASURE_WITH_UNIT (LENGTH_MEASURE( 1.000000000000000082E-05 ), #1870, 'distance_accuracy_value', 'NONE');
#1787 = FACE_OUTER_BOUND ( 'NONE', #384, .T. ) ;
#1788 = ORIENTED_EDGE ( 'NONE', *, *, #150, .F. ) ;
#1789 = CARTESIAN_POINT ( 'NONE',  ( 0.5999999999999999778, 0.000000000000000000, 0.3299999999790450000 ) ) ;
#1790 = STYLED_ITEM ( 'NONE', ( #4069 ), #1379 ) ;
#1791 = CARTESIAN_POINT ( 'NONE',  ( 0.2123024351361175455, 0.5676647748578689257, 0.4970933285817963343 ) ) ;
#1792 = CARTESIAN_POINT ( 'NONE',  ( 0.5999999999999999778, 0.5250000000000000222, 0.000000000000000000 ) ) ;
#1793 =( BOUNDED_SURFACE ( )  B_SPLINE_SURFACE ( 3, 3, ( 
 ( #3792, #284, #4184, #591 ),
 ( #979, #4216, #2013, #1634 ),
 ( #3865, #951, #1333, #2394 ),
 ( #3819, #4541, #620, #666 ) ),
 .UNSPECIFIED., .F., .F., .T. ) 
 B_SPLINE_SURFACE_WITH_KNOTS ( ( 4, 4 ),
 ( 4, 4 ),
 ( 0.000000000000000000, 1.000000000000000000 ),
 ( 0.000000000000000000, 1.000000000000000000 ),
 .UNSPECIFIED. ) 
 GEOMETRIC_REPRESENTATION_ITEM ( )  RATIONAL_B_SPLINE_SURFACE ( (
 ( 1.000000000000000000, 0.3333333333333320381, 0.3333333333333320381, 1.000000000000000000),
 ( 0.9288031850351471386, 0.3096010616783811953, 0.3096010616783811953, 0.9288031850351471386),
 ( 0.9288031850351471386, 0.3096010616783811953, 0.3096010616783811953, 0.9288031850351471386),
 ( 1.000000000000000000, 0.3333333333333320381, 0.3333333333333320381, 1.000000000000000000) ) ) 
 REPRESENTATION_ITEM ( '' )  SURFACE ( )  );
#1794 = CARTESIAN_POINT ( 'NONE',  ( 1.373297820105814582, -0.5867014069890172934, 0.4887700029262418422 ) ) ;
#1795 = AXIS2_PLACEMENT_3D ( 'NONE', #4578, #4176, #916 ) ;
#1796 = ORIENTED_EDGE ( 'NONE', *, *, #4204, .T. ) ;
#1797 = SURFACE_SIDE_STYLE ('',( #3560 ) ) ;
#1798 = PRESENTATION_LAYER_ASSIGNMENT (  '', '', ( #316 ) ) ;
#1799 = ORIENTED_EDGE ( 'NONE', *, *, #1197, .T. ) ;
#1800 = CARTESIAN_POINT ( 'NONE',  ( 0.1981990074380422517, -0.5569002487577577876, 0.4819900743804199639 ) ) ;
#1801 = EDGE_CURVE ( 'NONE', #3204, #2097, #2324, .T. ) ;
#1802 = PLANE ( 'NONE',  #1263 ) ;
#1803 = ORIENTED_EDGE ( 'NONE', *, *, #122, .F. ) ;
#1804 = VERTEX_POINT ( 'NONE', #3419 ) ;
#1805 = FACE_OUTER_BOUND ( 'NONE', #2636, .T. ) ;
#1806 = EDGE_CURVE ( 'NONE', #4234, #2129, #269, .T. ) ;
#1807 = CARTESIAN_POINT ( 'NONE',  ( 1.449999999999996403, 0.6167806189592905941, 0.000000000000000000 ) ) ;
#1808 = PRESENTATION_STYLE_ASSIGNMENT (( #2862 ) ) ;
#1809 = CARTESIAN_POINT ( 'NONE',  ( -0.5989999999999999769, 0.5250000000000000222, 0.3499999999999999778 ) ) ;
#1810 = FILL_AREA_STYLE_COLOUR ( '', #1269 ) ;
#1811 = LINE ( 'NONE', #1605, #1216 ) ;
#1812 = DIRECTION ( 'NONE',  ( 0.000000000000000000, 1.000000000000000000, 0.000000000000000000 ) ) ;
#1813 = CARTESIAN_POINT ( 'NONE',  ( 1.390099490434285823, 0.5455037949345242776, 0.5090158066947562121 ) ) ;
#1814 = ORIENTED_EDGE ( 'NONE', *, *, #2805, .T. ) ;
#1815 =( NAMED_UNIT ( * ) SI_UNIT ( $, .STERADIAN. ) SOLID_ANGLE_UNIT ( ) );
#1816 = LINE ( 'NONE', #2922, #1546 ) ;
#1817 = SURFACE_SIDE_STYLE ('',( #391 ) ) ;
#1818 = DIRECTION ( 'NONE',  ( -0.9950371902099892640, 0.000000000000000000, 0.09950371902099769406 ) ) ;
#1819 = SURFACE_SIDE_STYLE ('',( #3304 ) ) ;
#1820 = VERTEX_POINT ( 'NONE', #3496 ) ;
#1821 = EDGE_LOOP ( 'NONE', ( #2065, #3727, #2597, #1936, #909, #2990 ) ) ;
#1822 = CIRCLE ( 'NONE', #2795, 0.01999999999999999695 ) ;
#1823 = EDGE_CURVE ( 'NONE', #4315, #3222, #2018, .T. ) ;
#1824 = CARTESIAN_POINT ( 'NONE',  ( 1.449999999999997291, 0.6050992561958000726, -9.486769009248163798E-17 ) ) ;
#1825 = CARTESIAN_POINT ( 'NONE',  ( 0.8990000000000007985, 0.6250000000000000000, 0.3300000000000000155 ) ) ;
#1826 = EDGE_LOOP ( 'NONE', ( #2409, #3062, #2586, #2462 ) ) ;
#1827 = APPLICATION_PROTOCOL_DEFINITION ( 'draft international standard', 'automotive_design', 1998, #2231 ) ;
#1828 = EDGE_CURVE ( 'NONE', #3827, #3860, #545, .T. ) ;
#1829 = CARTESIAN_POINT ( 'NONE',  ( 0.2180997512422420126, 0.5569002487577580096, 0.4800000000000000377 ) ) ;
#1830 = CARTESIAN_POINT ( 'NONE',  ( 0.8990000000000000213, 0.000000000000000000, 0.3299999999790450000 ) ) ;
#1831 = ADVANCED_FACE ( 'NONE', ( #4165 ), #3357, .T. ) ;
#1832 = STYLED_ITEM ( 'NONE', ( #4182 ), #2412 ) ;
#1833 = FACE_OUTER_BOUND ( 'NONE', #4553, .T. ) ;
#1834 = CARTESIAN_POINT ( 'NONE',  ( -0.02038303522603399434, -0.5999999999999999778, 0.000000000000000000 ) ) ;
#1835 = CARTESIAN_POINT ( 'NONE',  ( 1.392664774857871546, -0.5676647748578689257, 0.4929711200626648027 ) ) ;
#1836 = SURFACE_STYLE_USAGE ( .BOTH. , #2821 ) ;
#1837 = ORIENTED_EDGE ( 'NONE', *, *, #2969, .F. ) ;
#1838 = CARTESIAN_POINT ( 'NONE',  ( 0.05773389333406400009, 0.5443291087788779681, 0.000000000000000000 ) ) ;
#1839 = ORIENTED_EDGE ( 'NONE', *, *, #3152, .F. ) ;
#1840 = AXIS2_PLACEMENT_3D ( 'NONE', #2363, #917, #4626 ) ;
#1841 = LINE ( 'NONE', #22, #222 ) ;
#1842 = DIRECTION ( 'NONE',  ( 1.000000000000000000, 0.000000000000000000, -0.000000000000000000 ) ) ;
#1843 = COLOUR_RGB ( '',0.8627450980392157298, 0.6274509803921568540, 0.05882352941176470507 ) ;
#1844 = CARTESIAN_POINT ( 'NONE',  ( 1.425000000000000044, -0.3125000000000000000, 0.2500000000000000000 ) ) ;
#1845 =( NAMED_UNIT ( * ) PLANE_ANGLE_UNIT ( ) SI_UNIT ( $, .RADIAN. ) );
#1846 = EDGE_LOOP ( 'NONE', ( #4329, #225, #982, #2715 ) ) ;
#1847 = ORIENTED_EDGE ( 'NONE', *, *, #1506, .T. ) ;
#1848 = VECTOR ( 'NONE', #1377, 1000.000000000000000 ) ;
#1849 =( LENGTH_UNIT ( ) NAMED_UNIT ( * ) SI_UNIT ( .MILLI., .METRE. ) );
#1850 = PRESENTATION_LAYER_ASSIGNMENT (  '', '', ( #3725 ) ) ;
#1851 = DIRECTION ( 'NONE',  ( 0.000000000000000000, 0.000000000000000000, 1.000000000000000000 ) ) ;
#1852 = COLOUR_RGB ( '',0.4745098039215686070, 0.6470588235294117974, 0.3098039215686274606 ) ;
#1853 = FACE_OUTER_BOUND ( 'NONE', #546, .T. ) ;
#1854 = LINE ( 'NONE', #400, #1284 ) ;
#1855 = EDGE_CURVE ( 'NONE', #3033, #2491, #2812, .T. ) ;
#1856 = AXIS2_PLACEMENT_3D ( 'NONE', #688, #367, #2815 ) ;
#1857 = EDGE_CURVE ( 'NONE', #3222, #69, #3057, .T. ) ;
#1858 = SURFACE_STYLE_USAGE ( .BOTH. , #431 ) ;
#1859 = PRESENTATION_STYLE_ASSIGNMENT (( #432 ) ) ;
#1860 = SURFACE_STYLE_USAGE ( .BOTH. , #67 ) ;
#1861 = PLANE ( 'NONE',  #1688 ) ;
#1862 = CARTESIAN_POINT ( 'NONE',  ( -0.8990000000000000213, -0.6250000000000000000, 0.001000000000000080252 ) ) ;
#1863 = CARTESIAN_POINT ( 'NONE',  ( 0.2180997512422420403, -0.5569002487577580096, 0.4800000000000000377 ) ) ;
#1864 = COLOUR_RGB ( '',0.9607843137254902244, 0.9607843137254902244, 0.9607843137254902244 ) ;
#1865 = ORIENTED_EDGE ( 'NONE', *, *, #1074, .T. ) ;
#1866 = EDGE_LOOP ( 'NONE', ( #286, #1337, #1889, #4518 ) ) ;
#1867 = DIRECTION ( 'NONE',  ( -1.000000000000000000, 0.000000000000000000, 0.000000000000000000 ) ) ;
#1868 = ORIENTED_EDGE ( 'NONE', *, *, #1764, .F. ) ;
#1869 = LINE ( 'NONE', #4408, #2583 ) ;
#1870 =( LENGTH_UNIT ( ) NAMED_UNIT ( * ) SI_UNIT ( .MILLI., .METRE. ) );
#1871 = STYLED_ITEM ( 'NONE', ( #3693 ), #4585 ) ;
#1872 = DIRECTION ( 'NONE',  ( -0.000000000000000000, 0.000000000000000000, 1.000000000000000000 ) ) ;
#1873 = SURFACE_STYLE_FILL_AREA ( #3017 ) ;
#1874 = PRESENTATION_STYLE_ASSIGNMENT (( #3738 ) ) ;
#1875 = DIRECTION ( 'NONE',  ( 1.000000000000000000, -0.000000000000000000, -0.000000000000000000 ) ) ;
#1876 = UNCERTAINTY_MEASURE_WITH_UNIT (LENGTH_MEASURE( 1.000000000000000082E-05 ), #62, 'distance_accuracy_value', 'NONE');
#1877 = EDGE_CURVE ( 'NONE', #3872, #2473, #705, .T. ) ;
#1878 = SURFACE_SIDE_STYLE ('',( #2236 ) ) ;
#1879 = CARTESIAN_POINT ( 'NONE',  ( -0.5999999999999999778, 0.000000000000000000, 0.3499999999999999778 ) ) ;
#1880 = FILL_AREA_STYLE_COLOUR ( '', #1917 ) ;
#1881 =( NAMED_UNIT ( * ) PLANE_ANGLE_UNIT ( ) SI_UNIT ( $, .RADIAN. ) );
#1882 = EDGE_CURVE ( 'NONE', #3427, #2327, #926, .T. ) ;
#1883 = ADVANCED_FACE ( 'NONE', ( #537 ), #4482, .T. ) ;
#1884 = CARTESIAN_POINT ( 'NONE',  ( 1.381900248757754524, 0.5569002487577576765, 0.4799999999999994271 ) ) ;
#1885 = CARTESIAN_POINT ( 'NONE',  ( 0.1699007438042001994, 0.6250000000000002220, 0.000000000000000000 ) ) ;
#1886 = DIRECTION ( 'NONE',  ( -1.000000000000000000, -0.000000000000000000, 2.081668171172169992E-16 ) ) ;
#1887 = SURFACE_STYLE_FILL_AREA ( #3678 ) ;
#1888 = ORIENTED_EDGE ( 'NONE', *, *, #4071, .F. ) ;
#1889 = ORIENTED_EDGE ( 'NONE', *, *, #2379, .T. ) ;
#1890 = CARTESIAN_POINT ( 'NONE',  ( 0.1358508218941670009, 0.4886582175577559584, 0.000000000000000000 ) ) ;
#1891 = EDGE_LOOP ( 'NONE', ( #3331, #3144, #3564, #3113, #1421, #4120, #813, #1563 ) ) ;
#1892 = VECTOR ( 'NONE', #2317, 1000.000000000000000 ) ;
#1893 = CARTESIAN_POINT ( 'NONE',  ( -4.163336342344340478E-16, 0.6250000000000000000, 0.01999999996565748894 ) ) ;
#1894 = SURFACE_SIDE_STYLE ('',( #470 ) ) ;
#1895 =( NAMED_UNIT ( * ) PLANE_ANGLE_UNIT ( ) SI_UNIT ( $, .RADIAN. ) );
#1896 = FACE_OUTER_BOUND ( 'NONE', #1244, .T. ) ;
#1897 = PRESENTATION_LAYER_ASSIGNMENT (  '', '', ( #923 ) ) ;
#1898 = CARTESIAN_POINT ( 'NONE',  ( 0.5990000000000004210, 0.5250000000000000222, 0.3499999999999999223 ) ) ;
#1899 = LINE ( 'NONE', #1495, #534 ) ;
#1900 = MECHANICAL_DESIGN_GEOMETRIC_PRESENTATION_REPRESENTATION (  '', ( #4258 ), #721 ) ;
#1901 = DIRECTION ( 'NONE',  ( -1.000000000000000000, -0.000000000000000000, -0.000000000000000000 ) ) ;
#1902 = CARTESIAN_POINT ( 'NONE',  ( 0.5989999999999999769, -0.5250000000000000222, 0.000000000000000000 ) ) ;
#1903 = CARTESIAN_POINT ( 'NONE',  ( 1.381900248757760519, -0.5569002487577580096, 0.4799999999999999822 ) ) ;
#1904 = ADVANCED_FACE ( 'NONE', ( #3191 ), #3967, .F. ) ;
#1905 = DIRECTION ( 'NONE',  ( 1.000000000000000000, 2.220675477072960061E-15, 0.000000000000000000 ) ) ;
#1906 =( LENGTH_UNIT ( ) NAMED_UNIT ( * ) SI_UNIT ( .MILLI., .METRE. ) );
#1907 = DIRECTION ( 'NONE',  ( 0.000000000000000000, -0.000000000000000000, -1.000000000000000000 ) ) ;
#1908 = SHAPE_REPRESENTATION ( 'terminals', ( #4589 ), #3036 ) ;
#1909 = SURFACE_SIDE_STYLE ('',( #4487 ) ) ;
#1910 = EDGE_CURVE ( 'NONE', #488, #3177, #1145, .T. ) ;
#1911 = FILL_AREA_STYLE_COLOUR ( '', #3694 ) ;
#1912 = CARTESIAN_POINT ( 'NONE',  ( 0.5999999999999999778, 0.000000000000000000, 0.3499999999999999778 ) ) ;
#1913 = ORIENTED_EDGE ( 'NONE', *, *, #1855, .T. ) ;
#1914 = ORIENTED_EDGE ( 'NONE', *, *, #2535, .T. ) ;
#1915 = DIRECTION ( 'NONE',  ( -4.568105153405589912E-15, 1.000000000000000000, 0.000000000000000000 ) ) ;
#1916 = VECTOR ( 'NONE', #3150, 1000.000000000000000 ) ;
#1917 = COLOUR_RGB ( '',0.8627450980392157298, 0.6274509803921568540, 0.05882352941176470507 ) ;
#1918 = COLOUR_RGB ( '',0.9607843137254902244, 0.9607843137254902244, 0.9607843137254902244 ) ;
#1919 = SURFACE_STYLE_USAGE ( .BOTH. , #490 ) ;
#1920 = ADVANCED_FACE ( 'NONE', ( #2567 ), #3601, .F. ) ;
#1921 = FILL_AREA_STYLE_COLOUR ( '', #3067 ) ;
#1922 = CARTESIAN_POINT ( 'NONE',  ( -0.8990000000000000213, -0.6250000000000000000, 0.01999999996565750629 ) ) ;
#1923 = DIRECTION ( 'NONE',  ( -1.000000000000000000, 0.000000000000000000, 0.000000000000000000 ) ) ;
#1924 = MECHANICAL_DESIGN_GEOMETRIC_PRESENTATION_REPRESENTATION (  '', ( #2085 ), #4594 ) ;
#1925 = STYLED_ITEM ( 'NONE', ( #1181 ), #724 ) ;
#1926 = PRODUCT_DEFINITION_CONTEXT ( 'detailed design', #2777, 'design' ) ;
#1927 =( NAMED_UNIT ( * ) PLANE_ANGLE_UNIT ( ) SI_UNIT ( $, .RADIAN. ) );
#1928 =( NAMED_UNIT ( * ) PLANE_ANGLE_UNIT ( ) SI_UNIT ( $, .RADIAN. ) );
#1929 = STYLED_ITEM ( 'NONE', ( #2291 ), #1049 ) ;
#1930 = CARTESIAN_POINT ( 'NONE',  ( -0.8990000000000000213, 0.000000000000000000, 0.000000000000000000 ) ) ;
#1931 = CARTESIAN_POINT ( 'NONE',  ( 0.2073352251421310688, 0.5676647748578689257, 0.4929711200626646916 ) ) ;
#1932 = PRESENTATION_LAYER_ASSIGNMENT (  '', '', ( #964 ) ) ;
#1933 = DIRECTION ( 'NONE',  ( 0.09901475429766752601, 0.09901475429766752601, -0.9901475429766742886 ) ) ;
#1934 = CARTESIAN_POINT ( 'NONE',  ( 1.399768146890318921, -0.5654874199675038460, 0.4826455069342305837 ) ) ;
#1935 = DIRECTION ( 'NONE',  ( 0.000000000000000000, 1.000000000000000000, 0.000000000000000000 ) ) ;
#1936 = ORIENTED_EDGE ( 'NONE', *, *, #65, .T. ) ;
#1937 = ORIENTED_EDGE ( 'NONE', *, *, #4500, .T. ) ;
#1938 =( GEOMETRIC_REPRESENTATION_CONTEXT ( 3 ) GLOBAL_UNCERTAINTY_ASSIGNED_CONTEXT ( ( #3617 ) ) GLOBAL_UNIT_ASSIGNED_CONTEXT ( ( #3220, #2455, #3178 ) ) REPRESENTATION_CONTEXT ( 'NONE', 'WORKASPACE' ) );
#1939 = VERTEX_POINT ( 'NONE', #205 ) ;
#1940 = VECTOR ( 'NONE', #3234, 1000.000000000000000 ) ;
#1941 = SURFACE_SIDE_STYLE ('',( #1567 ) ) ;
#1942 =( GEOMETRIC_REPRESENTATION_CONTEXT ( 3 ) GLOBAL_UNCERTAINTY_ASSIGNED_CONTEXT ( ( #2266 ) ) GLOBAL_UNIT_ASSIGNED_CONTEXT ( ( #53, #1123, #2911 ) ) REPRESENTATION_CONTEXT ( 'NONE', 'WORKASPACE' ) );
#1943 = DIRECTION ( 'NONE',  ( 0.000000000000000000, -1.000000000000000000, -0.000000000000000000 ) ) ;
#1944 = CARTESIAN_POINT ( 'NONE',  ( 0.8990000000000000213, 0.000000000000000000, 0.3499999999999999778 ) ) ;
#1945 = CARTESIAN_POINT ( 'NONE',  ( 0.2073352251421312908, -0.5676647748578690367, 0.4929711200626643586 ) ) ;
#1946 = EDGE_CURVE ( 'NONE', #1939, #3288, #2949, .T. ) ;
#1947 = VECTOR ( 'NONE', #2967, 1000.000000000000000 ) ;
#1948 = CARTESIAN_POINT ( 'NONE',  ( 0.1993255186713059068, 0.5633119185870445467, 0.4774664883318570086 ) ) ;
#1949 = PRESENTATION_STYLE_ASSIGNMENT (( #525 ) ) ;
#1950 =( GEOMETRIC_REPRESENTATION_CONTEXT ( 3 ) GLOBAL_UNCERTAINTY_ASSIGNED_CONTEXT ( ( #3811 ) ) GLOBAL_UNIT_ASSIGNED_CONTEXT ( ( #850, #4398, #2571 ) ) REPRESENTATION_CONTEXT ( 'NONE', 'WORKASPACE' ) );
#1951 = CARTESIAN_POINT ( 'NONE',  ( 0.9799999999906870984, -0.6250000000000000000, 0.3300000000000000155 ) ) ;
#1952 = FILL_AREA_STYLE ('',( #582 ) ) ;
#1953 = CARTESIAN_POINT ( 'NONE',  ( 0.1994934533465067272, 0.5661026009617707855, 0.4832845350855209943 ) ) ;
#1954 = ADVANCED_FACE ( 'NONE', ( #3359 ), #1762, .T. ) ;
#1955 = CARTESIAN_POINT ( 'NONE',  ( 0.1358508218941670009, 0.4886582175577559584, 0.003000000000000000062 ) ) ;
#1956 = CARTESIAN_POINT ( 'NONE',  ( 0.1358508218941719969, -0.5999999999999998668, 0.003000000000000000062 ) ) ;
#1957 =( NAMED_UNIT ( * ) SI_UNIT ( $, .STERADIAN. ) SOLID_ANGLE_UNIT ( ) );
#1958 = CARTESIAN_POINT ( 'NONE',  ( 0.5999999999999999778, -0.5250000000000000222, 0.3299999999790450000 ) ) ;
#1959 = DIRECTION ( 'NONE',  ( 1.000000000000000000, 0.000000000000000000, -0.000000000000000000 ) ) ;
#1960 = DIRECTION ( 'NONE',  ( 1.000000000000000000, 0.000000000000000000, -0.000000000000000000 ) ) ;
#1961 = FILL_AREA_STYLE_COLOUR ( '', #61 ) ;
#1962 = SURFACE_STYLE_FILL_AREA ( #2347 ) ;
#1963 = LINE ( 'NONE', #3397, #1401 ) ;
#1964 = SURFACE_STYLE_FILL_AREA ( #1666 ) ;
#1966 = ORIENTED_EDGE ( 'NONE', *, *, #4344, .T. ) ;
#1965 = CARTESIAN_POINT ( 'NONE',  ( 0.8990000000000000213, 0.000000000000000000, 0.02000000000000000042 ) ) ;
#1967 = LINE ( 'NONE', #2351, #1947 ) ;
#1968 = ORIENTED_EDGE ( 'NONE', *, *, #3297, .F. ) ;
#1969 = LINE ( 'NONE', #1314, #3747 ) ;
#1970 = FILL_AREA_STYLE_COLOUR ( '', #3149 ) ;
#1971 = DIRECTION ( 'NONE',  ( 0.000000000000000000, -0.000000000000000000, -1.000000000000000000 ) ) ;
#1972 = EDGE_CURVE ( 'NONE', #1407, #2756, #2643, .T. ) ;
#1973 = ORIENTED_EDGE ( 'NONE', *, *, #4150, .T. ) ;
#1974 = VECTOR ( 'NONE', #4573, 1000.000000000000114 ) ;
#1975 = ADVANCED_FACE ( 'NONE', ( #3046 ), #3706, .T. ) ;
#1976 = CARTESIAN_POINT ( 'NONE',  ( 1.401800992561960113, -0.5569002487577580096, 0.4819900743804200749 ) ) ;
#1977 = EDGE_LOOP ( 'NONE', ( #958, #4191, #2137, #1406, #2335 ) ) ;
#1978 = LINE ( 'NONE', #2929, #3265 ) ;
#1979 = PRODUCT ( 'cathode mark', 'cathode mark', '', ( #28 ) ) ;
#1980 = CARTESIAN_POINT ( 'NONE',  ( -0.9799999999906870984, 0.6250000000000000000, 0.01999999999999999695 ) ) ;
#1981 = FILL_AREA_STYLE ('',( #1880 ) ) ;
#1982 = CARTESIAN_POINT ( 'NONE',  ( 0.2180997512422420403, 0.5569002487577580096, 0.4800000000000000377 ) ) ;
#1983 = CARTESIAN_POINT ( 'NONE',  ( -0.7990000000000000435, -0.5250000000000000222, 0.02000000000000000042 ) ) ;
#1984 = LINE ( 'NONE', #1261, #3137 ) ;
#1985 = PRESENTATION_LAYER_ASSIGNMENT (  '', '', ( #4496 ) ) ;
#1986 = SURFACE_STYLE_USAGE ( .BOTH. , #4162 ) ;
#1987 = LINE ( 'NONE', #3059, #505 ) ;
#1988 = EDGE_CURVE ( 'NONE', #2438, #344, #3721, .T. ) ;
#1989 =( LENGTH_UNIT ( ) NAMED_UNIT ( * ) SI_UNIT ( .MILLI., .METRE. ) );
#1990 = ORIENTED_EDGE ( 'NONE', *, *, #1764, .T. ) ;
#1991 = LINE ( 'NONE', #4190, #2300 ) ;
#1992 = ORIENTED_EDGE ( 'NONE', *, *, #2621, .T. ) ;
#1993 = DIRECTION ( 'NONE',  ( 1.000000000000000000, -0.000000000000000000, -2.081668171172169992E-16 ) ) ;
#1994 = DIRECTION ( 'NONE',  ( 1.000000000000000000, 0.000000000000000000, -0.000000000000000000 ) ) ;
#1995 = ORIENTED_EDGE ( 'NONE', *, *, #2744, .T. ) ;
#1996 = APPLICATION_CONTEXT ( 'automotive_design' ) ;
#1997 = CARTESIAN_POINT ( 'NONE',  ( -0.7990000000000000435, 0.5250000000000000222, 0.02000000000000000042 ) ) ;
#1998 = AXIS2_PLACEMENT_3D ( 'NONE', #3921, #263, #4582 ) ;
#1999 = ORIENTED_EDGE ( 'NONE', *, *, #830, .T. ) ;
#2000 = PRESENTATION_LAYER_ASSIGNMENT (  '', '', ( #424 ) ) ;
#2001 = FILL_AREA_STYLE_COLOUR ( '', #4451 ) ;
#2002 = VECTOR ( 'NONE', #10, 1000.000000000000000 ) ;
#2003 = VECTOR ( 'NONE', #4107, 1000.000000000000000 ) ;
#2004 = EDGE_CURVE ( 'NONE', #624, #3069, #3784, .T. ) ;
#2005 =( NAMED_UNIT ( * ) PLANE_ANGLE_UNIT ( ) SI_UNIT ( $, .RADIAN. ) );
#2006 = VECTOR ( 'NONE', #1343, 1000.000000000000000 ) ;
#2007 = FILL_AREA_STYLE ('',( #1411 ) ) ;
#2008 = DIRECTION ( 'NONE',  ( -0.000000000000000000, -0.000000000000000000, 1.000000000000000000 ) ) ;
#2009 = AXIS2_PLACEMENT_3D ( 'NONE', #476, #1572, #845 ) ;
#2010 = FACE_OUTER_BOUND ( 'NONE', #2712, .T. ) ;
#2011 = PRESENTATION_STYLE_ASSIGNMENT (( #4134 ) ) ;
#2012 = EDGE_CURVE ( 'NONE', #407, #2155, #3151, .T. ) ;
#2013 = CARTESIAN_POINT ( 'NONE',  ( 1.392134926983314536, -0.5567843850175928644, 0.5024402947442969669 ) ) ;
#2014 =( NAMED_UNIT ( * ) PLANE_ANGLE_UNIT ( ) SI_UNIT ( $, .RADIAN. ) );
#2015 = CARTESIAN_POINT ( 'NONE',  ( 0.1358508218941719969, -0.5999999999999999778, 0.000000000000000000 ) ) ;
#2016 = ORIENTED_EDGE ( 'NONE', *, *, #1685, .T. ) ;
#2017 = CARTESIAN_POINT ( 'NONE',  ( 0.2180997512422425400, 0.5569002487577584537, 0.4800000000000000933 ) ) ;
#2018 = LINE ( 'NONE', #1363, #4424 ) ;
#2019 = ORIENTED_EDGE ( 'NONE', *, *, #1910, .T. ) ;
#2020 =( NAMED_UNIT ( * ) PLANE_ANGLE_UNIT ( ) SI_UNIT ( $, .RADIAN. ) );
#2021 = MECHANICAL_DESIGN_GEOMETRIC_PRESENTATION_REPRESENTATION (  '', ( #3058 ), #1271 ) ;
#2022 = CARTESIAN_POINT ( 'NONE',  ( 0.1910926181822714121, -0.5455037949345242776, 0.4934074369697784568 ) ) ;
#2023 = UNCERTAINTY_MEASURE_WITH_UNIT (LENGTH_MEASURE( 1.000000000000000082E-05 ), #3167, 'distance_accuracy_value', 'NONE');
#2024 = MECHANICAL_DESIGN_GEOMETRIC_PRESENTATION_REPRESENTATION (  '', ( #2603 ), #2835 ) ;
#2025 = EDGE_LOOP ( 'NONE', ( #595, #294, #2829, #1509 ) ) ;
#2026 = COLOUR_RGB ( '',0.8627450980392157298, 0.6274509803921568540, 0.05882352941176470507 ) ;
#2027 = DIRECTION ( 'NONE',  ( -0.09901475429766752601, -0.09901475429766752601, -0.9901475429766742886 ) ) ;
#2028 = CARTESIAN_POINT ( 'NONE',  ( 0.05773389333406900303, -0.4886582175577640075, 0.003000000000000000062 ) ) ;
#2029 = ORIENTED_EDGE ( 'NONE', *, *, #883, .F. ) ;
#2030 = AXIS2_PLACEMENT_3D ( 'NONE', #4153, #3707, #4497 ) ;
#2031 = DIRECTION ( 'NONE',  ( 0.000000000000000000, 0.000000000000000000, -1.000000000000000000 ) ) ;
#2032 = UNCERTAINTY_MEASURE_WITH_UNIT (LENGTH_MEASURE( 1.000000000000000082E-05 ), #1339, 'distance_accuracy_value', 'NONE');
#2033 =( LENGTH_UNIT ( ) NAMED_UNIT ( * ) SI_UNIT ( .MILLI., .METRE. ) );
#2034 = LINE ( 'NONE', #212, #426 ) ;
#2035 = CARTESIAN_POINT ( 'NONE',  ( -0.8990000000000000213, 0.6250000000000000000, 0.3499999999999999778 ) ) ;
#2036 = EDGE_CURVE ( 'NONE', #1366, #3690, #2484, .T. ) ;
#2037 = PRESENTATION_STYLE_ASSIGNMENT (( #2061 ) ) ;
#2038 = DIRECTION ( 'NONE',  ( 0.000000000000000000, -0.000000000000000000, -1.000000000000000000 ) ) ;
#2039 = CARTESIAN_POINT ( 'NONE',  ( 1.000000000000000000, 0.6250000000000000000, 0.000000000000000000 ) ) ;
#2040 = FILL_AREA_STYLE_COLOUR ( '', #1412 ) ;
#2041 = ORIENTED_EDGE ( 'NONE', *, *, #3405, .F. ) ;
#2042 = CARTESIAN_POINT ( 'NONE',  ( -0.5999999999999999778, -0.5250000000000000222, 0.01999999996565750282 ) ) ;
#2043 = ADVANCED_FACE ( 'NONE', ( #639 ), #2780, .T. ) ;
#2044 = DIRECTION ( 'NONE',  ( -1.122400076403130121E-16, 0.000000000000000000, -1.000000000000000000 ) ) ;
#2045 = CARTESIAN_POINT ( 'NONE',  ( 0.8990000000000000213, -0.5250000000000000222, 0.3499999999999999778 ) ) ;
#2046 = ORIENTED_EDGE ( 'NONE', *, *, #3005, .F. ) ;
#2047 = SURFACE_SIDE_STYLE ('',( #254 ) ) ;
#2048 = PRESENTATION_STYLE_ASSIGNMENT (( #1014 ) ) ;
#2049 = CARTESIAN_POINT ( 'NONE',  ( -0.9799999999906870984, 0.6250000000000000000, 0.3300000000000000155 ) ) ;
#2050 = ADVANCED_FACE ( 'NONE', ( #1763 ), #3048, .T. ) ;
#2051 =( GEOMETRIC_REPRESENTATION_CONTEXT ( 3 ) GLOBAL_UNCERTAINTY_ASSIGNED_CONTEXT ( ( #2810 ) ) GLOBAL_UNIT_ASSIGNED_CONTEXT ( ( #2975, #3685, #4121 ) ) REPRESENTATION_CONTEXT ( 'NONE', 'WORKASPACE' ) );
#2053 = ORIENTED_EDGE ( 'NONE', *, *, #3321, .F. ) ;
#2052 = LINE ( 'NONE', #657, #3456 ) ;
#2054 = FACE_OUTER_BOUND ( 'NONE', #2025, .T. ) ;
#2055 = FACE_OUTER_BOUND ( 'NONE', #1846, .T. ) ;
#2056 = CARTESIAN_POINT ( 'NONE',  ( 0.2002318531096846099, -0.5654874199675034019, 0.4826455069342303617 ) ) ;
#2057 =( GEOMETRIC_REPRESENTATION_CONTEXT ( 3 ) GLOBAL_UNCERTAINTY_ASSIGNED_CONTEXT ( ( #1649 ) ) GLOBAL_UNIT_ASSIGNED_CONTEXT ( ( #1906, #3748, #2489 ) ) REPRESENTATION_CONTEXT ( 'NONE', 'WORKASPACE' ) );
#2058 = FILL_AREA_STYLE ('',( #4628 ) ) ;
#2059 = DIRECTION ( 'NONE',  ( -0.000000000000000000, 1.000000000000000000, 0.000000000000000000 ) ) ;
#2060 = PRESENTATION_LAYER_ASSIGNMENT (  '', '', ( #1381 ) ) ;
#2061 = SURFACE_STYLE_USAGE ( .BOTH. , #924 ) ;
#2062 = SURFACE_STYLE_FILL_AREA ( #1708 ) ;
#2063 = APPLICATION_CONTEXT ( 'automotive_design' ) ;
#2064 = ORIENTED_EDGE ( 'NONE', *, *, #1750, .F. ) ;
#2065 = ORIENTED_EDGE ( 'NONE', *, *, #4046, .F. ) ;
#2066 = FACE_OUTER_BOUND ( 'NONE', #1712, .T. ) ;
#2067 = CARTESIAN_POINT ( 'NONE',  ( 0.8990000000000000213, -0.6250000000000000000, 0.3499999999999999778 ) ) ;
#2068 = EDGE_CURVE ( 'NONE', #1338, #2498, #4643, .T. ) ;
#2069 = ORIENTED_EDGE ( 'NONE', *, *, #4574, .F. ) ;
#2070 = ADVANCED_FACE ( 'NONE', ( #2077 ), #3509, .T. ) ;
#2071 = UNCERTAINTY_MEASURE_WITH_UNIT (LENGTH_MEASURE( 1.000000000000000082E-05 ), #4586, 'distance_accuracy_value', 'NONE');
#2072 = UNCERTAINTY_MEASURE_WITH_UNIT (LENGTH_MEASURE( 1.000000000000000082E-05 ), #2871, 'distance_accuracy_value', 'NONE');
#2073 = DIRECTION ( 'NONE',  ( -1.000000000000000000, 0.000000000000000000, 0.000000000000000000 ) ) ;
#2074 = MECHANICAL_DESIGN_GEOMETRIC_PRESENTATION_REPRESENTATION (  '', ( #786 ), #4501 ) ;
#2075 = AXIS2_PLACEMENT_3D ( 'NONE', #1675, #919, #4580 ) ;
#2076 = VECTOR ( 'NONE', #2953, 1000.000000000000000 ) ;
#2077 = FACE_OUTER_BOUND ( 'NONE', #4637, .T. ) ;
#2078 = MECHANICAL_DESIGN_GEOMETRIC_PRESENTATION_REPRESENTATION (  '', ( #863 ), #4593 ) ;
#2079 = LINE ( 'NONE', #1091, #524 ) ;
#2080 = MECHANICAL_DESIGN_GEOMETRIC_PRESENTATION_REPRESENTATION (  '', ( #1012 ), #1626 ) ;
#2081 = LINE ( 'NONE', #2453, #4606 ) ;
#2082 = EDGE_LOOP ( 'NONE', ( #1646, #1672, #4086, #4406 ) ) ;
#2083 = AXIS2_PLACEMENT_3D ( 'NONE', #1657, #1302, #2122 ) ;
#2084 = SURFACE_STYLE_USAGE ( .BOTH. , #3927 ) ;
#2085 = STYLED_ITEM ( 'NONE', ( #2960 ), #2934 ) ;
#2086 =( NAMED_UNIT ( * ) SI_UNIT ( $, .STERADIAN. ) SOLID_ANGLE_UNIT ( ) );
#2087 =( LENGTH_UNIT ( ) NAMED_UNIT ( * ) SI_UNIT ( .MILLI., .METRE. ) );
#2088 = VECTOR ( 'NONE', #2630, 1000.000000000000000 ) ;
#2089 = ORIENTED_EDGE ( 'NONE', *, *, #2920, .F. ) ;
#2090 = CARTESIAN_POINT ( 'NONE',  ( 1.373297820105815026, 0.5867014069890161831, 0.4887700029262421197 ) ) ;
#2091 = ORIENTED_EDGE ( 'NONE', *, *, #1972, .F. ) ;
#2092 = ORIENTED_EDGE ( 'NONE', *, *, #2691, .T. ) ;
#2093 = MECHANICAL_DESIGN_GEOMETRIC_PRESENTATION_REPRESENTATION (  '', ( #4597 ), #2313 ) ;
#2094 = DIRECTION ( 'NONE',  ( 1.000000000000000000, -0.000000000000000000, -0.000000000000000000 ) ) ;
#2095 = PRESENTATION_LAYER_ASSIGNMENT (  '', '', ( #4528 ) ) ;
#2096 = ORIENTED_EDGE ( 'NONE', *, *, #1988, .F. ) ;
#2097 = VERTEX_POINT ( 'NONE', #2403 ) ;
#2098 = EDGE_CURVE ( 'NONE', #3427, #3278, #2988, .T. ) ;
#2099 = DIRECTION ( 'NONE',  ( -1.000000000000000000, -0.000000000000000000, 0.000000000000000000 ) ) ;
#2100 = CARTESIAN_POINT ( 'NONE',  ( -0.5999999999999999778, 0.000000000000000000, 0.3299999999790450000 ) ) ;
#2101 = CIRCLE ( 'NONE', #2173, 0.01999999999999999695 ) ;
#2102 = AXIS2_PLACEMENT_3D ( 'NONE', #2017, #568, #899 ) ;
#2103 = VERTEX_POINT ( 'NONE', #4514 ) ;
#2104 = AXIS2_PLACEMENT_3D ( 'NONE', #2035, #2389, #4535 ) ;
#2105 = EDGE_CURVE ( 'NONE', #4464, #1085, #3773, .T. ) ;
#2106 = DIRECTION ( 'NONE',  ( 1.000000000000000000, 0.000000000000000000, -0.000000000000000000 ) ) ;
#2107 = VECTOR ( 'NONE', #3340, 1000.000000000000000 ) ;
#2108 = SURFACE_SIDE_STYLE ('',( #686 ) ) ;
#2109 = MECHANICAL_DESIGN_GEOMETRIC_PRESENTATION_REPRESENTATION (  '', ( #2689 ), #4047 ) ;
#2110 = ORIENTED_EDGE ( 'NONE', *, *, #4609, .F. ) ;
#2111 = FACE_OUTER_BOUND ( 'NONE', #3493, .T. ) ;
#2112 =( LENGTH_UNIT ( ) NAMED_UNIT ( * ) SI_UNIT ( .MILLI., .METRE. ) );
#2113 =( LENGTH_UNIT ( ) NAMED_UNIT ( * ) SI_UNIT ( .MILLI., .METRE. ) );
#2114 = ORIENTED_EDGE ( 'NONE', *, *, #1320, .F. ) ;
#2115 = CARTESIAN_POINT ( 'NONE',  ( 1.419251477880429713, 0.5743507340762333824, 0.3074852211956670134 ) ) ;
#2116 = CARTESIAN_POINT ( 'NONE',  ( -0.5999999999999999778, 0.000000000000000000, 0.01999999996565750282 ) ) ;
#2117 = ORIENTED_EDGE ( 'NONE', *, *, #3481, .F. ) ;
#2118 = ORIENTED_EDGE ( 'NONE', *, *, #2879, .T. ) ;
#2119 = CARTESIAN_POINT ( 'NONE',  ( 0.8990000000000000213, 0.5250000000000000222, 0.02000000000000000042 ) ) ;
#2120 = UNCERTAINTY_MEASURE_WITH_UNIT (LENGTH_MEASURE( 1.000000000000000082E-05 ), #223, 'distance_accuracy_value', 'NONE');
#2121 = ADVANCED_FACE ( 'NONE', ( #875 ), #2246, .T. ) ;
#2122 = DIRECTION ( 'NONE',  ( 1.000000000000000000, 0.000000000000000000, -0.000000000000000000 ) ) ;
#2123 = DIRECTION ( 'NONE',  ( 4.611473240305010089E-15, -1.000000000000000000, 0.000000000000000000 ) ) ;
#2124 =( NAMED_UNIT ( * ) PLANE_ANGLE_UNIT ( ) SI_UNIT ( $, .RADIAN. ) );
#2125 = EDGE_CURVE ( 'NONE', #83, #627, #1963, .T. ) ;
#2126 = ORIENTED_EDGE ( 'NONE', *, *, #2997, .F. ) ;
#2127 = SURFACE_STYLE_FILL_AREA ( #2888 ) ;
#2128 = COLOUR_RGB ( '',0.4745098039215686070, 0.6470588235294117974, 0.3098039215686274606 ) ;
#2129 = VERTEX_POINT ( 'NONE', #3031 ) ;
#2130 = CARTESIAN_POINT ( 'NONE',  ( 0.5999999999999999778, 0.5250000000000000222, 0.01999999996565750282 ) ) ;
#2131 = AXIS2_PLACEMENT_3D ( 'NONE', #183, #155, #4064 ) ;
#2132 =( NAMED_UNIT ( * ) PLANE_ANGLE_UNIT ( ) SI_UNIT ( $, .RADIAN. ) );
#2133 =( LENGTH_UNIT ( ) NAMED_UNIT ( * ) SI_UNIT ( .MILLI., .METRE. ) );
#2134 = ORIENTED_EDGE ( 'NONE', *, *, #274, .T. ) ;
#2135 =( NAMED_UNIT ( * ) SI_UNIT ( $, .STERADIAN. ) SOLID_ANGLE_UNIT ( ) );
#2136 = DIRECTION ( 'NONE',  ( -1.000000000000000000, -1.332405286243769923E-15, 0.000000000000000000 ) ) ;
#2137 = ORIENTED_EDGE ( 'NONE', *, *, #1806, .T. ) ;
#2138 = ORIENTED_EDGE ( 'NONE', *, *, #2264, .T. ) ;
#2139 = COLOUR_RGB ( '',0.8627450980392157298, 0.6274509803921568540, 0.05882352941176470507 ) ;
#2140 = CARTESIAN_POINT ( 'NONE',  ( 1.400674481328696652, -0.5633119185870445467, 0.4774664883318572306 ) ) ;
#2141 = CARTESIAN_POINT ( 'NONE',  ( 1.450000000000002176, -0.6050992561958002947, -1.355252715606880543E-17 ) ) ;
#2142 = ORIENTED_EDGE ( 'NONE', *, *, #2553, .T. ) ;
#2143 = SHAPE_REPRESENTATION_RELATIONSHIP ( 'NONE' , 'NONE' ,  #3982, #1165 ) ;
#2144 = APPLICATION_CONTEXT ( 'automotive_design' ) ;
#2145 = AXIS2_PLACEMENT_3D ( 'NONE', #2623, #3004, #4095 ) ;
#2146 =( NAMED_UNIT ( * ) PLANE_ANGLE_UNIT ( ) SI_UNIT ( $, .RADIAN. ) );
#2147 = ADVANCED_FACE ( 'NONE', ( #1637 ), #1257, .T. ) ;
#2148 = ORIENTED_EDGE ( 'NONE', *, *, #3116, .F. ) ;
#2149 =( GEOMETRIC_REPRESENTATION_CONTEXT ( 3 ) GLOBAL_UNCERTAINTY_ASSIGNED_CONTEXT ( ( #381 ) ) GLOBAL_UNIT_ASSIGNED_CONTEXT ( ( #2033, #3101, #1255 ) ) REPRESENTATION_CONTEXT ( 'NONE', 'WORKASPACE' ) );
#2150 = PRODUCT_RELATED_PRODUCT_CATEGORY ( 'part', '', ( #927 ) ) ;
#2151 = CARTESIAN_POINT ( 'NONE',  ( 1.392664774857871324, -0.5676647748578689257, 0.4929711200626648027 ) ) ;
#2152 = ORIENTED_EDGE ( 'NONE', *, *, #1502, .T. ) ;
#2153 =( LENGTH_UNIT ( ) NAMED_UNIT ( * ) SI_UNIT ( .MILLI., .METRE. ) );
#2154 = STYLED_ITEM ( 'NONE', ( #2834 ), #1904 ) ;
#2155 = VERTEX_POINT ( 'NONE', #2315 ) ;
#2156 = EDGE_CURVE ( 'NONE', #1460, #36, #3296, .T. ) ;
#2157 = VERTEX_POINT ( 'NONE', #4456 ) ;
#2158 =( GEOMETRIC_REPRESENTATION_CONTEXT ( 3 ) GLOBAL_UNCERTAINTY_ASSIGNED_CONTEXT ( ( #3431 ) ) GLOBAL_UNIT_ASSIGNED_CONTEXT ( ( #2539, #2258, #4411 ) ) REPRESENTATION_CONTEXT ( 'NONE', 'WORKASPACE' ) );
#2159 = CARTESIAN_POINT ( 'NONE',  ( 0.2240506441546053495, 0.5633119185870444356, 0.4979854764614619067 ) ) ;
#2160 = STYLED_ITEM ( 'NONE', ( #4560 ), #2189 ) ;
#2161 =( GEOMETRIC_REPRESENTATION_CONTEXT ( 3 ) GLOBAL_UNCERTAINTY_ASSIGNED_CONTEXT ( ( #2072 ) ) GLOBAL_UNIT_ASSIGNED_CONTEXT ( ( #2871, #1081, #2578 ) ) REPRESENTATION_CONTEXT ( 'NONE', 'WORKASPACE' ) );
#2162 = FACE_OUTER_BOUND ( 'NONE', #2532, .T. ) ;
#2163 = PRESENTATION_STYLE_ASSIGNMENT (( #3932 ) ) ;
#2164 = LINE ( 'NONE', #3228, #244 ) ;
#2165 = ORIENTED_EDGE ( 'NONE', *, *, #3022, .F. ) ;
#2166 = COLOUR_RGB ( '',0.8627450980392157298, 0.6274509803921568540, 0.05882352941176470507 ) ;
#2167 = ORIENTED_EDGE ( 'NONE', *, *, #3919, .F. ) ;
#2168 = UNCERTAINTY_MEASURE_WITH_UNIT (LENGTH_MEASURE( 1.000000000000000082E-05 ), #1356, 'distance_accuracy_value', 'NONE');
#2169 =( GEOMETRIC_REPRESENTATION_CONTEXT ( 3 ) GLOBAL_UNCERTAINTY_ASSIGNED_CONTEXT ( ( #1300 ) ) GLOBAL_UNIT_ASSIGNED_CONTEXT ( ( #406, #3294, #709 ) ) REPRESENTATION_CONTEXT ( 'NONE', 'WORKASPACE' ) );
#2170 =( NAMED_UNIT ( * ) SI_UNIT ( $, .STERADIAN. ) SOLID_ANGLE_UNIT ( ) );
#2171 = CARTESIAN_POINT ( 'NONE',  ( 0.5990000000000009761, 0.5250000000000000222, 0.3300000000000000155 ) ) ;
#2172 = DIRECTION ( 'NONE',  ( 1.000000000000000000, 0.000000000000000000, -0.000000000000000000 ) ) ;
#2173 = AXIS2_PLACEMENT_3D ( 'NONE', #3990, #1901, #759 ) ;
#2174 = CYLINDRICAL_SURFACE ( 'NONE', #1856, 0.01999999999999999695 ) ;
#2175 = ORIENTED_EDGE ( 'NONE', *, *, #56, .F. ) ;
#2176 = COLOUR_RGB ( '',0.9607843137254902244, 0.9607843137254902244, 0.9607843137254902244 ) ;
#2177 = STYLED_ITEM ( 'NONE', ( #1152 ), #325 ) ;
#2178 = LINE ( 'NONE', #3625, #3280 ) ;
#2179 = MECHANICAL_DESIGN_GEOMETRIC_PRESENTATION_REPRESENTATION (  '', ( #3451 ), #1942 ) ;
#2180 = ADVANCED_FACE ( 'NONE', ( #4130 ), #1205, .T. ) ;
#2181 = AXIS2_PLACEMENT_3D ( 'NONE', #1315, #2373, #2638 ) ;
#2182 =( GEOMETRIC_REPRESENTATION_CONTEXT ( 3 ) GLOBAL_UNCERTAINTY_ASSIGNED_CONTEXT ( ( #4096 ) ) GLOBAL_UNIT_ASSIGNED_CONTEXT ( ( #937, #4205, #4257 ) ) REPRESENTATION_CONTEXT ( 'NONE', 'WORKASPACE' ) );
#2183 = ORIENTED_EDGE ( 'NONE', *, *, #2125, .T. ) ;
#2184 = SURFACE_STYLE_USAGE ( .BOTH. , #745 ) ;
#2185 = DIRECTION ( 'NONE',  ( 0.000000000000000000, 0.000000000000000000, 1.000000000000000000 ) ) ;
#2186 = FILL_AREA_STYLE ('',( #1111 ) ) ;
#2187 = EDGE_CURVE ( 'NONE', #3420, #3633, #801, .T. ) ;
#2188 = ORIENTED_EDGE ( 'NONE', *, *, #741, .T. ) ;
#2189 = ADVANCED_FACE ( 'NONE', ( #4660 ), #1744, .T. ) ;
#2190 = ORIENTED_EDGE ( 'NONE', *, *, #1325, .F. ) ;
#2191 = PRESENTATION_STYLE_ASSIGNMENT (( #2876 ) ) ;
#2192 = DIRECTION ( 'NONE',  ( 0.000000000000000000, 0.000000000000000000, 1.000000000000000000 ) ) ;
#2193 = PLANE ( 'NONE',  #2983 ) ;
#2194 = FILL_AREA_STYLE_COLOUR ( '', #1771 ) ;
#2195 = EDGE_LOOP ( 'NONE', ( #2029, #3540, #1429, #986 ) ) ;
#2196 = CARTESIAN_POINT ( 'NONE',  ( 1.381900248757762295, -0.5569002487577584537, 0.4800000000000003153 ) ) ;
#2197 = DIRECTION ( 'NONE',  ( 1.000000000000000000, 0.000000000000000000, -0.000000000000000000 ) ) ;
#2198 = VECTOR ( 'NONE', #4397, 1000.000000000000000 ) ;
#2199 = DIRECTION ( 'NONE',  ( 0.000000000000000000, -0.000000000000000000, -1.000000000000000000 ) ) ;
#2200 = DIRECTION ( 'NONE',  ( 0.000000000000000000, 0.000000000000000000, 1.000000000000000000 ) ) ;
#2201 = LINE ( 'NONE', #2901, #4300 ) ;
#2202 = ORIENTED_EDGE ( 'NONE', *, *, #1403, .F. ) ;
#2203 = ORIENTED_EDGE ( 'NONE', *, *, #3841, .F. ) ;
#2204 = EDGE_CURVE ( 'NONE', #1342, #1153, #1024, .T. ) ;
#2205 = EDGE_LOOP ( 'NONE', ( #1057, #3091, #4312, #3065 ) ) ;
#2206 =( LENGTH_UNIT ( ) NAMED_UNIT ( * ) SI_UNIT ( .MILLI., .METRE. ) );
#2207 =( NAMED_UNIT ( * ) PLANE_ANGLE_UNIT ( ) SI_UNIT ( $, .RADIAN. ) );
#2208 = DIRECTION ( 'NONE',  ( -0.000000000000000000, 0.000000000000000000, -1.000000000000000000 ) ) ;
#2209 = ADVANCED_FACE ( 'NONE', ( #1787 ), #13, .F. ) ;
#2210 = CARTESIAN_POINT ( 'NONE',  ( 0.1358508218941670009, 0.5999999999999999778, 0.000000000000000000 ) ) ;
#2211 = ORIENTED_EDGE ( 'NONE', *, *, #913, .F. ) ;
#2212 = DIRECTION ( 'NONE',  ( -1.000000000000000000, 0.000000000000000000, 0.000000000000000000 ) ) ;
#2213 = SURFACE_STYLE_FILL_AREA ( #1420 ) ;
#2214 = ORIENTED_EDGE ( 'NONE', *, *, #749, .F. ) ;
#2215 = PRESENTATION_LAYER_ASSIGNMENT (  '', '', ( #1392 ) ) ;
#2216 = AXIS2_PLACEMENT_3D ( 'NONE', #2257, #3963, #4337 ) ;
#2217 =( GEOMETRIC_REPRESENTATION_CONTEXT ( 3 ) GLOBAL_UNCERTAINTY_ASSIGNED_CONTEXT ( ( #755 ) ) GLOBAL_UNIT_ASSIGNED_CONTEXT ( ( #554, #1517, #2262 ) ) REPRESENTATION_CONTEXT ( 'NONE', 'WORKASPACE' ) );
#2218 = FILL_AREA_STYLE_COLOUR ( '', #2837 ) ;
#2219 = ORIENTED_EDGE ( 'NONE', *, *, #4382, .F. ) ;
#2220 = ORIENTED_EDGE ( 'NONE', *, *, #3094, .F. ) ;
#2221 =( GEOMETRIC_REPRESENTATION_CONTEXT ( 3 ) GLOBAL_UNCERTAINTY_ASSIGNED_CONTEXT ( ( #2479 ) ) GLOBAL_UNIT_ASSIGNED_CONTEXT ( ( #55, #3969, #130 ) ) REPRESENTATION_CONTEXT ( 'NONE', 'WORKASPACE' ) );
#2222 = FACE_OUTER_BOUND ( 'NONE', #1658, .T. ) ;
#2223 = COLOUR_RGB ( '',0.9607843137254902244, 0.9607843137254902244, 0.9607843137254902244 ) ;
#2224 = CARTESIAN_POINT ( 'NONE',  ( 0.8990000000000000213, 0.6250000000000000000, 0.1749999999999999889 ) ) ;
#2225 = DIRECTION ( 'NONE',  ( 0.000000000000000000, -1.000000000000000000, 0.000000000000000000 ) ) ;
#2226 = VECTOR ( 'NONE', #728, 1000.000000000000000 ) ;
#2227 = DIRECTION ( 'NONE',  ( -1.000000000000000000, -4.611473240305010089E-15, 0.000000000000000000 ) ) ;
#2228 = DIRECTION ( 'NONE',  ( 0.000000000000000000, 0.000000000000000000, -1.000000000000000000 ) ) ;
#2229 = SURFACE_STYLE_FILL_AREA ( #81 ) ;
#2230 =( GEOMETRIC_REPRESENTATION_CONTEXT ( 3 ) GLOBAL_UNCERTAINTY_ASSIGNED_CONTEXT ( ( #2513 ) ) GLOBAL_UNIT_ASSIGNED_CONTEXT ( ( #97, #4403, #3677 ) ) REPRESENTATION_CONTEXT ( 'NONE', 'WORKASPACE' ) );
#2231 = APPLICATION_CONTEXT ( 'automotive_design' ) ;
#2232 = EDGE_CURVE ( 'NONE', #123, #1783, #3157, .T. ) ;
#2233 = PRESENTATION_LAYER_ASSIGNMENT (  '', '', ( #1344 ) ) ;
#2234 = CARTESIAN_POINT ( 'NONE',  ( 0.8990000000000000213, 0.000000000000000000, 0.3299999999790450000 ) ) ;
#2235 = DIRECTION ( 'NONE',  ( -1.000000000000000000, -0.000000000000000000, 2.081668171172169992E-16 ) ) ;
#2236 = SURFACE_STYLE_FILL_AREA ( #3995 ) ;
#2237 = SURFACE_STYLE_USAGE ( .BOTH. , #3293 ) ;
#2238 = AXIS2_PLACEMENT_3D ( 'NONE', #1659, #215, #2415 ) ;
#2239 = FILL_AREA_STYLE_COLOUR ( '', #2386 ) ;
#2240 = DIRECTION ( 'NONE',  ( 1.000000000000000000, 0.000000000000000000, -0.000000000000000000 ) ) ;
#2241 = DIRECTION ( 'NONE',  ( 0.000000000000000000, -0.000000000000000000, 1.000000000000000000 ) ) ;
#2242 = PRESENTATION_LAYER_ASSIGNMENT (  '', '', ( #2603 ) ) ;
#2243 = LINE ( 'NONE', #142, #502 ) ;
#2244 = SURFACE_STYLE_USAGE ( .BOTH. , #1442 ) ;
#2245 =( BOUNDED_SURFACE ( )  B_SPLINE_SURFACE ( 3, 3, ( 
 ( #3135, #3201, #710, #3558 ),
 ( #3849, #4615, #998, #1361 ),
 ( #3869, #670, #2090, #3517 ),
 ( #39, #3627, #4352, #1459 ) ),
 .UNSPECIFIED., .F., .F., .T. ) 
 B_SPLINE_SURFACE_WITH_KNOTS ( ( 4, 4 ),
 ( 4, 4 ),
 ( 0.000000000000000000, 1.000000000000000000 ),
 ( 0.000000000000000000, 1.000000000000000000 ),
 .UNSPECIFIED. ) 
 GEOMETRIC_REPRESENTATION_ITEM ( )  RATIONAL_B_SPLINE_SURFACE ( (
 ( 1.000000000000000000, 0.3333333333333345916, 0.3333333333333345916, 1.000000000000000000),
 ( 0.9288031850351498031, 0.3096010616783844149, 0.3096010616783844149, 0.9288031850351498031),
 ( 0.9288031850351498031, 0.3096010616783844149, 0.3096010616783844149, 0.9288031850351498031),
 ( 1.000000000000000000, 0.3333333333333345916, 0.3333333333333345916, 1.000000000000000000) ) ) 
 REPRESENTATION_ITEM ( '' )  SURFACE ( )  );
#2246 = CYLINDRICAL_SURFACE ( 'NONE', #3127, 0.02000000000000008021 ) ;
#2247 = AXIS2_PLACEMENT_3D ( 'NONE', #4314, #765, #1818 ) ;
#2248 = ORIENTED_EDGE ( 'NONE', *, *, #2187, .T. ) ;
#2249 = CIRCLE ( 'NONE', #2838, 0.02000000000000008021 ) ;
#2250 = ORIENTED_EDGE ( 'NONE', *, *, #1130, .T. ) ;
#2251 = ORIENTED_EDGE ( 'NONE', *, *, #3529, .T. ) ;
#2252 = CARTESIAN_POINT ( 'NONE',  ( 0.8990000000000000213, 0.6250000000000000000, 0.01999999997710499161 ) ) ;
#2253 = LINE ( 'NONE', #4439, #3821 ) ;
#2254 = FACE_OUTER_BOUND ( 'NONE', #2713, .T. ) ;
#2255 = VECTOR ( 'NONE', #774, 1000.000000000000114 ) ;
#2256 = VERTEX_POINT ( 'NONE', #4187 ) ;
#2257 = CARTESIAN_POINT ( 'NONE',  ( -0.8000000000000080380, 6.994405055138530381E-16, 0.3499999999999999778 ) ) ;
#2258 =( NAMED_UNIT ( * ) PLANE_ANGLE_UNIT ( ) SI_UNIT ( $, .RADIAN. ) );
#2259 =( NAMED_UNIT ( * ) PLANE_ANGLE_UNIT ( ) SI_UNIT ( $, .RADIAN. ) );
#2260 = FILL_AREA_STYLE ('',( #4089 ) ) ;
#2261 = DIRECTION ( 'NONE',  ( 0.000000000000000000, -1.000000000000000000, 0.000000000000000000 ) ) ;
#2262 =( NAMED_UNIT ( * ) SI_UNIT ( $, .STERADIAN. ) SOLID_ANGLE_UNIT ( ) );
#2263 = FILL_AREA_STYLE_COLOUR ( '', #4049 ) ;
#2264 = EDGE_CURVE ( 'NONE', #2867, #694, #2397, .T. ) ;
#2265 =( NAMED_UNIT ( * ) PLANE_ANGLE_UNIT ( ) SI_UNIT ( $, .RADIAN. ) );
#2266 = UNCERTAINTY_MEASURE_WITH_UNIT (LENGTH_MEASURE( 1.000000000000000082E-05 ), #53, 'distance_accuracy_value', 'NONE');
#2267 = EDGE_CURVE ( 'NONE', #1507, #3658, #2034, .T. ) ;
#2268 = DIRECTION ( 'NONE',  ( -0.000000000000000000, 0.000000000000000000, -1.000000000000000000 ) ) ;
#2269 = CARTESIAN_POINT ( 'NONE',  ( 0.1499999999999999667, 0.000000000000000000, 0.000000000000000000 ) ) ;
#2270 = DIRECTION ( 'NONE',  ( -1.000000000000000000, -0.000000000000000000, 0.000000000000000000 ) ) ;
#2271 = CARTESIAN_POINT ( 'NONE',  ( 0.2002318531096845267, 0.5654874199675034019, 0.4826455069342303617 ) ) ;
#2272 = EDGE_CURVE ( 'NONE', #627, #1364, #2314, .T. ) ;
#2273 = CARTESIAN_POINT ( 'NONE',  ( -0.8990000000000000213, -0.6250000000000000000, 8.550622152124050133E-20 ) ) ;
#2274 = CARTESIAN_POINT ( 'NONE',  ( -0.8990000000000000213, -0.5250000000000000222, 0.3499999999999999778 ) ) ;
#2275 = VERTEX_POINT ( 'NONE', #2724 ) ;
#2276 = VERTEX_POINT ( 'NONE', #1330 ) ;
#2277 = STYLED_ITEM ( 'NONE', ( #3692 ), #3292 ) ;
#2278 = CONTEXT_DEPENDENT_SHAPE_REPRESENTATION ( #3835, #3124 ) ;
#2279 = PRESENTATION_STYLE_ASSIGNMENT (( #1246 ) ) ;
#2280 = VECTOR ( 'NONE', #719, 1000.000000000000000 ) ;
#2281 =( NAMED_UNIT ( * ) SI_UNIT ( $, .STERADIAN. ) SOLID_ANGLE_UNIT ( ) );
#2282 = CARTESIAN_POINT ( 'NONE',  ( 0.5989999999999999769, -0.5250000000000000222, 0.3499999999999999778 ) ) ;
#2283 = DIRECTION ( 'NONE',  ( -0.000000000000000000, -1.000000000000000000, -0.000000000000000000 ) ) ;
#2284 = ORIENTED_EDGE ( 'NONE', *, *, #4005, .F. ) ;
#2285 = LINE ( 'NONE', #1902, #3114 ) ;
#2286 = SURFACE_STYLE_FILL_AREA ( #2649 ) ;
#2287 = CARTESIAN_POINT ( 'NONE',  ( 0.8990000000000000213, -0.6250000000000000000, 0.3300000000000000155 ) ) ;
#2288 = EDGE_CURVE ( 'NONE', #256, #1389, #612, .T. ) ;
#2289 = CARTESIAN_POINT ( 'NONE',  ( 0.2180997512422420126, 0.5569002487577580096, 0.4800000000000000377 ) ) ;
#2290 = LINE ( 'NONE', #483, #2587 ) ;
#2291 = PRESENTATION_STYLE_ASSIGNMENT (( #4485 ) ) ;
#2292 = FACE_OUTER_BOUND ( 'NONE', #1654, .T. ) ;
#2293 = MECHANICAL_DESIGN_GEOMETRIC_PRESENTATION_REPRESENTATION (  '', ( #3711 ), #2958 ) ;
#2294 = EDGE_CURVE ( 'NONE', #36, #3269, #1139, .T. ) ;
#2295 = ORIENTED_EDGE ( 'NONE', *, *, #2068, .F. ) ;
#2296 = ORIENTED_EDGE ( 'NONE', *, *, #1823, .T. ) ;
#2297 =( REPRESENTATION_RELATIONSHIP ('NONE','NONE', #1095, #3227 ) REPRESENTATION_RELATIONSHIP_WITH_TRANSFORMATION ( #1219 )SHAPE_REPRESENTATION_RELATIONSHIP( ) );
#2298 = ORIENTED_EDGE ( 'NONE', *, *, #4210, .T. ) ;
#2299 = PRODUCT_DEFINITION_FORMATION_WITH_SPECIFIED_SOURCE ( 'ANY', '', #927, .NOT_KNOWN. ) ;
#2300 = VECTOR ( 'NONE', #2711, 1000.000000000000000 ) ;
#2301 = CARTESIAN_POINT ( 'NONE',  ( 0.8990000000000003544, 0.6250000000000000000, 0.3489999999999998104 ) ) ;
#2302 = DIRECTION ( 'NONE',  ( -1.000000000000000000, -0.000000000000000000, -0.000000000000000000 ) ) ;
#2303 = PRESENTATION_LAYER_ASSIGNMENT (  '', '', ( #1012 ) ) ;
#2304 = CARTESIAN_POINT ( 'NONE',  ( 0.2073352251421313186, -0.5676647748578687036, 0.4929711200626646361 ) ) ;
#2305 = CARTESIAN_POINT ( 'NONE',  ( 0.8990000000000000213, -0.5250000000000000222, -3.704281304768779693E-17 ) ) ;
#2306 = EDGE_CURVE ( 'NONE', #694, #702, #585, .T. ) ;
#2307 = VECTOR ( 'NONE', #361, 1000.000000000000000 ) ;
#2308 = AXIS2_PLACEMENT_3D ( 'NONE', #3381, #2639, #4571 ) ;
#2309 = COLOUR_RGB ( '',0.9607843137254902244, 0.9607843137254902244, 0.9607843137254902244 ) ;
#2310 = COLOUR_RGB ( '',0.8627450980392157298, 0.6274509803921568540, 0.05882352941176470507 ) ;
#2311 = LINE ( 'NONE', #3097, #2886 ) ;
#2312 = DIRECTION ( 'NONE',  ( -0.5382263050055430265, -0.5382263050055539066, 0.6485560031332286979 ) ) ;
#2313 =( GEOMETRIC_REPRESENTATION_CONTEXT ( 3 ) GLOBAL_UNCERTAINTY_ASSIGNED_CONTEXT ( ( #1505 ) ) GLOBAL_UNIT_ASSIGNED_CONTEXT ( ( #520, #649, #158 ) ) REPRESENTATION_CONTEXT ( 'NONE', 'WORKASPACE' ) );
#2314 = LINE ( 'NONE', #3435, #1510 ) ;
#2315 = CARTESIAN_POINT ( 'NONE',  ( -0.9799999999906870984, -0.6250000000000000000, 0.3299999999790450000 ) ) ;
#2316 = FILL_AREA_STYLE_COLOUR ( '', #608 ) ;
#2317 = DIRECTION ( 'NONE',  ( 1.000000000000000000, 0.000000000000000000, -0.000000000000000000 ) ) ;
#2318 = SURFACE_SIDE_STYLE ('',( #3324 ) ) ;
#2319 = FACE_OUTER_BOUND ( 'NONE', #2082, .T. ) ;
#2320 = LINE ( 'NONE', #2987, #804 ) ;
#2321 = PRESENTATION_LAYER_ASSIGNMENT (  '', '', ( #3286 ) ) ;
#2322 = PLANE ( 'NONE',  #4620 ) ;
#2323 = FILL_AREA_STYLE_COLOUR ( '', #3320 ) ;
#2325 = ORIENTED_EDGE ( 'NONE', *, *, #1015, .F. ) ;
#2324 = LINE ( 'NONE', #3138, #3502 ) ;
#2326 = COLOUR_RGB ( '',0.8627450980392157298, 0.6274509803921568540, 0.05882352941176470507 ) ;
#2327 = VERTEX_POINT ( 'NONE', #1301 ) ;
#2328 = CIRCLE ( 'NONE', #3215, 0.001000000000000000454 ) ;
#2329 = ADVANCED_FACE ( 'NONE', ( #3768 ), #168, .F. ) ;
#2330 = CARTESIAN_POINT ( 'NONE',  ( 0.8990000000000000213, -0.5250000000000000222, 0.3499999999999999778 ) ) ;
#2331 = MECHANICAL_DESIGN_GEOMETRIC_PRESENTATION_REPRESENTATION (  '', ( #4540 ), #3832 ) ;
#2332 = DIRECTION ( 'NONE',  ( 1.000000000000000000, 0.000000000000000000, -0.000000000000000000 ) ) ;
#2333 = DIRECTION ( 'NONE',  ( 0.000000000000000000, 0.000000000000000000, -1.000000000000000000 ) ) ;
#2334 = ADVANCED_FACE ( 'NONE', ( #4477 ), #1861, .F. ) ;
#2335 = ORIENTED_EDGE ( 'NONE', *, *, #1728, .F. ) ;
#2336 = PLANE ( 'NONE',  #338 ) ;
#2337 = DIRECTION ( 'NONE',  ( 1.000000000000000000, 4.568105153405589912E-15, 0.000000000000000000 ) ) ;
#2338 = VECTOR ( 'NONE', #1915, 1000.000000000000000 ) ;
#2339 = ORIENTED_EDGE ( 'NONE', *, *, #2272, .T. ) ;
#2340 = LINE ( 'NONE', #1227, #4419 ) ;
#2341 = DIRECTION ( 'NONE',  ( 0.000000000000000000, -1.000000000000000000, -0.000000000000000000 ) ) ;
#2342 =( NAMED_UNIT ( * ) PLANE_ANGLE_UNIT ( ) SI_UNIT ( $, .RADIAN. ) );
#2343 = LINE ( 'NONE', #3817, #1348 ) ;
#2344 = CARTESIAN_POINT ( 'NONE',  ( -0.02038303522603419904, -0.4886582175577640075, 0.000000000000000000 ) ) ;
#2345 = CARTESIAN_POINT ( 'NONE',  ( 1.381900248757760297, 0.5768009925619578260, 0.4819900743804199639 ) ) ;
#2346 = SURFACE_STYLE_USAGE ( .BOTH. , #4137 ) ;
#2347 = FILL_AREA_STYLE ('',( #1636 ) ) ;
#2348 = CARTESIAN_POINT ( 'NONE',  ( -0.8000000000000000444, -0.6250000000000000000, 0.3499999999999999778 ) ) ;
#2350 = ORIENTED_EDGE ( 'NONE', *, *, #3172, .T. ) ;
#2349 = CARTESIAN_POINT ( 'NONE',  ( 0.8990000000000000213, -0.5250000000000000222, 0.3499999999999996447 ) ) ;
#2351 = CARTESIAN_POINT ( 'NONE',  ( 0.5000000000000000000, 0.6239999999999999991, -7.517417406881915509E-17 ) ) ;
#2352 = ORIENTED_EDGE ( 'NONE', *, *, #3383, .F. ) ;
#2353 =( NAMED_UNIT ( * ) SI_UNIT ( $, .STERADIAN. ) SOLID_ANGLE_UNIT ( ) );
#2354 = CARTESIAN_POINT ( 'NONE',  ( 1.401800992561958115, -0.5569002487577580096, 0.4819900743804198529 ) ) ;
#2355 = PRESENTATION_STYLE_ASSIGNMENT (( #908 ) ) ;
#2356 = ORIENTED_EDGE ( 'NONE', *, *, #2125, .F. ) ;
#2357 = ORIENTED_EDGE ( 'NONE', *, *, #2860, .F. ) ;
#2358 = ADVANCED_FACE ( 'NONE', ( #1150 ), #2919, .F. ) ;
#2359 = FACE_OUTER_BOUND ( 'NONE', #3593, .T. ) ;
#2360 = UNCERTAINTY_MEASURE_WITH_UNIT (LENGTH_MEASURE( 1.000000000000000082E-05 ), #2113, 'distance_accuracy_value', 'NONE');
#2361 = EDGE_CURVE ( 'NONE', #2924, #4437, #4354, .T. ) ;
#2362 = DIRECTION ( 'NONE',  ( -1.000000000000000000, -0.000000000000000000, 0.000000000000000000 ) ) ;
#2363 = CARTESIAN_POINT ( 'NONE',  ( 1.381900248757760297, 0.5569002487577580096, 0.4799999999999999822 ) ) ;
#2364 = CARTESIAN_POINT ( 'NONE',  ( 0.9799999999906870984, 0.6250000000000000000, 0.01999999996565749241 ) ) ;
#2365 =( LENGTH_UNIT ( ) NAMED_UNIT ( * ) SI_UNIT ( .MILLI., .METRE. ) );
#2366 = SURFACE_STYLE_FILL_AREA ( #564 ) ;
#2367 = CARTESIAN_POINT ( 'NONE',  ( 0.5000000000000000000, 0.6239999999999999991, 0.0009999999999999249940 ) ) ;
#2368 = ORIENTED_EDGE ( 'NONE', *, *, #1135, .F. ) ;
#2369 =( NAMED_UNIT ( * ) SI_UNIT ( $, .STERADIAN. ) SOLID_ANGLE_UNIT ( ) );
#2370 = CARTESIAN_POINT ( 'NONE',  ( -0.5989999999999999769, -0.5250000000000000222, 0.3499999999999999778 ) ) ;
#2371 = ORIENTED_EDGE ( 'NONE', *, *, #3223, .F. ) ;
#2372 = DIRECTION ( 'NONE',  ( -1.000000000000000000, 0.000000000000000000, -0.000000000000000000 ) ) ;
#2373 = DIRECTION ( 'NONE',  ( 1.000000000000000000, 0.000000000000000000, 0.000000000000000000 ) ) ;
#2374 = ORIENTED_EDGE ( 'NONE', *, *, #552, .T. ) ;
#2375 = STYLED_ITEM ( 'NONE', ( #3789 ), #2648 ) ;
#2376 = ORIENTED_EDGE ( 'NONE', *, *, #2939, .F. ) ;
#2377 = AXIS2_PLACEMENT_3D ( 'NONE', #4396, #2914, #1203 ) ;
#2378 = MECHANICAL_DESIGN_GEOMETRIC_PRESENTATION_REPRESENTATION (  '', ( #1768 ), #57 ) ;
#2379 = EDGE_CURVE ( 'NONE', #441, #3243, #2577, .T. ) ;
#2380 = ORIENTED_EDGE ( 'NONE', *, *, #3410, .F. ) ;
#2381 = MECHANICAL_DESIGN_GEOMETRIC_PRESENTATION_REPRESENTATION (  '', ( #499 ), #3424 ) ;
#2382 = CYLINDRICAL_SURFACE ( 'NONE', #1698, 0.02000000000000000389 ) ;
#2383 = LINE ( 'NONE', #3098, #816 ) ;
#2384 = AXIS2_PLACEMENT_3D ( 'NONE', #3750, #3394, #896 ) ;
#2385 = DIRECTION ( 'NONE',  ( 1.000000000000000000, 0.000000000000000000, 0.000000000000000000 ) ) ;
#2386 = COLOUR_RGB ( '',0.8627450980392157298, 0.6274509803921568540, 0.05882352941176470507 ) ;
#2387 =( NAMED_UNIT ( * ) SI_UNIT ( $, .STERADIAN. ) SOLID_ANGLE_UNIT ( ) );
#2388 = EDGE_CURVE ( 'NONE', #1445, #1011, #2728, .T. ) ;
#2389 = DIRECTION ( 'NONE',  ( 1.000000000000000000, 0.000000000000000000, 0.000000000000000000 ) ) ;
#2390 = PRESENTATION_LAYER_ASSIGNMENT (  '', '', ( #3806 ) ) ;
#2391 = LINE ( 'NONE', #3103, #3957 ) ;
#2392 = DIRECTION ( 'NONE',  ( -0.000000000000000000, -0.000000000000000000, 1.000000000000000000 ) ) ;
#2393 = SURFACE_SIDE_STYLE ('',( #3696 ) ) ;
#2394 = CARTESIAN_POINT ( 'NONE',  ( 1.381698655270050757, -0.5661026009617708965, 0.4988929048104993047 ) ) ;
#2395 = CARTESIAN_POINT ( 'NONE',  ( 0.7990000000000000435, 0.5250000000000000222, 0.02000000000000000042 ) ) ;
#2396 = VERTEX_POINT ( 'NONE', #4646 ) ;
#2397 = LINE ( 'NONE', #3814, #4515 ) ;
#2398 = MECHANICAL_DESIGN_GEOMETRIC_PRESENTATION_REPRESENTATION (  '', ( #1790 ), #4124 ) ;
#2399 = CARTESIAN_POINT ( 'NONE',  ( 1.392134926983314314, 0.5567843850175931975, 0.5024402947442965228 ) ) ;
#2400 = EDGE_LOOP ( 'NONE', ( #1721, #4572, #393, #4610 ) ) ;
#2401 = CIRCLE ( 'NONE', #2102, 0.02000000000000000389 ) ;
#2402 = DIRECTION ( 'NONE',  ( 0.09901475429766751213, 0.09901475429766751213, -0.9901475429766741776 ) ) ;
#2403 = CARTESIAN_POINT ( 'NONE',  ( -0.9799999999906870984, -0.6250000000000000000, 0.01999999997710499161 ) ) ;
#2404 = ORIENTED_EDGE ( 'NONE', *, *, #92, .T. ) ;
#2405 = VECTOR ( 'NONE', #2519, 1000.000000000000000 ) ;
#2406 = UNCERTAINTY_MEASURE_WITH_UNIT (LENGTH_MEASURE( 1.000000000000000082E-05 ), #3487, 'distance_accuracy_value', 'NONE');
#2407 = UNCERTAINTY_MEASURE_WITH_UNIT (LENGTH_MEASURE( 1.000000000000000082E-05 ), #88, 'distance_accuracy_value', 'NONE');
#2409 = ORIENTED_EDGE ( 'NONE', *, *, #3481, .T. ) ;
#2408 = CARTESIAN_POINT ( 'NONE',  ( -0.8990000000000000213, 0.5250000000000000222, 0.3499999999999999778 ) ) ;
#2410 = CARTESIAN_POINT ( 'NONE',  ( -0.8000000000000000444, -0.6250000000000000000, 0.01999999996565748894 ) ) ;
#2411 = CIRCLE ( 'NONE', #2030, 0.02000000000000002817 ) ;
#2412 = ADVANCED_FACE ( 'NONE', ( #1747 ), #691, .T. ) ;
#2413 =( NAMED_UNIT ( * ) PLANE_ANGLE_UNIT ( ) SI_UNIT ( $, .RADIAN. ) );
#2414 = CARTESIAN_POINT ( 'NONE',  ( -0.9799999999906870984, -0.6250000000000000000, 0.1749999999999999889 ) ) ;
#2415 = DIRECTION ( 'NONE',  ( -1.000000000000000000, -1.332405286243769923E-15, 0.000000000000000000 ) ) ;
#2416 =( NAMED_UNIT ( * ) SI_UNIT ( $, .STERADIAN. ) SOLID_ANGLE_UNIT ( ) );
#2417 = ADVANCED_FACE ( 'NONE', ( #2111 ), #3489, .T. ) ;
#2418 = FILL_AREA_STYLE_COLOUR ( '', #3041 ) ;
#2419 =( NAMED_UNIT ( * ) SI_UNIT ( $, .STERADIAN. ) SOLID_ANGLE_UNIT ( ) );
#2420 = VERTEX_POINT ( 'NONE', #329 ) ;
#2421 = DIRECTION ( 'NONE',  ( 0.09901475429766751213, 0.09901475429766751213, 0.9901475429766741776 ) ) ;
#2422 = EDGE_LOOP ( 'NONE', ( #333, #311, #3306, #2220 ) ) ;
#2423 = EDGE_CURVE ( 'NONE', #1614, #880, #1390, .T. ) ;
#2424 = ORIENTED_EDGE ( 'NONE', *, *, #3499, .F. ) ;
#2425 =( NAMED_UNIT ( * ) PLANE_ANGLE_UNIT ( ) SI_UNIT ( $, .RADIAN. ) );
#2426 = EDGE_LOOP ( 'NONE', ( #2148, #4142, #2494, #601 ) ) ;
#2427 = ORIENTED_EDGE ( 'NONE', *, *, #3353, .T. ) ;
#2428 = ORIENTED_EDGE ( 'NONE', *, *, #31, .F. ) ;
#2429 = DIRECTION ( 'NONE',  ( -1.000000000000000000, -0.000000000000000000, 1.122400076403130121E-16 ) ) ;
#2430 = DIRECTION ( 'NONE',  ( -1.000000000000000000, -0.000000000000000000, -0.000000000000000000 ) ) ;
#2431 = STYLED_ITEM ( 'NONE', ( #2511 ), #3611 ) ;
#2432 = DIRECTION ( 'NONE',  ( 1.000000000000000000, 0.000000000000000000, -0.000000000000000000 ) ) ;
#2433 = ORIENTED_EDGE ( 'NONE', *, *, #4102, .F. ) ;
#2434 = EDGE_CURVE ( 'NONE', #2157, #671, #1306, .T. ) ;
#2435 = CARTESIAN_POINT ( 'NONE',  ( 1.000000000000000000, 0.000000000000000000, -1.224646799147350002E-16 ) ) ;
#2436 = ORIENTED_EDGE ( 'NONE', *, *, #1021, .F. ) ;
#2437 = SURFACE_STYLE_USAGE ( .BOTH. , #4228 ) ;
#2438 = VERTEX_POINT ( 'NONE', #2454 ) ;
#2439 = CARTESIAN_POINT ( 'NONE',  ( 0.1500000000000003275, 0.6050992561958002947, 0.000000000000000000 ) ) ;
#2440 = FACE_OUTER_BOUND ( 'NONE', #2422, .T. ) ;
#2441 = CARTESIAN_POINT ( 'NONE',  ( -1.000000000000000000, 0.6250000000000000000, 0.3499999999999999778 ) ) ;
#2442 = ADVANCED_FACE ( 'NONE', ( #4161 ), #4263, .F. ) ;
#2443 = ORIENTED_EDGE ( 'NONE', *, *, #3764, .T. ) ;
#2444 = ORIENTED_EDGE ( 'NONE', *, *, #4510, .T. ) ;
#2445 = LINE ( 'NONE', #2875, #2687 ) ;
#2446 = UNCERTAINTY_MEASURE_WITH_UNIT (LENGTH_MEASURE( 1.000000000000000082E-05 ), #4551, 'distance_accuracy_value', 'NONE');
#2447 = PRESENTATION_LAYER_ASSIGNMENT (  '', '', ( #3570 ) ) ;
#2448 = DIRECTION ( 'NONE',  ( 0.000000000000000000, 0.000000000000000000, 1.000000000000000000 ) ) ;
#2449 = PLANE ( 'NONE',  #48 ) ;
#2450 = PRESENTATION_LAYER_ASSIGNMENT (  '', '', ( #1766 ) ) ;
#2451 = FILL_AREA_STYLE_COLOUR ( '', #1089 ) ;
#2452 = VECTOR ( 'NONE', #341, 1000.000000000000000 ) ;
#2453 = CARTESIAN_POINT ( 'NONE',  ( -1.000000000000000000, 0.000000000000000000, 0.3499999999999999778 ) ) ;
#2454 = CARTESIAN_POINT ( 'NONE',  ( 1.392664774857871102, 0.5676647748578691477, 0.4929711200626645806 ) ) ;
#2455 =( NAMED_UNIT ( * ) PLANE_ANGLE_UNIT ( ) SI_UNIT ( $, .RADIAN. ) );
#2456 = VECTOR ( 'NONE', #50, 1000.000000000000000 ) ;
#2457 = LINE ( 'NONE', #1307, #4429 ) ;
#2458 = CARTESIAN_POINT ( 'NONE',  ( 0.9799999999906870984, 0.000000000000000000, 0.3299999999790450000 ) ) ;
#2459 = ORIENTED_EDGE ( 'NONE', *, *, #4274, .T. ) ;
#2460 = ADVANCED_FACE ( 'NONE', ( #85 ), #3607, .F. ) ;
#2461 = STYLED_ITEM ( 'NONE', ( #1663 ), #1071 ) ;
#2462 = ORIENTED_EDGE ( 'NONE', *, *, #3616, .T. ) ;
#2463 = EDGE_CURVE ( 'NONE', #2097, #337, #1052, .T. ) ;
#2464 =( NAMED_UNIT ( * ) SI_UNIT ( $, .STERADIAN. ) SOLID_ANGLE_UNIT ( ) );
#2465 = VECTOR ( 'NONE', #3589, 1000.000000000000000 ) ;
#2466 = CARTESIAN_POINT ( 'NONE',  ( -0.8990000000000000213, 0.5250000000000000222, 0.3499999999999999778 ) ) ;
#2467 = MECHANICAL_DESIGN_GEOMETRIC_PRESENTATION_REPRESENTATION (  '', ( #1422 ), #4303 ) ;
#2468 = CYLINDRICAL_SURFACE ( 'NONE', #1723, 0.001000000000000000238 ) ;
#2469 =( REPRESENTATION_RELATIONSHIP ('NONE','NONE', #1095, #2900 ) REPRESENTATION_RELATIONSHIP_WITH_TRANSFORMATION ( #231 )SHAPE_REPRESENTATION_RELATIONSHIP( ) );
#2470 =( NAMED_UNIT ( * ) PLANE_ANGLE_UNIT ( ) SI_UNIT ( $, .RADIAN. ) );
#2471 = SURFACE_STYLE_FILL_AREA ( #3823 ) ;
#2472 = CARTESIAN_POINT ( 'NONE',  ( -0.5989999999999999769, 0.000000000000000000, 0.3499999999999998668 ) ) ;
#2473 = VERTEX_POINT ( 'NONE', #1834 ) ;
#2474 = DIRECTION ( 'NONE',  ( 1.000000000000000000, -0.000000000000000000, 0.000000000000000000 ) ) ;
#2475 = LINE ( 'NONE', #3915, #1784 ) ;
#2476 = CARTESIAN_POINT ( 'NONE',  ( 1.401800992561958115, -0.3125000000000000000, 0.4819900743804198529 ) ) ;
#2477 = ORIENTED_EDGE ( 'NONE', *, *, #2529, .F. ) ;
#2478 = EDGE_LOOP ( 'NONE', ( #1803, #1054, #3917, #3310, #467 ) ) ;
#2479 = UNCERTAINTY_MEASURE_WITH_UNIT (LENGTH_MEASURE( 1.000000000000000082E-05 ), #55, 'distance_accuracy_value', 'NONE');
#2480 = CARTESIAN_POINT ( 'NONE',  ( 1.450000000000004396, -0.6167806189592922594, 0.000000000000000000 ) ) ;
#2481 = ORIENTED_EDGE ( 'NONE', *, *, #3321, .T. ) ;
#2482 = EDGE_CURVE ( 'NONE', #2607, #3776, #4283, .T. ) ;
#2483 = FILL_AREA_STYLE ('',( #3599 ) ) ;
#2484 = LINE ( 'NONE', #2466, #4659 ) ;
#2485 = ADVANCED_FACE ( 'NONE', ( #3241 ), #3218, .F. ) ;
#2486 = LINE ( 'NONE', #1745, #3895 ) ;
#2487 = ORIENTED_EDGE ( 'NONE', *, *, #655, .T. ) ;
#2488 = SURFACE_STYLE_FILL_AREA ( #1031 ) ;
#2489 =( NAMED_UNIT ( * ) SI_UNIT ( $, .STERADIAN. ) SOLID_ANGLE_UNIT ( ) );
#2490 = AXIS2_PLACEMENT_3D ( 'NONE', #3429, #3045, #128 ) ;
#2491 = VERTEX_POINT ( 'NONE', #498 ) ;
#2492 = CARTESIAN_POINT ( 'NONE',  ( 1.400506546653495166, 0.5661026009617710075, 0.4832845350855209388 ) ) ;
#2493 = DIRECTION ( 'NONE',  ( 2.220675477072960061E-15, -1.000000000000000000, 0.000000000000000000 ) ) ;
#2494 = ORIENTED_EDGE ( 'NONE', *, *, #4067, .T. ) ;
#2495 = CARTESIAN_POINT ( 'NONE',  ( 0.5999999999999999778, 0.5250000000000000222, 0.3499999999999999778 ) ) ;
#2496 = FACE_OUTER_BOUND ( 'NONE', #121, .T. ) ;
#2497 = CARTESIAN_POINT ( 'NONE',  ( 0.5990000000000009761, 0.5250000000000000222, 0.3499999999999999778 ) ) ;
#2498 = VERTEX_POINT ( 'NONE', #3388 ) ;
#2499 = EDGE_LOOP ( 'NONE', ( #124, #1367, #3888, #3962, #4525 ) ) ;
#2500 =( GEOMETRIC_REPRESENTATION_CONTEXT ( 3 ) GLOBAL_UNCERTAINTY_ASSIGNED_CONTEXT ( ( #3233 ) ) GLOBAL_UNIT_ASSIGNED_CONTEXT ( ( #1055, #743, #2936 ) ) REPRESENTATION_CONTEXT ( 'NONE', 'WORKASPACE' ) );
#2501 = CARTESIAN_POINT ( 'NONE',  ( 0.2180997512422420403, 0.5657212677060122763, 0.4979496413533678889 ) ) ;
#2502 = SURFACE_STYLE_USAGE ( .BOTH. , #3988 ) ;
#2503 = EDGE_CURVE ( 'NONE', #2275, #3288, #2285, .T. ) ;
#2504 = COLOUR_RGB ( '',0.8627450980392157298, 0.6274509803921568540, 0.05882352941176470507 ) ;
#2505 = LINE ( 'NONE', #3606, #236 ) ;
#2506 = CARTESIAN_POINT ( 'NONE',  ( -4.163336342344340478E-16, -0.6250000000000000000, 0.01999999996565748894 ) ) ;
#2507 =( GEOMETRIC_REPRESENTATION_CONTEXT ( 3 ) GLOBAL_UNCERTAINTY_ASSIGNED_CONTEXT ( ( #4453 ) ) GLOBAL_UNIT_ASSIGNED_CONTEXT ( ( #2206, #127, #3619 ) ) REPRESENTATION_CONTEXT ( 'NONE', 'WORKASPACE' ) );
#2508 = ADVANCED_FACE ( 'NONE', ( #1578 ), #111, .F. ) ;
#2509 = CARTESIAN_POINT ( 'NONE',  ( -0.8990000000000000213, -0.5250000000000000222, 0.3499999999999999778 ) ) ;
#2510 = ORIENTED_EDGE ( 'NONE', *, *, #2004, .T. ) ;
#2511 = PRESENTATION_STYLE_ASSIGNMENT (( #1836 ) ) ;
#2512 = VERTEX_POINT ( 'NONE', #3316 ) ;
#2513 = UNCERTAINTY_MEASURE_WITH_UNIT (LENGTH_MEASURE( 1.000000000000000082E-05 ), #97, 'distance_accuracy_value', 'NONE');
#2514 = AXIS2_PLACEMENT_3D ( 'NONE', #3395, #566, #1238 ) ;
#2515 =( NAMED_UNIT ( * ) SI_UNIT ( $, .STERADIAN. ) SOLID_ANGLE_UNIT ( ) );
#2516 = ORIENTED_EDGE ( 'NONE', *, *, #1355, .F. ) ;
#2517 = SURFACE_STYLE_FILL_AREA ( #1446 ) ;
#2518 = UNCERTAINTY_MEASURE_WITH_UNIT (LENGTH_MEASURE( 1.000000000000000082E-05 ), #589, 'distance_accuracy_value', 'NONE');
#2519 = DIRECTION ( 'NONE',  ( 0.000000000000000000, -1.000000000000000000, -0.000000000000000000 ) ) ;
#2520 = CARTESIAN_POINT ( 'NONE',  ( 1.449999999999997291, 0.6050992561958000726, -9.486769009248163798E-17 ) ) ;
#2521 = PRESENTATION_LAYER_ASSIGNMENT (  '', '', ( #4294 ) ) ;
#2522 = FILL_AREA_STYLE ('',( #404 ) ) ;
#2523 = AXIS2_PLACEMENT_3D ( 'NONE', #315, #1737, #2831 ) ;
#2524 =( NAMED_UNIT ( * ) SI_UNIT ( $, .STERADIAN. ) SOLID_ANGLE_UNIT ( ) );
#2525 = ORIENTED_EDGE ( 'NONE', *, *, #3153, .T. ) ;
#2526 = PRESENTATION_LAYER_ASSIGNMENT (  '', '', ( #1192 ) ) ;
#2527 = DIRECTION ( 'NONE',  ( -0.000000000000000000, 1.000000000000000000, 0.000000000000000000 ) ) ;
#2528 = STYLED_ITEM ( 'NONE', ( #200 ), #345 ) ;
#2529 = EDGE_CURVE ( 'NONE', #3807, #3269, #1701, .T. ) ;
#2530 = DIRECTION ( 'NONE',  ( 0.000000000000000000, 0.000000000000000000, 1.000000000000000000 ) ) ;
#2531 = AXIS2_PLACEMENT_3D ( 'NONE', #2408, #2073, #635 ) ;
#2532 = EDGE_LOOP ( 'NONE', ( #935, #3523, #4399, #3139 ) ) ;
#2533 = CARTESIAN_POINT ( 'NONE',  ( 0.1358508218941719969, -0.4886582175577640075, 0.000000000000000000 ) ) ;
#2534 = CIRCLE ( 'NONE', #3380, 0.02000000000000005246 ) ;
#2535 = EDGE_CURVE ( 'NONE', #19, #1939, #3742, .T. ) ;
#2536 = ORIENTED_EDGE ( 'NONE', *, *, #3534, .F. ) ;
#2537 = ORIENTED_EDGE ( 'NONE', *, *, #4042, .T. ) ;
#2538 = CARTESIAN_POINT ( 'NONE',  ( 0.5990000000000000879, -0.5250000000000000222, 0.3499999999999999223 ) ) ;
#2539 =( LENGTH_UNIT ( ) NAMED_UNIT ( * ) SI_UNIT ( .MILLI., .METRE. ) );
#2540 = CARTESIAN_POINT ( 'NONE',  ( 1.430099256195803248, -0.6250000000000002220, 0.000000000000000000 ) ) ;
#2541 = PLANE ( 'NONE',  #4618 ) ;
#2542 = LINE ( 'NONE', #4391, #3603 ) ;
#2543 = CARTESIAN_POINT ( 'NONE',  ( 0.1981990074380422517, 0.5569002487577576765, 0.4819900743804199639 ) ) ;
#2544 = SURFACE_SIDE_STYLE ('',( #2127 ) ) ;
#2545 = PLANE ( 'NONE',  #2075 ) ;
#2546 = SURFACE_STYLE_USAGE ( .BOTH. , #2915 ) ;
#2547 =( NAMED_UNIT ( * ) PLANE_ANGLE_UNIT ( ) SI_UNIT ( $, .RADIAN. ) );
#2548 = ORIENTED_EDGE ( 'NONE', *, *, #2036, .F. ) ;
#2549 = UNCERTAINTY_MEASURE_WITH_UNIT (LENGTH_MEASURE( 1.000000000000000082E-05 ), #1290, 'distance_accuracy_value', 'NONE');
#2550 = PLANE ( 'NONE',  #2523 ) ;
#2551 = AXIS2_PLACEMENT_3D ( 'NONE', #1136, #2580, #1113 ) ;
#2552 = CARTESIAN_POINT ( 'NONE',  ( -0.02038303522603919504, 0.5999999999999998668, 0.003000000000000000062 ) ) ;
#2553 = EDGE_CURVE ( 'NONE', #3163, #1077, #1978, .T. ) ;
#2554 = SURFACE_STYLE_USAGE ( .BOTH. , #3612 ) ;
#2555 = DIRECTION ( 'NONE',  ( 0.09950371902099901245, 0.000000000000000000, -0.9950371902099890420 ) ) ;
#2556 = FILL_AREA_STYLE ('',( #766 ) ) ;
#2557 = ORIENTED_EDGE ( 'NONE', *, *, #4627, .F. ) ;
#2558 = ORIENTED_EDGE ( 'NONE', *, *, #2098, .T. ) ;
#2559 = DIRECTION ( 'NONE',  ( -1.000000000000000000, -2.775557561562890168E-15, 0.000000000000000000 ) ) ;
#2560 = EDGE_CURVE ( 'NONE', #2491, #3827, #4336, .T. ) ;
#2561 = ORIENTED_EDGE ( 'NONE', *, *, #2560, .T. ) ;
#2562 = CONTEXT_DEPENDENT_SHAPE_REPRESENTATION ( #2854, #2930 ) ;
#2563 = DIRECTION ( 'NONE',  ( 0.000000000000000000, -0.000000000000000000, -1.000000000000000000 ) ) ;
#2564 = CARTESIAN_POINT ( 'NONE',  ( -0.5989999999999999769, 0.5250000000000000222, 0.3499999999999999778 ) ) ;
#2565 = DIRECTION ( 'NONE',  ( -0.000000000000000000, -1.000000000000000000, -0.000000000000000000 ) ) ;
#2566 = CARTESIAN_POINT ( 'NONE',  ( -0.02038303522603426496, -0.4886582175577640075, 0.003000000000000000062 ) ) ;
#2567 = FACE_OUTER_BOUND ( 'NONE', #2478, .T. ) ;
#2568 = MECHANICAL_DESIGN_GEOMETRIC_PRESENTATION_REPRESENTATION (  '', ( #4496 ), #576 ) ;
#2569 =( NAMED_UNIT ( * ) SI_UNIT ( $, .STERADIAN. ) SOLID_ANGLE_UNIT ( ) );
#2570 = DIRECTION ( 'NONE',  ( 0.000000000000000000, 0.000000000000000000, -1.000000000000000000 ) ) ;
#2571 =( NAMED_UNIT ( * ) SI_UNIT ( $, .STERADIAN. ) SOLID_ANGLE_UNIT ( ) );
#2572 = COLOUR_RGB ( '',0.8627450980392157298, 0.6274509803921568540, 0.05882352941176470507 ) ;
#2573 = VECTOR ( 'NONE', #3813, 1000.000000000000000 ) ;
#2574 = CARTESIAN_POINT ( 'NONE',  ( 0.8990000000000000213, -0.6239999999999999991, 0.3499999999999996447 ) ) ;
#2575 = STYLED_ITEM ( 'NONE', ( #643 ), #2714 ) ;
#2576 = SURFACE_STYLE_USAGE ( .BOTH. , #2318 ) ;
#4670 = VECTOR ( 'NONE', #3239, 1000.000000000000000 ) ;
#2578 =( NAMED_UNIT ( * ) SI_UNIT ( $, .STERADIAN. ) SOLID_ANGLE_UNIT ( ) );
#2579 =( NAMED_UNIT ( * ) PLANE_ANGLE_UNIT ( ) SI_UNIT ( $, .RADIAN. ) );
#2580 = DIRECTION ( 'NONE',  ( -1.000000000000000000, -4.611473240305010089E-15, 0.000000000000000000 ) ) ;
#2581 = LINE ( 'NONE', #1025, #1515 ) ;
#2582 = ORIENTED_EDGE ( 'NONE', *, *, #2553, .F. ) ;
#2583 = VECTOR ( 'NONE', #515, 1000.000000000000000 ) ;
#2584 = ORIENTED_EDGE ( 'NONE', *, *, #2885, .T. ) ;
#2585 = LINE ( 'NONE', #1890, #2338 ) ;
#2586 = ORIENTED_EDGE ( 'NONE', *, *, #1395, .T. ) ;
#2587 = VECTOR ( 'NONE', #3343, 1000.000000000000000 ) ;
#2588 = ITEM_DEFINED_TRANSFORMATION ( 'NONE', 'NONE', #1769,  #4589 ) ;
#2589 = VECTOR ( 'NONE', #2951, 1000.000000000000000 ) ;
#2590 = EDGE_LOOP ( 'NONE', ( #3980, #1683, #2657, #2964 ) ) ;
#2591 = EDGE_CURVE ( 'NONE', #2491, #3587, #4014, .T. ) ;
#2592 = DIRECTION ( 'NONE',  ( -1.000000000000000000, -0.000000000000000000, 0.000000000000000000 ) ) ;
#2593 = DIRECTION ( 'NONE',  ( 0.000000000000000000, -1.000000000000000000, -0.000000000000000000 ) ) ;
#2594 = AXIS2_PLACEMENT_3D ( 'NONE', #2709, #2631, #3751 ) ;
#2595 = COLOUR_RGB ( '',0.8627450980392157298, 0.6274509803921568540, 0.05882352941176470507 ) ;
#2596 = CARTESIAN_POINT ( 'NONE',  ( 1.381900248757760297, -0.5768009925619580480, 0.4819900743804200194 ) ) ;
#2597 = ORIENTED_EDGE ( 'NONE', *, *, #1430, .T. ) ;
#2598 = CARTESIAN_POINT ( 'NONE',  ( 0.8000000000000000444, -0.6250000000000000000, 0.3499999999999999778 ) ) ;
#2599 = CLOSED_SHELL ( 'NONE', ( #3213, #876, #2460, #1099, #1379, #516, #2412, #1726, #3929, #1883, #2189, #1975, #4472, #948, #249, #2147, #4652, #3691 ) ) ;
#2600 = CARTESIAN_POINT ( 'NONE',  ( 1.364905496681946939, -0.5903914063109106936, 0.4846777635317875421 ) ) ;
#2601 =( GEOMETRIC_REPRESENTATION_CONTEXT ( 3 ) GLOBAL_UNCERTAINTY_ASSIGNED_CONTEXT ( ( #1786 ) ) GLOBAL_UNIT_ASSIGNED_CONTEXT ( ( #1870, #3352, #1566 ) ) REPRESENTATION_CONTEXT ( 'NONE', 'WORKASPACE' ) );
#2602 = DIRECTION ( 'NONE',  ( 0.000000000000000000, 0.000000000000000000, -1.000000000000000000 ) ) ;
#2603 = STYLED_ITEM ( 'NONE', ( #1625 ), #3929 ) ;
#2604 =( NAMED_UNIT ( * ) SI_UNIT ( $, .STERADIAN. ) SOLID_ANGLE_UNIT ( ) );
#2605 = LINE ( 'NONE', #898, #3588 ) ;
#2606 = AXIS2_PLACEMENT_3D ( 'NONE', #4442, #519, #2973 ) ;
#2607 = VERTEX_POINT ( 'NONE', #3668 ) ;
#2608 = ORIENTED_EDGE ( 'NONE', *, *, #2463, .T. ) ;
#2609 = APPLICATION_CONTEXT ( 'automotive_design' ) ;
#2610 = DIRECTION ( 'NONE',  ( 0.000000000000000000, 0.000000000000000000, 1.000000000000000000 ) ) ;
#2611 = CARTESIAN_POINT ( 'NONE',  ( 0.2180997512422420403, 0.5569002487577580096, 0.4799999999999999822 ) ) ;
#2612 = STYLED_ITEM ( 'NONE', ( #2741 ), #4472 ) ;
#2613 = DIRECTION ( 'NONE',  ( 1.000000000000000000, 0.000000000000000000, 0.000000000000000000 ) ) ;
#2614 = LINE ( 'NONE', #3639, #2965 ) ;
#2615 = CARTESIAN_POINT ( 'NONE',  ( -0.5999999999999999778, -0.5250000000000000222, 0.3499999999999999778 ) ) ;
#2616 = LINE ( 'NONE', #3403, #2865 ) ;
#2617 = SURFACE_STYLE_FILL_AREA ( #1194 ) ;
#2618 = DIRECTION ( 'NONE',  ( -0.000000000000000000, -1.000000000000000000, 0.000000000000000000 ) ) ;
#2619 = CARTESIAN_POINT ( 'NONE',  ( 0.8990000000000000213, -0.6250000000000000000, 0.000000000000000000 ) ) ;
#2620 = LINE ( 'NONE', #2045, #1550 ) ;
#2621 = EDGE_CURVE ( 'NONE', #3069, #1783, #2980, .T. ) ;
#2622 = SURFACE_STYLE_FILL_AREA ( #1199 ) ;
#2623 = CARTESIAN_POINT ( 'NONE',  ( 1.000000000000000000, 0.000000000000000000, 0.3499999999999999778 ) ) ;
#2624 = UNCERTAINTY_MEASURE_WITH_UNIT (LENGTH_MEASURE( 1.000000000000000082E-05 ), #2628, 'distance_accuracy_value', 'NONE');
#2625 =( NAMED_UNIT ( * ) PLANE_ANGLE_UNIT ( ) SI_UNIT ( $, .RADIAN. ) );
#2626 = LINE ( 'NONE', #167, #398 ) ;
#2627 = EDGE_CURVE ( 'NONE', #441, #3329, #1201, .T. ) ;
#2628 =( LENGTH_UNIT ( ) NAMED_UNIT ( * ) SI_UNIT ( .MILLI., .METRE. ) );
#2629 =( GEOMETRIC_REPRESENTATION_CONTEXT ( 3 ) GLOBAL_UNCERTAINTY_ASSIGNED_CONTEXT ( ( #258 ) ) GLOBAL_UNIT_ASSIGNED_CONTEXT ( ( #2153, #3648, #3997 ) ) REPRESENTATION_CONTEXT ( 'NONE', 'WORKASPACE' ) );
#2630 = DIRECTION ( 'NONE',  ( -0.000000000000000000, -0.000000000000000000, 1.000000000000000000 ) ) ;
#2631 = DIRECTION ( 'NONE',  ( -0.09901475429766752601, 0.09901475429766752601, -0.9901475429766742886 ) ) ;
#2632 = DIRECTION ( 'NONE',  ( -0.000000000000000000, 0.000000000000000000, -1.000000000000000000 ) ) ;
#2633 = DIRECTION ( 'NONE',  ( 1.000000000000000000, 0.000000000000000000, 0.000000000000000000 ) ) ;
#2634 = EDGE_LOOP ( 'NONE', ( #3679, #4438, #101, #4245, #2843, #328, #4123, #2190 ) ) ;
#2635 = VERTEX_POINT ( 'NONE', #2056 ) ;
#2636 = EDGE_LOOP ( 'NONE', ( #419, #4616, #3348, #2608, #712, #4358, #259, #1847, #3614, #930, #3724, #3448 ) ) ;
#2637 = DIRECTION ( 'NONE',  ( 1.000000000000000000, 0.000000000000000000, -0.000000000000000000 ) ) ;
#2638 = DIRECTION ( 'NONE',  ( 0.000000000000000000, 0.000000000000000000, -1.000000000000000000 ) ) ;
#2639 = DIRECTION ( 'NONE',  ( -1.000000000000000000, 0.000000000000000000, 2.081668171172169992E-16 ) ) ;
#2640 = DIRECTION ( 'NONE',  ( 0.000000000000000000, 0.000000000000000000, 1.000000000000000000 ) ) ;
#2641 = COLOUR_RGB ( '',0.4745098039215686070, 0.6470588235294117974, 0.3098039215686274606 ) ;
#2642 = CARTESIAN_POINT ( 'NONE',  ( 1.000000000000000000, 0.6250000000000000000, 0.3499999999999999778 ) ) ;
#2643 = LINE ( 'NONE', #2282, #1623 ) ;
#2644 = PLANE ( 'NONE',  #1655 ) ;
#2645 = DIRECTION ( 'NONE',  ( -1.000000000000000000, -0.000000000000000000, 0.000000000000000000 ) ) ;
#2646 =( LENGTH_UNIT ( ) NAMED_UNIT ( * ) SI_UNIT ( .MILLI., .METRE. ) );
#2647 = ORIENTED_EDGE ( 'NONE', *, *, #2272, .F. ) ;
#2648 = ADVANCED_FACE ( 'NONE', ( #4259 ), #2449, .F. ) ;
#2649 = FILL_AREA_STYLE ('',( #1233 ) ) ;
#2650 = LINE ( 'NONE', #1983, #1892 ) ;
#2651 = EDGE_CURVE ( 'NONE', #2438, #2256, #668, .T. ) ;
#2652 =( NAMED_UNIT ( * ) PLANE_ANGLE_UNIT ( ) SI_UNIT ( $, .RADIAN. ) );
#2653 = LINE ( 'NONE', #4461, #3735 ) ;
#2654 = PLANE ( 'NONE',  #3166 ) ;
#2655 = AXIS2_PLACEMENT_3D ( 'NONE', #1329, #3409, #3390 ) ;
#2656 = PLANE ( 'NONE',  #1484 ) ;
#2657 = ORIENTED_EDGE ( 'NONE', *, *, #4507, .T. ) ;
#2658 = ORIENTED_EDGE ( 'NONE', *, *, #1633, .T. ) ;
#2659 = AXIS2_PLACEMENT_3D ( 'NONE', #1661, #2448, #2106 ) ;
#2660 =( LENGTH_UNIT ( ) NAMED_UNIT ( * ) SI_UNIT ( .MILLI., .METRE. ) );
#2661 =( NAMED_UNIT ( * ) PLANE_ANGLE_UNIT ( ) SI_UNIT ( $, .RADIAN. ) );
#2662 = DIRECTION ( 'NONE',  ( 0.000000000000000000, 0.000000000000000000, -1.000000000000000000 ) ) ;
#2663 = ORIENTED_EDGE ( 'NONE', *, *, #1296, .F. ) ;
#2664 = SURFACE_STYLE_FILL_AREA ( #450 ) ;
#2665 = SURFACE_STYLE_FILL_AREA ( #270 ) ;
#2666 = PRESENTATION_LAYER_ASSIGNMENT (  '', '', ( #2085 ) ) ;
#2667 = VECTOR ( 'NONE', #873, 1000.000000000000000 ) ;
#2668 = ORIENTED_EDGE ( 'NONE', *, *, #1946, .T. ) ;
#2669 = CARTESIAN_POINT ( 'NONE',  ( 0.9799999999906870984, 0.000000000000000000, 0.01999999996565750282 ) ) ;
#2670 = PRESENTATION_STYLE_ASSIGNMENT (( #4499 ) ) ;
#2671 = STYLED_ITEM ( 'NONE', ( #2163 ), #948 ) ;
#2672 = CARTESIAN_POINT ( 'NONE',  ( -1.000000000000000000, -0.6239999999999999991, 0.3499999999999999778 ) ) ;
#2673 = DIRECTION ( 'NONE',  ( 0.000000000000000000, 0.000000000000000000, -1.000000000000000000 ) ) ;
#2674 = AXIS2_PLACEMENT_3D ( 'NONE', #2509, #1102, #1128 ) ;
#2675 = DIRECTION ( 'NONE',  ( 0.000000000000000000, -0.000000000000000000, -1.000000000000000000 ) ) ;
#2676 = DIRECTION ( 'NONE',  ( 0.000000000000000000, -0.000000000000000000, 1.000000000000000000 ) ) ;
#2677 =( NAMED_UNIT ( * ) SI_UNIT ( $, .STERADIAN. ) SOLID_ANGLE_UNIT ( ) );
#2678 = PRESENTATION_LAYER_ASSIGNMENT (  '', '', ( #882 ) ) ;
#2679 = DIRECTION ( 'NONE',  ( 0.000000000000000000, -0.000000000000000000, 1.000000000000000000 ) ) ;
#2680 = SURFACE_SIDE_STYLE ('',( #1526 ) ) ;
#2681 = CARTESIAN_POINT ( 'NONE',  ( -0.8990000000000000213, 0.5250000000000000222, 0.3300000000000000155 ) ) ;
#2682 = ORIENTED_EDGE ( 'NONE', *, *, #297, .T. ) ;
#2683 = ADVANCED_FACE ( 'NONE', ( #1370 ), #2792, .F. ) ;
#2684 = CLOSED_SHELL ( 'NONE', ( #3122, #2050, #3812, #2719, #4037, #278, #3503, #1539, #2977, #2121, #301, #1596, #2832, #1954, #1353, #4012, #1772, #1831, #3732, #2738, #2417, #3482 ) ) ;
#2685 = DIRECTION ( 'NONE',  ( 0.000000000000000000, -0.000000000000000000, -1.000000000000000000 ) ) ;
#2686 = LINE ( 'NONE', #4141, #4193 ) ;
#2687 = VECTOR ( 'NONE', #4277, 1000.000000000000000 ) ;
#2688 = CARTESIAN_POINT ( 'NONE',  ( -0.8990000000000000213, -0.5250000000000000222, 0.000000000000000000 ) ) ;
#2689 = STYLED_ITEM ( 'NONE', ( #2279 ), #249 ) ;
#2690 =( LENGTH_UNIT ( ) NAMED_UNIT ( * ) SI_UNIT ( .MILLI., .METRE. ) );
#2691 = EDGE_CURVE ( 'NONE', #1312, #1641, #4058, .T. ) ;
#2692 = COLOUR_RGB ( '',0.4745098039215686070, 0.6470588235294117974, 0.3098039215686274606 ) ;
#2693 = ORIENTED_EDGE ( 'NONE', *, *, #3953, .T. ) ;
#2694 = CARTESIAN_POINT ( 'NONE',  ( 0.8990000000000000213, 0.6250000000000000000, 0.0009999999999998844449 ) ) ;
#2695 = FILL_AREA_STYLE ('',( #4523 ) ) ;
#2696 = ORIENTED_EDGE ( 'NONE', *, *, #217, .F. ) ;
#2697 = ORIENTED_EDGE ( 'NONE', *, *, #2752, .T. ) ;
#2698 = SURFACE_SIDE_STYLE ('',( #859 ) ) ;
#2699 = CARTESIAN_POINT ( 'NONE',  ( 0.2267021798941875610, -0.5867014069890175154, 0.4887700029262412871 ) ) ;
#2700 = CARTESIAN_POINT ( 'NONE',  ( -0.8990000000000000213, -0.6250000000000000000, 0.3299999999790450000 ) ) ;
#2701 = EDGE_LOOP ( 'NONE', ( #703, #2183, #2339, #1799 ) ) ;
#2702 = CARTESIAN_POINT ( 'NONE',  ( 0.2180997512422423179, -0.5569002487577576765, 0.4799999999999999822 ) ) ;
#2703 = CARTESIAN_POINT ( 'NONE',  ( 0.8990000000000000213, 0.6250000000000000000, 0.3299999999790450000 ) ) ;
#2704 =( NAMED_UNIT ( * ) SI_UNIT ( $, .STERADIAN. ) SOLID_ANGLE_UNIT ( ) );
#2705 = SURFACE_SIDE_STYLE ('',( #866 ) ) ;
#2706 =( NAMED_UNIT ( * ) SI_UNIT ( $, .STERADIAN. ) SOLID_ANGLE_UNIT ( ) );
#2707 = FILL_AREA_STYLE ('',( #4505 ) ) ;
#2708 =( LENGTH_UNIT ( ) NAMED_UNIT ( * ) SI_UNIT ( .MILLI., .METRE. ) );
#2709 = CARTESIAN_POINT ( 'NONE',  ( 0.2180997512422425400, 0.5569002487577584537, 0.4800000000000000933 ) ) ;
#2710 = ORIENTED_EDGE ( 'NONE', *, *, #4171, .T. ) ;
#2712 = EDGE_LOOP ( 'NONE', ( #1357, #2943, #4321, #4305, #314, #3305, #678, #2761 ) ) ;
#2711 = DIRECTION ( 'NONE',  ( -1.000000000000000000, 0.000000000000000000, 1.122400076403130121E-16 ) ) ;
#2713 = EDGE_LOOP ( 'NONE', ( #2152, #1990, #715, #1324 ) ) ;
#2714 = ADVANCED_FACE ( 'NONE', ( #1374 ), #2729, .T. ) ;
#2715 = ORIENTED_EDGE ( 'NONE', *, *, #2627, .T. ) ;
#2716 = VERTEX_POINT ( 'NONE', #218 ) ;
#2717 = ORIENTED_EDGE ( 'NONE', *, *, #3919, .T. ) ;
#2718 = PRESENTATION_LAYER_ASSIGNMENT (  '', '', ( #2277 ) ) ;
#2719 = ADVANCED_FACE ( 'NONE', ( #3414 ), #1793, .T. ) ;
#2720 = UNCERTAINTY_MEASURE_WITH_UNIT (LENGTH_MEASURE( 1.000000000000000082E-05 ), #3992, 'distance_accuracy_value', 'NONE');
#2721 =( GEOMETRIC_REPRESENTATION_CONTEXT ( 3 ) GLOBAL_UNCERTAINTY_ASSIGNED_CONTEXT ( ( #4641 ) ) GLOBAL_UNIT_ASSIGNED_CONTEXT ( ( #758, #4389, #2281 ) ) REPRESENTATION_CONTEXT ( 'NONE', 'WORKASPACE' ) );
#2722 = EDGE_LOOP ( 'NONE', ( #2558, #2855, #3856, #2773, #1114, #3804, #2424, #3444 ) ) ;
#2723 = LINE ( 'NONE', #2410, #417 ) ;
#2724 = CARTESIAN_POINT ( 'NONE',  ( 0.5989999999999999769, -0.5250000000000000222, 0.02000000000000000042 ) ) ;
#2725 = SURFACE_STYLE_FILL_AREA ( #2007 ) ;
#2726 = DIRECTION ( 'NONE',  ( 1.000000000000000000, 0.000000000000000000, 0.000000000000000000 ) ) ;
#2727 = CARTESIAN_POINT ( 'NONE',  ( 1.449999999999999956, 0.000000000000000000, 0.000000000000000000 ) ) ;
#2728 = LINE ( 'NONE', #3438, #3023 ) ;
#2729 = CYLINDRICAL_SURFACE ( 'NONE', #1470, 0.001000000000000000021 ) ;
#2730 = DIRECTION ( 'NONE',  ( 1.000000000000000000, 4.568105153405589912E-15, 0.000000000000000000 ) ) ;
#2731 =( NAMED_UNIT ( * ) PLANE_ANGLE_UNIT ( ) SI_UNIT ( $, .RADIAN. ) );
#2732 = DIRECTION ( 'NONE',  ( 0.000000000000000000, 0.000000000000000000, -1.000000000000000000 ) ) ;
#2734 = VERTEX_POINT ( 'NONE', #2039 ) ;
#2733 = FACE_OUTER_BOUND ( 'NONE', #1821, .T. ) ;
#2735 = MANIFOLD_SOLID_BREP ( 'Imported1', #3367 ) ;
#2736 = ORIENTED_EDGE ( 'NONE', *, *, #3767, .T. ) ;
#2737 = LINE ( 'NONE', #3522, #3947 ) ;
#2738 = ADVANCED_FACE ( 'NONE', ( #2799 ), #652, .T. ) ;
#2739 = ORIENTED_EDGE ( 'NONE', *, *, #2803, .F. ) ;
#2740 = CARTESIAN_POINT ( 'NONE',  ( 0.9799999999906870984, 0.6250000000000000000, 0.1749999999999999889 ) ) ;
#2742 = ORIENTED_EDGE ( 'NONE', *, *, #3841, .T. ) ;
#2741 = PRESENTATION_STYLE_ASSIGNMENT (( #1727 ) ) ;
#2743 = VECTOR ( 'NONE', #1680, 1000.000000000000000 ) ;
#2744 = EDGE_CURVE ( 'NONE', #36, #2635, #4509, .T. ) ;
#2745 =( NAMED_UNIT ( * ) SI_UNIT ( $, .STERADIAN. ) SOLID_ANGLE_UNIT ( ) );
#2746 = STYLED_ITEM ( 'NONE', ( #4534 ), #2209 ) ;
#2747 = VECTOR ( 'NONE', #1424, 1000.000000000000000 ) ;
#2748 = CARTESIAN_POINT ( 'NONE',  ( -0.5989999999999999769, -0.5250000000000000222, 0.3499999999999998668 ) ) ;
#2749 =( BOUNDED_CURVE ( )  B_SPLINE_CURVE ( 3, ( #833, #1558, #2985, #4460 ),
 .UNSPECIFIED., .F., .F. ) 
 B_SPLINE_CURVE_WITH_KNOTS ( ( 4, 4 ),
 ( 2.361145066127944503, 3.922040241051670595 ),
 .UNSPECIFIED. ) 
 CURVE ( )  GEOMETRIC_REPRESENTATION_ITEM ( )  RATIONAL_B_SPLINE_CURVE ( ( 1.000000000000000000, 0.8070657918415342635, 0.8070657918415342635, 1.000000000000000000 ) ) 
 REPRESENTATION_ITEM ( '' )  );
#2750 = DIRECTION ( 'NONE',  ( 0.000000000000000000, -1.000000000000000000, -0.000000000000000000 ) ) ;
#2751 =( NAMED_UNIT ( * ) SI_UNIT ( $, .STERADIAN. ) SOLID_ANGLE_UNIT ( ) );
#2752 = EDGE_CURVE ( 'NONE', #3776, #3163, #3935, .T. ) ;
#2753 =( NAMED_UNIT ( * ) PLANE_ANGLE_UNIT ( ) SI_UNIT ( $, .RADIAN. ) );
#2754 =( GEOMETRIC_REPRESENTATION_CONTEXT ( 3 ) GLOBAL_UNCERTAINTY_ASSIGNED_CONTEXT ( ( #3404 ) ) GLOBAL_UNIT_ASSIGNED_CONTEXT ( ( #3557, #2470, #66 ) ) REPRESENTATION_CONTEXT ( 'NONE', 'WORKASPACE' ) );
#2755 = FACE_OUTER_BOUND ( 'NONE', #2923, .T. ) ;
#2756 = VERTEX_POINT ( 'NONE', #2538 ) ;
#2757 = CARTESIAN_POINT ( 'NONE',  ( 0.8990000000000000213, -0.5250000000000000222, 0.000000000000000000 ) ) ;
#2758 = DIRECTION ( 'NONE',  ( 0.000000000000000000, -1.000000000000000000, 0.000000000000000000 ) ) ;
#2759 = MECHANICAL_DESIGN_GEOMETRIC_PRESENTATION_REPRESENTATION (  '', ( #964 ), #4357 ) ;
#2760 = ORIENTED_EDGE ( 'NONE', *, *, #1260, .T. ) ;
#2761 = ORIENTED_EDGE ( 'NONE', *, *, #2434, .T. ) ;
#2762 = CIRCLE ( 'NONE', #445, 0.01999999999999990674 ) ;
#2763 = FACE_OUTER_BOUND ( 'NONE', #4114, .T. ) ;
#2764 = DIRECTION ( 'NONE',  ( 1.000000000000000000, -4.891268414762930327E-16, 0.000000000000000000 ) ) ;
#2765 = VERTEX_POINT ( 'NONE', #2501 ) ;
#2766 = LINE ( 'NONE', #701, #2006 ) ;
#2767 = EDGE_LOOP ( 'NONE', ( #1968, #812, #2537, #3586 ) ) ;
#2768 = MECHANICAL_DESIGN_GEOMETRIC_PRESENTATION_REPRESENTATION (  '', ( #889 ), #1938 ) ;
#2769 = CARTESIAN_POINT ( 'NONE',  ( 0.8990000000000000213, 0.5250000000000000222, -4.028228897196639617E-20 ) ) ;
#2770 = COLOUR_RGB ( '',0.9607843137254902244, 0.9607843137254902244, 0.9607843137254902244 ) ;
#2771 = UNCERTAINTY_MEASURE_WITH_UNIT (LENGTH_MEASURE( 1.000000000000000082E-05 ), #3392, 'distance_accuracy_value', 'NONE');
#2773 = ORIENTED_EDGE ( 'NONE', *, *, #1435, .T. ) ;
#2772 = SURFACE_STYLE_FILL_AREA ( #1349 ) ;
#2774 = COLOUR_RGB ( '',0.8627450980392157298, 0.6274509803921568540, 0.05882352941176470507 ) ;
#2775 = COLOUR_RGB ( '',0.8627450980392157298, 0.6274509803921568540, 0.05882352941176470507 ) ;
#2776 = CARTESIAN_POINT ( 'NONE',  ( 0.8990000000000000213, 0.6250000000000000000, 0.3499999999999999778 ) ) ;
#2777 = APPLICATION_CONTEXT ( 'automotive_design' ) ;
#2778 = ADVANCED_FACE ( 'NONE', ( #1805 ), #3253, .T. ) ;
#2779 = DIRECTION ( 'NONE',  ( 1.000000000000000000, 0.000000000000000000, 0.000000000000000000 ) ) ;
#2780 = PLANE ( 'NONE',  #221 ) ;
#2781 = VECTOR ( 'NONE', #4480, 1000.000000000000000 ) ;
#2782 = VERTEX_POINT ( 'NONE', #1824 ) ;
#2783 = SURFACE_STYLE_USAGE ( .BOTH. , #1358 ) ;
#2784 = ADVANCED_FACE ( 'NONE', ( #2222 ), #4385, .F. ) ;
#2785 = LINE ( 'NONE', #697, #1647 ) ;
#2786 = ORIENTED_EDGE ( 'NONE', *, *, #4601, .F. ) ;
#2787 = ORIENTED_EDGE ( 'NONE', *, *, #3592, .F. ) ;
#2788 = LINE ( 'NONE', #959, #1277 ) ;
#2789 = EDGE_CURVE ( 'NONE', #204, #3377, #1044, .T. ) ;
#2790 = CARTESIAN_POINT ( 'NONE',  ( -0.5989999999999999769, 0.5250000000000000222, 0.3300000000000000155 ) ) ;
#2791 = DIRECTION ( 'NONE',  ( -0.000000000000000000, 0.000000000000000000, -1.000000000000000000 ) ) ;
#2792 = PLANE ( 'NONE',  #3189 ) ;
#2793 = COLOUR_RGB ( '',0.9607843137254902244, 0.9607843137254902244, 0.9607843137254902244 ) ;
#2794 = CARTESIAN_POINT ( 'NONE',  ( 0.2023680151481448142, 0.5676647748578690367, 0.4888489115435329935 ) ) ;
#2795 = AXIS2_PLACEMENT_3D ( 'NONE', #1829, #2565, #1143 ) ;
#2796 = EDGE_CURVE ( 'NONE', #2473, #441, #1512, .T. ) ;
#2797 = VERTEX_POINT ( 'NONE', #443 ) ;
#2798 = CARTESIAN_POINT ( 'NONE',  ( -0.8990000000000000213, -0.5250000000000000222, 0.3300000000000000155 ) ) ;
#2799 = FACE_OUTER_BOUND ( 'NONE', #1036, .T. ) ;
#2800 = CARTESIAN_POINT ( 'NONE',  ( 0.8990000000000000213, -0.5250000000000000222, 0.3499999999999999778 ) ) ;
#2801 = CARTESIAN_POINT ( 'NONE',  ( 0.1358508218941670009, 0.4886582175577559584, 0.000000000000000000 ) ) ;
#2802 = CARTESIAN_POINT ( 'NONE',  ( -0.8990000000000000213, 0.6239999999999999991, 0.3499999999999999778 ) ) ;
#2803 = EDGE_CURVE ( 'NONE', #1407, #1278, #1869, .T. ) ;
#2804 = ORIENTED_EDGE ( 'NONE', *, *, #1000, .T. ) ;
#2805 = EDGE_CURVE ( 'NONE', #1380, #2734, #2993, .T. ) ;
#2806 = CARTESIAN_POINT ( 'NONE',  ( 0.1882816595078560806, -0.5362324308631787328, 0.4907742012615317617 ) ) ;
#2807 = ORIENTED_EDGE ( 'NONE', *, *, #617, .F. ) ;
#2808 = VERTEX_POINT ( 'NONE', #2252 ) ;
#2809 = DIRECTION ( 'NONE',  ( 0.5382263050055430265, 0.5382263050055539066, 0.6485560031332286979 ) ) ;
#2810 = UNCERTAINTY_MEASURE_WITH_UNIT (LENGTH_MEASURE( 1.000000000000000082E-05 ), #2975, 'distance_accuracy_value', 'NONE');
#2811 = COLOUR_RGB ( '',0.9607843137254902244, 0.9607843137254902244, 0.9607843137254902244 ) ;
#2812 = LINE ( 'NONE', #1632, #4016 ) ;
#2813 =( GEOMETRIC_REPRESENTATION_CONTEXT ( 3 ) GLOBAL_UNCERTAINTY_ASSIGNED_CONTEXT ( ( #2624 ) ) GLOBAL_UNIT_ASSIGNED_CONTEXT ( ( #2628, #2342, #4317 ) ) REPRESENTATION_CONTEXT ( 'NONE', 'WORKASPACE' ) );
#2814 = VECTOR ( 'NONE', #1027, 1000.000000000000000 ) ;
#2815 = DIRECTION ( 'NONE',  ( 0.000000000000000000, 0.000000000000000000, 1.000000000000000000 ) ) ;
#2816 = PRESENTATION_LAYER_ASSIGNMENT (  '', '', ( #2893 ) ) ;
#2817 =( NAMED_UNIT ( * ) SI_UNIT ( $, .STERADIAN. ) SOLID_ANGLE_UNIT ( ) );
#2818 = PLANE ( 'NONE',  #1639 ) ;
#2819 = VECTOR ( 'NONE', #2283, 1000.000000000000000 ) ;
#2820 = VECTOR ( 'NONE', #3654, 1000.000000000000000 ) ;
#2821 = SURFACE_SIDE_STYLE ('',( #3175 ) ) ;
#2822 = PRESENTATION_STYLE_ASSIGNMENT (( #622 ) ) ;
#2823 = ORIENTED_EDGE ( 'NONE', *, *, #2482, .F. ) ;
#2824 = ORIENTED_EDGE ( 'NONE', *, *, #3238, .T. ) ;
#2825 = AXIS2_PLACEMENT_3D ( 'NONE', #3415, #1935, #4543 ) ;
#2826 = CARTESIAN_POINT ( 'NONE',  ( 0.8990000000000000213, -0.6239999999999999991, 0.3489999999999996994 ) ) ;
#2827 = EDGE_CURVE ( 'NONE', #19, #2275, #4144, .T. ) ;
#2828 =( GEOMETRIC_REPRESENTATION_CONTEXT ( 3 ) GLOBAL_UNCERTAINTY_ASSIGNED_CONTEXT ( ( #3146 ) ) GLOBAL_UNIT_ASSIGNED_CONTEXT ( ( #1159, #1895, #4295 ) ) REPRESENTATION_CONTEXT ( 'NONE', 'WORKASPACE' ) );
#2829 = ORIENTED_EDGE ( 'NONE', *, *, #3386, .T. ) ;
#2830 = ORIENTED_EDGE ( 'NONE', *, *, #1015, .T. ) ;
#2831 = DIRECTION ( 'NONE',  ( -2.643388153869419818E-16, -1.000000000000000000, 0.000000000000000000 ) ) ;
#2832 = ADVANCED_FACE ( 'NONE', ( #4059 ), #3703, .T. ) ;
#2833 = SURFACE_STYLE_USAGE ( .BOTH. , #738 ) ;
#2834 = PRESENTATION_STYLE_ASSIGNMENT (( #3940 ) ) ;
#2835 =( GEOMETRIC_REPRESENTATION_CONTEXT ( 3 ) GLOBAL_UNCERTAINTY_ASSIGNED_CONTEXT ( ( #2852 ) ) GLOBAL_UNIT_ASSIGNED_CONTEXT ( ( #1327, #3020, #2704 ) ) REPRESENTATION_CONTEXT ( 'NONE', 'WORKASPACE' ) );
#2836 = PRESENTATION_STYLE_ASSIGNMENT (( #3862 ) ) ;
#2837 = COLOUR_RGB ( '',0.9607843137254902244, 0.9607843137254902244, 0.9607843137254902244 ) ;
#2838 = AXIS2_PLACEMENT_3D ( 'NONE', #4066, #185, #1276 ) ;
#2839 = DIRECTION ( 'NONE',  ( 0.000000000000000000, -0.000000000000000000, -1.000000000000000000 ) ) ;
#2840 = SURFACE_STYLE_FILL_AREA ( #94 ) ;
#2841 = VECTOR ( 'NONE', #129, 1000.000000000000000 ) ;
#2842 = CARTESIAN_POINT ( 'NONE',  ( 1.397631984851857911, -0.5676647748578689257, 0.4888489115435326049 ) ) ;
#2843 = ORIENTED_EDGE ( 'NONE', *, *, #1135, .T. ) ;
#2844 = CARTESIAN_POINT ( 'NONE',  ( 0.1358508218941719969, -0.5999999999999999778, 0.000000000000000000 ) ) ;
#2845 = CARTESIAN_POINT ( 'NONE',  ( 1.000000000000000000, -0.6250000000000000000, 0.000000000000000000 ) ) ;
#2846 = ORIENTED_EDGE ( 'NONE', *, *, #1021, .T. ) ;
#2847 = DIRECTION ( 'NONE',  ( 0.000000000000000000, 0.000000000000000000, -1.000000000000000000 ) ) ;
#2848 = FILL_AREA_STYLE ('',( #4328 ) ) ;
#2849 = CYLINDRICAL_SURFACE ( 'NONE', #2247, 0.02000000000000000389 ) ;
#2850 = ORIENTED_EDGE ( 'NONE', *, *, #764, .T. ) ;
#2851 = ADVANCED_FACE ( 'NONE', ( #469 ), #3562, .F. ) ;
#2852 = UNCERTAINTY_MEASURE_WITH_UNIT (LENGTH_MEASURE( 1.000000000000000082E-05 ), #1327, 'distance_accuracy_value', 'NONE');
#2853 = FILL_AREA_STYLE ('',( #1431 ) ) ;
#2854 =( REPRESENTATION_RELATIONSHIP ('NONE','NONE', #1095, #3982 ) REPRESENTATION_RELATIONSHIP_WITH_TRANSFORMATION ( #4386 )SHAPE_REPRESENTATION_RELATIONSHIP( ) );
#2855 = ORIENTED_EDGE ( 'NONE', *, *, #3231, .T. ) ;
#2856 =( LENGTH_UNIT ( ) NAMED_UNIT ( * ) SI_UNIT ( .MILLI., .METRE. ) );
#2857 = EDGE_CURVE ( 'NONE', #2275, #4234, #4356, .T. ) ;
#2858 = DIRECTION ( 'NONE',  ( -0.000000000000000000, -0.000000000000000000, 1.000000000000000000 ) ) ;
#2859 = CARTESIAN_POINT ( 'NONE',  ( -0.8000000000000000444, 0.6250000000000000000, 0.01999999996565748894 ) ) ;
#2860 = EDGE_CURVE ( 'NONE', #1590, #2512, #806, .T. ) ;
#2861 = CARTESIAN_POINT ( 'NONE',  ( 0.2240506441546050997, 0.5633119185870446577, 0.4979854764614617957 ) ) ;
#2862 = SURFACE_STYLE_USAGE ( .BOTH. , #1436 ) ;
#2863 = VERTEX_POINT ( 'NONE', #3675 ) ;
#2864 = FACE_OUTER_BOUND ( 'NONE', #3680, .T. ) ;
#2865 = VECTOR ( 'NONE', #3736, 1000.000000000000114 ) ;
#2866 = ORIENTED_EDGE ( 'NONE', *, *, #3534, .T. ) ;
#2867 = VERTEX_POINT ( 'NONE', #2345 ) ;
#2868 = FILL_AREA_STYLE ('',( #1438 ) ) ;
#2869 = CARTESIAN_POINT ( 'NONE',  ( 1.386993215008847313, 0.5362324308631783998, 0.5112931893911368819 ) ) ;
#2870 = EDGE_LOOP ( 'NONE', ( #1865, #2444, #2167, #4489, #1638, #2536, #4032, #2663 ) ) ;
#2871 =( LENGTH_UNIT ( ) NAMED_UNIT ( * ) SI_UNIT ( .MILLI., .METRE. ) );
#2872 = FILL_AREA_STYLE_COLOUR ( '', #3885 ) ;
#2873 = ORIENTED_EDGE ( 'NONE', *, *, #3297, .T. ) ;
#2874 = ORIENTED_EDGE ( 'NONE', *, *, #707, .T. ) ;
#2875 = CARTESIAN_POINT ( 'NONE',  ( 0.7990000000000000435, 0.6250000000000000000, 0.3300000000000000155 ) ) ;
#2876 = SURFACE_STYLE_USAGE ( .BOTH. , #2393 ) ;
#2877 = MECHANICAL_DESIGN_GEOMETRIC_PRESENTATION_REPRESENTATION (  '', ( #1832 ), #1386 ) ;
#2878 =( LENGTH_UNIT ( ) NAMED_UNIT ( * ) SI_UNIT ( .MILLI., .METRE. ) );
#2879 = EDGE_CURVE ( 'NONE', #1214, #1186, #293, .T. ) ;
#2880 = DIRECTION ( 'NONE',  ( 1.000000000000000000, 0.000000000000000000, 0.000000000000000000 ) ) ;
#2881 = CARTESIAN_POINT ( 'NONE',  ( 0.1358508218941719969, -0.5443291087788819649, 0.003000000000000000062 ) ) ;
#2882 = LINE ( 'NONE', #4319, #3096 ) ;
#2883 = FILL_AREA_STYLE_COLOUR ( '', #135 ) ;
#2884 = PRESENTATION_STYLE_ASSIGNMENT (( #455 ) ) ;
#2885 = EDGE_CURVE ( 'NONE', #1820, #1592, #4400, .T. ) ;
#2886 = VECTOR ( 'NONE', #1597, 1000.000000000000000 ) ;
#2887 = EDGE_LOOP ( 'NONE', ( #2866, #2787, #711, #2374 ) ) ;
#2888 = FILL_AREA_STYLE ('',( #3196 ) ) ;
#2889 = AXIS2_PLACEMENT_3D ( 'NONE', #990, #2429, #3861 ) ;
#2890 = EDGE_CURVE ( 'NONE', #2512, #987, #436, .T. ) ;
#2891 = AXIS2_PLACEMENT_3D ( 'NONE', #1141, #2559, #103 ) ;
#2892 = ORIENTED_EDGE ( 'NONE', *, *, #3172, .F. ) ;
#2893 = STYLED_ITEM ( 'NONE', ( #4479 ), #2147 ) ;
#2894 = FACE_OUTER_BOUND ( 'NONE', #3973, .T. ) ;
#2895 = ORIENTED_EDGE ( 'NONE', *, *, #119, .T. ) ;
#2896 = VERTEX_POINT ( 'NONE', #4483 ) ;
#2897 = AXIS2_PLACEMENT_3D ( 'NONE', #4028, #410, #2199 ) ;
#2898 = SURFACE_STYLE_FILL_AREA ( #781 ) ;
#2899 =( NAMED_UNIT ( * ) PLANE_ANGLE_UNIT ( ) SI_UNIT ( $, .RADIAN. ) );
#2900 = SHAPE_REPRESENTATION ( 'lens', ( #4589 ), #1163 ) ;
#2901 = CARTESIAN_POINT ( 'NONE',  ( -0.02038303522603870238, 0.4886582175577559584, 0.000000000000000000 ) ) ;
#2902 =( LENGTH_UNIT ( ) NAMED_UNIT ( * ) SI_UNIT ( .MILLI., .METRE. ) );
#2903 = ORIENTED_EDGE ( 'NONE', *, *, #1169, .T. ) ;
#2904 = STYLED_ITEM ( 'NONE', ( #4622 ), #876 ) ;
#2905 = ORIENTED_EDGE ( 'NONE', *, *, #883, .T. ) ;
#2906 = SURFACE_STYLE_USAGE ( .BOTH. , #1472 ) ;
#2907 =( GEOMETRIC_REPRESENTATION_CONTEXT ( 3 ) GLOBAL_UNCERTAINTY_ASSIGNED_CONTEXT ( ( #2549 ) ) GLOBAL_UNIT_ASSIGNED_CONTEXT ( ( #1290, #3060, #3700 ) ) REPRESENTATION_CONTEXT ( 'NONE', 'WORKASPACE' ) );
#2908 = CARTESIAN_POINT ( 'NONE',  ( 0.8990000000000009095, 0.5250000000000000222, 0.3499999999999996447 ) ) ;
#2909 = LINE ( 'NONE', #2881, #3965 ) ;
#2910 = CARTESIAN_POINT ( 'NONE',  ( -0.8990000000000000213, -0.5250000000000000222, 0.3499999999999999778 ) ) ;
#2911 =( NAMED_UNIT ( * ) SI_UNIT ( $, .STERADIAN. ) SOLID_ANGLE_UNIT ( ) );
#2912 = PRESENTATION_LAYER_ASSIGNMENT (  '', '', ( #374 ) ) ;
#2913 = EDGE_CURVE ( 'NONE', #3785, #2927, #1525, .T. ) ;
#2914 = DIRECTION ( 'NONE',  ( 0.09901475429766752601, -0.09901475429766752601, -0.9901475429766742886 ) ) ;
#2915 = SURFACE_SIDE_STYLE ('',( #38 ) ) ;
#2916 = MECHANICAL_DESIGN_GEOMETRIC_PRESENTATION_REPRESENTATION (  '', ( #4135 ), #4455 ) ;
#2917 = SURFACE_STYLE_FILL_AREA ( #3268 ) ;
#2918 = ORIENTED_EDGE ( 'NONE', *, *, #656, .F. ) ;
#2919 = PLANE ( 'NONE',  #4173 ) ;
#2920 = EDGE_CURVE ( 'NONE', #2256, #3185, #224, .T. ) ;
#2921 =( LENGTH_UNIT ( ) NAMED_UNIT ( * ) SI_UNIT ( .MILLI., .METRE. ) );
#2922 = CARTESIAN_POINT ( 'NONE',  ( -0.9799999999906870984, 0.000000000000000000, 0.01999999996565750282 ) ) ;
#2923 = EDGE_LOOP ( 'NONE', ( #4296, #1200, #4359, #2557 ) ) ;
#2924 = VERTEX_POINT ( 'NONE', #1862 ) ;
#2925 = PRODUCT_CONTEXT ( 'NONE', #3100, 'mechanical' ) ;
#2926 = LINE ( 'NONE', #4390, #2841 ) ;
#2927 = VERTEX_POINT ( 'NONE', #3300 ) ;
#2928 = FACE_OUTER_BOUND ( 'NONE', #2887, .T. ) ;
#2929 = CARTESIAN_POINT ( 'NONE',  ( 0.5999999999999999778, -0.5250000000000000222, 0.000000000000000000 ) ) ;
#2930 = PRODUCT_DEFINITION_SHAPE ( 'NONE', 'NONE',  #4671 ) ;
#2931 = CARTESIAN_POINT ( 'NONE',  ( 0.2180997512422420126, 0.1562500000000000000, 0.5000000000000000000 ) ) ;
#2932 = CARTESIAN_POINT ( 'NONE',  ( -0.8990000000000000213, 0.6239999999999999991, 0.3490000000000000879 ) ) ;
#2933 = CARTESIAN_POINT ( 'NONE',  ( -0.5989999999999999769, 0.5250000000000000222, 0.000000000000000000 ) ) ;
#2934 = ADVANCED_FACE ( 'NONE', ( #95 ), #3342, .F. ) ;
#2935 = DIRECTION ( 'NONE',  ( 0.000000000000000000, -1.000000000000000000, 0.000000000000000000 ) ) ;
#2936 =( NAMED_UNIT ( * ) SI_UNIT ( $, .STERADIAN. ) SOLID_ANGLE_UNIT ( ) );
#2937 = DIRECTION ( 'NONE',  ( 0.000000000000000000, 1.000000000000000000, 0.000000000000000000 ) ) ;
#2938 = CARTESIAN_POINT ( 'NONE',  ( -0.8990000000000000213, -0.6250000000000000000, 0.1749999999999999889 ) ) ;
#2939 = EDGE_CURVE ( 'NONE', #4147, #1389, #2243, .T. ) ;
#2940 = PLANE ( 'NONE',  #3092 ) ;
#2941 = VERTEX_POINT ( 'NONE', #116 ) ;
#2942 = EDGE_CURVE ( 'NONE', #702, #3900, #2749, .T. ) ;
#2943 = ORIENTED_EDGE ( 'NONE', *, *, #978, .F. ) ;
#2944 = ORIENTED_EDGE ( 'NONE', *, *, #3087, .T. ) ;
#2945 = CARTESIAN_POINT ( 'NONE',  ( -0.8000000000000080380, 6.994405055138530381E-16, 0.3499999999999999778 ) ) ;
#2946 = CARTESIAN_POINT ( 'NONE',  ( 0.8990000000000000213, 0.6250000000000000000, 0.1749999999999999889 ) ) ;
#2947 = ORIENTED_EDGE ( 'NONE', *, *, #1602, .T. ) ;
#2948 = LINE ( 'NONE', #1830, #1568 ) ;
#2949 = LINE ( 'NONE', #4415, #4345 ) ;
#2950 = SURFACE_SIDE_STYLE ('',( #1518 ) ) ;
#2951 = DIRECTION ( 'NONE',  ( 1.000000000000000000, 0.000000000000000000, -0.000000000000000000 ) ) ;
#2952 = VERTEX_POINT ( 'NONE', #4053 ) ;
#2953 = DIRECTION ( 'NONE',  ( -0.000000000000000000, -1.000000000000000000, -0.000000000000000000 ) ) ;
#2954 = STYLED_ITEM ( 'NONE', ( #740 ), #2485 ) ;
#2955 =( NAMED_UNIT ( * ) SI_UNIT ( $, .STERADIAN. ) SOLID_ANGLE_UNIT ( ) );
#2956 = CARTESIAN_POINT ( 'NONE',  ( 0.8990000000000000213, -0.5250000000000000222, 0.3299999999790450000 ) ) ;
#2957 = EDGE_LOOP ( 'NONE', ( #2250, #1788, #1241, #1738 ) ) ;
#2958 =( GEOMETRIC_REPRESENTATION_CONTEXT ( 3 ) GLOBAL_UNCERTAINTY_ASSIGNED_CONTEXT ( ( #4596 ) ) GLOBAL_UNIT_ASSIGNED_CONTEXT ( ( #1251, #4577, #237 ) ) REPRESENTATION_CONTEXT ( 'NONE', 'WORKASPACE' ) );
#2959 = VECTOR ( 'NONE', #178, 1000.000000000000000 ) ;
#2960 = PRESENTATION_STYLE_ASSIGNMENT (( #2576 ) ) ;
#2961 = CARTESIAN_POINT ( 'NONE',  ( 0.1699007438042001439, -0.6249999999999996669, -2.710505431213761085E-17 ) ) ;
#2962 = CARTESIAN_POINT ( 'NONE',  ( -0.8990000000000000213, -0.6250000000000000000, 0.000000000000000000 ) ) ;
#2963 = DIRECTION ( 'NONE',  ( 1.000000000000000000, 0.000000000000000000, -2.081668171172169992E-16 ) ) ;
#2964 = ORIENTED_EDGE ( 'NONE', *, *, #1451, .F. ) ;
#2965 = VECTOR ( 'NONE', #4062, 1000.000000000000000 ) ;
#2966 = ORIENTED_EDGE ( 'NONE', *, *, #1544, .T. ) ;
#2967 = DIRECTION ( 'NONE',  ( -1.000000000000000000, 0.000000000000000000, 1.122400076403130121E-16 ) ) ;
#2968 = PRESENTATION_LAYER_ASSIGNMENT (  '', '', ( #504 ) ) ;
#2969 = EDGE_CURVE ( 'NONE', #1041, #3420, #1207, .T. ) ;
#2970 = PRESENTATION_LAYER_ASSIGNMENT (  '', '', ( #1547 ) ) ;
#2971 = ORIENTED_EDGE ( 'NONE', *, *, #181, .T. ) ;
#2972 = CARTESIAN_POINT ( 'NONE',  ( -0.5989999999999999769, -0.5250000000000000222, 0.3499999999999999778 ) ) ;
#2973 = DIRECTION ( 'NONE',  ( 0.000000000000000000, 0.000000000000000000, -1.000000000000000000 ) ) ;
#2974 = PRESENTATION_LAYER_ASSIGNMENT (  '', '', ( #2671 ) ) ;
#2975 =( LENGTH_UNIT ( ) NAMED_UNIT ( * ) SI_UNIT ( .MILLI., .METRE. ) );
#2976 = DIRECTION ( 'NONE',  ( 0.000000000000000000, 0.000000000000000000, -1.000000000000000000 ) ) ;
#2977 = ADVANCED_FACE ( 'NONE', ( #4106 ), #872, .T. ) ;
#2978 =( LENGTH_UNIT ( ) NAMED_UNIT ( * ) SI_UNIT ( .MILLI., .METRE. ) );
#2979 = VERTEX_POINT ( 'NONE', #3740 ) ;
#2980 = LINE ( 'NONE', #456, #2076 ) ;
#2981 = CARTESIAN_POINT ( 'NONE',  ( -0.8990000000000000213, 0.6250000000000000000, 0.1749999999999999889 ) ) ;
#2982 = CARTESIAN_POINT ( 'NONE',  ( -0.8990000000000000213, 0.6250000000000000000, 0.3490000000000002545 ) ) ;
#2983 = AXIS2_PLACEMENT_3D ( 'NONE', #2564, #2996, #2333 ) ;
#2984 = MECHANICAL_DESIGN_GEOMETRIC_PRESENTATION_REPRESENTATION (  '', ( #374 ), #4045 ) ;
#2985 = CARTESIAN_POINT ( 'NONE',  ( 0.1500000000000005218, 0.6167806189592915933, 0.000000000000000000 ) ) ;
#2986 = DIRECTION ( 'NONE',  ( -0.5382263050055421383, -0.5382263050055543507, 0.6485560031332292530 ) ) ;
#2987 = CARTESIAN_POINT ( 'NONE',  ( 0.9799999999906870984, 0.6250000000000000000, 0.1749999999999999889 ) ) ;
#2988 = LINE ( 'NONE', #4080, #1777 ) ;
#2989 = VECTOR ( 'NONE', #1670, 1000.000000000000000 ) ;
#2990 = ORIENTED_EDGE ( 'NONE', *, *, #3623, .F. ) ;
#2991 = MECHANICAL_DESIGN_GEOMETRIC_PRESENTATION_REPRESENTATION (  '', ( #751 ), #974 ) ;
#2992 = ORIENTED_EDGE ( 'NONE', *, *, #4046, .T. ) ;
#2993 = LINE ( 'NONE', #1158, #4656 ) ;
#2994 = PLANE ( 'NONE',  #611 ) ;
#2995 = CARTESIAN_POINT ( 'NONE',  ( 0.2073352251421314019, -0.5676647748578690367, 0.4929711200626645251 ) ) ;
#2996 = DIRECTION ( 'NONE',  ( 1.000000000000000000, 0.000000000000000000, 0.000000000000000000 ) ) ;
#2997 = EDGE_CURVE ( 'NONE', #2635, #632, #3125, .T. ) ;
#2998 = EDGE_LOOP ( 'NONE', ( #1060, #2824, #3930, #762 ) ) ;
#2999 = DIRECTION ( 'NONE',  ( 0.000000000000000000, -0.000000000000000000, 1.000000000000000000 ) ) ;
#3000 = CARTESIAN_POINT ( 'NONE',  ( 0.2078942885107420702, -0.5867014069890176264, 0.4731616332012633097 ) ) ;
#3001 = LINE ( 'NONE', #4447, #823 ) ;
#3002 = ADVANCED_FACE ( 'NONE', ( #2054 ), #1653, .F. ) ;
#3003 = LINE ( 'NONE', #4450, #2819 ) ;
#3004 = DIRECTION ( 'NONE',  ( 0.000000000000000000, 0.000000000000000000, -1.000000000000000000 ) ) ;
#3005 = EDGE_CURVE ( 'NONE', #233, #69, #2614, .T. ) ;
#3006 = FACE_OUTER_BOUND ( 'NONE', #1891, .T. ) ;
#3007 = PLANE ( 'NONE',  #1998 ) ;
#3008 = FACE_OUTER_BOUND ( 'NONE', #351, .T. ) ;
#3009 = CARTESIAN_POINT ( 'NONE',  ( -0.5999999999999999778, 0.000000000000000000, 0.3299999999790450000 ) ) ;
#3010 = CARTESIAN_POINT ( 'NONE',  ( -0.8990000000000000213, -0.5250000000000000222, 0.000000000000000000 ) ) ;
#3011 = CARTESIAN_POINT ( 'NONE',  ( 1.392664774857871324, -0.5676647748578688146, 0.4929711200626646916 ) ) ;
#3012 = SURFACE_SIDE_STYLE ('',( #3445 ) ) ;
#3013 = SURFACE_STYLE_USAGE ( .BOTH. , #1561 ) ;
#3014 = EDGE_LOOP ( 'NONE', ( #3180, #4226, #3476, #3307 ) ) ;
#3015 = FILL_AREA_STYLE_COLOUR ( '', #2774 ) ;
#3016 = SURFACE_SIDE_STYLE ('',( #3684 ) ) ;
#3017 = FILL_AREA_STYLE ('',( #3313 ) ) ;
#3018 = CARTESIAN_POINT ( 'NONE',  ( 0.5999999999999999778, 0.000000000000000000, 0.01999999996565750282 ) ) ;
#3019 = ORIENTED_EDGE ( 'NONE', *, *, #3697, .T. ) ;
#3020 =( NAMED_UNIT ( * ) PLANE_ANGLE_UNIT ( ) SI_UNIT ( $, .RADIAN. ) );
#3021 = FILL_AREA_STYLE_COLOUR ( '', #2572 ) ;
#3022 = EDGE_CURVE ( 'NONE', #2979, #2896, #3985, .T. ) ;
#3023 = VECTOR ( 'NONE', #3887, 1000.000000000000000 ) ;
#3024 = CARTESIAN_POINT ( 'NONE',  ( -0.5999999999999999778, -0.5250000000000000222, 0.3499999999999999778 ) ) ;
#3025 = DIRECTION ( 'NONE',  ( 1.000000000000000000, 0.000000000000000000, 0.000000000000000000 ) ) ;
#3026 = DIRECTION ( 'NONE',  ( -0.000000000000000000, -1.000000000000000000, -0.000000000000000000 ) ) ;
#3027 = EDGE_CURVE ( 'NONE', #392, #4198, #492, .T. ) ;
#3028 = CARTESIAN_POINT ( 'NONE',  ( 0.8000000000000000444, -0.6250000000000000000, 0.000000000000000000 ) ) ;
#3029 = CARTESIAN_POINT ( 'NONE',  ( 0.2180997512422420126, -0.5569002487577580096, 0.4800000000000000377 ) ) ;
#3030 = CARTESIAN_POINT ( 'NONE',  ( 0.8990000000000000213, 0.000000000000000000, 0.000000000000000000 ) ) ;
#3031 = CARTESIAN_POINT ( 'NONE',  ( 0.8990000000000000213, -0.6250000000000000000, 0.01999999999999999695 ) ) ;
#3032 =( NAMED_UNIT ( * ) PLANE_ANGLE_UNIT ( ) SI_UNIT ( $, .RADIAN. ) );
#3033 = VERTEX_POINT ( 'NONE', #2908 ) ;
#3035 = ORIENTED_EDGE ( 'NONE', *, *, #725, .F. ) ;
#3034 = CARTESIAN_POINT ( 'NONE',  ( 1.392664774857871102, 0.5676647748578691477, 0.4929711200626645806 ) ) ;
#3036 =( GEOMETRIC_REPRESENTATION_CONTEXT ( 3 ) GLOBAL_UNCERTAINTY_ASSIGNED_CONTEXT ( ( #529 ) ) GLOBAL_UNIT_ASSIGNED_CONTEXT ( ( #2856, #735, #2706 ) ) REPRESENTATION_CONTEXT ( 'NONE', 'WORKASPACE' ) );
#3037 = DIRECTION ( 'NONE',  ( 1.000000000000000000, 0.000000000000000000, 0.000000000000000000 ) ) ;
#3038 = COLOUR_RGB ( '',0.8627450980392157298, 0.6274509803921568540, 0.05882352941176470507 ) ;
#3039 = SURFACE_SIDE_STYLE ('',( #1613 ) ) ;
#3040 = ORIENTED_EDGE ( 'NONE', *, *, #241, .T. ) ;
#3041 = COLOUR_RGB ( '',0.9607843137254902244, 0.9607843137254902244, 0.9607843137254902244 ) ;
#3042 = CARTESIAN_POINT ( 'NONE',  ( 0.2183013447299521348, -0.5661026009617704524, 0.4988929048104990271 ) ) ;
#3043 = PLANE ( 'NONE',  #4218 ) ;
#3044 = ORIENTED_EDGE ( 'NONE', *, *, #2920, .T. ) ;
#3045 = DIRECTION ( 'NONE',  ( 4.891268414762930327E-16, 1.000000000000000000, 0.000000000000000000 ) ) ;
#3046 = FACE_OUTER_BOUND ( 'NONE', #2722, .T. ) ;
#3047 = CIRCLE ( 'NONE', #4115, 0.01999999999999999695 ) ;
#3048 =( BOUNDED_SURFACE ( )  B_SPLINE_SURFACE ( 3, 3, ( 
 ( #304, #1050, #3924, #3574 ),
 ( #1791, #1703, #4605, #2794 ),
 ( #970, #16, #4231, #4260 ),
 ( #2861, #3130, #4280, #661 ) ),
 .UNSPECIFIED., .F., .F., .T. ) 
 B_SPLINE_SURFACE_WITH_KNOTS ( ( 4, 4 ),
 ( 4, 4 ),
 ( 0.000000000000000000, 1.000000000000000000 ),
 ( 0.000000000000000000, 1.000000000000000000 ),
 .UNSPECIFIED. ) 
 GEOMETRIC_REPRESENTATION_ITEM ( )  RATIONAL_B_SPLINE_SURFACE ( (
 ( 1.000000000000000000, 0.3333333333333357573, 0.3333333333333357573, 1.000000000000000000),
 ( 0.9288031850351476937, 0.3096010616783848035, 0.3096010616783848035, 0.9288031850351476937),
 ( 0.9288031850351476937, 0.3096010616783848035, 0.3096010616783848035, 0.9288031850351476937),
 ( 1.000000000000000000, 0.3333333333333357573, 0.3333333333333357573, 1.000000000000000000) ) ) 
 REPRESENTATION_ITEM ( '' )  SURFACE ( )  );
#3049 = ORIENTED_EDGE ( 'NONE', *, *, #4570, .F. ) ;
#3050 = FILL_AREA_STYLE_COLOUR ( '', #1918 ) ;
#3051 = VECTOR ( 'NONE', #961, 1000.000000000000000 ) ;
#3052 = SURFACE_STYLE_FILL_AREA ( #1601 ) ;
#3053 = CARTESIAN_POINT ( 'NONE',  ( -0.7990000000000000435, 0.000000000000000000, 0.02000000000000000042 ) ) ;
#3054 = SURFACE_STYLE_USAGE ( .BOTH. , #1066 ) ;
#3055 = EDGE_CURVE ( 'NONE', #3785, #1562, #771, .T. ) ;
#3056 = LINE ( 'NONE', #3842, #4287 ) ;
#3057 = LINE ( 'NONE', #4183, #3647 ) ;
#3058 = STYLED_ITEM ( 'NONE', ( #4375 ), #1188 ) ;
#3059 = CARTESIAN_POINT ( 'NONE',  ( -0.8990000000000000213, 0.6250000000000000000, 0.3499999999999999778 ) ) ;
#3060 =( NAMED_UNIT ( * ) PLANE_ANGLE_UNIT ( ) SI_UNIT ( $, .RADIAN. ) );
#3061 = ADVANCED_FACE ( 'NONE', ( #4468 ), #884, .T. ) ;
#3062 = ORIENTED_EDGE ( 'NONE', *, *, #1298, .T. ) ;
#3063 = LINE ( 'NONE', #4546, #2743 ) ;
#3064 = AXIS2_PLACEMENT_3D ( 'NONE', #2826, #4291, #3913 ) ;
#3065 = ORIENTED_EDGE ( 'NONE', *, *, #2969, .T. ) ;
#3066 = CARTESIAN_POINT ( 'NONE',  ( -0.8000000000000000444, -0.6250000000000000000, 0.3299999999790450000 ) ) ;
#3067 = COLOUR_RGB ( '',0.8627450980392157298, 0.6274509803921568540, 0.05882352941176470507 ) ;
#3068 =( LENGTH_UNIT ( ) NAMED_UNIT ( * ) SI_UNIT ( .MILLI., .METRE. ) );
#3069 = VERTEX_POINT ( 'NONE', #604 ) ;
#3070 = EDGE_LOOP ( 'NONE', ( #3173, #579, #1456, #466, #827, #2371, #2376, #3916 ) ) ;
#3071 = CARTESIAN_POINT ( 'NONE',  ( 0.1358508218941718582, -0.4886582175577640075, 0.000000000000000000 ) ) ;
#3072 = STYLED_ITEM ( 'NONE', ( #3871 ), #4486 ) ;
#3073 = EDGE_LOOP ( 'NONE', ( #40, #2516, #373, #3083 ) ) ;
#3074 =( NAMED_UNIT ( * ) PLANE_ANGLE_UNIT ( ) SI_UNIT ( $, .RADIAN. ) );
#3075 = ORIENTED_EDGE ( 'NONE', *, *, #617, .T. ) ;
#3076 = SURFACE_STYLE_FILL_AREA ( #3433 ) ;
#3077 =( LENGTH_UNIT ( ) NAMED_UNIT ( * ) SI_UNIT ( .MILLI., .METRE. ) );
#3078 =( NAMED_UNIT ( * ) PLANE_ANGLE_UNIT ( ) SI_UNIT ( $, .RADIAN. ) );
#3079 = SURFACE_STYLE_FILL_AREA ( #242 ) ;
#3080 =( NAMED_UNIT ( * ) PLANE_ANGLE_UNIT ( ) SI_UNIT ( $, .RADIAN. ) );
#3081 = EDGE_CURVE ( 'NONE', #69, #4566, #1297, .T. ) ;
#3082 = LINE ( 'NONE', #3134, #3661 ) ;
#3083 = ORIENTED_EDGE ( 'NONE', *, *, #3948, .T. ) ;
#3084 = SURFACE_SIDE_STYLE ('',( #1964 ) ) ;
#3085 = VERTEX_POINT ( 'NONE', #2694 ) ;
#3086 = LINE ( 'NONE', #3423, #3899 ) ;
#3087 = EDGE_CURVE ( 'NONE', #1492, #3633, #3733, .T. ) ;
#3088 = LINE ( 'NONE', #3110, #4665 ) ;
#3089 = ORIENTED_EDGE ( 'NONE', *, *, #1877, .T. ) ;
#3090 = ORIENTED_EDGE ( 'NONE', *, *, #3328, .T. ) ;
#3091 = ORIENTED_EDGE ( 'NONE', *, *, #2156, .T. ) ;
#3092 = AXIS2_PLACEMENT_3D ( 'NONE', #1211, #3754, #3417 ) ;
#3093 = LINE ( 'NONE', #4624, #1974 ) ;
#3094 = EDGE_CURVE ( 'NONE', #336, #901, #1591, .T. ) ;
#3095 = UNCERTAINTY_MEASURE_WITH_UNIT (LENGTH_MEASURE( 1.000000000000000082E-05 ), #3516, 'distance_accuracy_value', 'NONE');
#3096 = VECTOR ( 'NONE', #1872, 1000.000000000000000 ) ;
#3097 = CARTESIAN_POINT ( 'NONE',  ( -0.5999999999999999778, 0.5250000000000000222, 0.01999999996565750282 ) ) ;
#3098 = CARTESIAN_POINT ( 'NONE',  ( 0.8990000000000000213, 0.000000000000000000, 0.000000000000000000 ) ) ;
#3099 = SURFACE_STYLE_USAGE ( .BOTH. , #3126 ) ;
#3100 = APPLICATION_CONTEXT ( 'automotive_design' ) ;
#3101 =( NAMED_UNIT ( * ) PLANE_ANGLE_UNIT ( ) SI_UNIT ( $, .RADIAN. ) );
#3102 = CARTESIAN_POINT ( 'NONE',  ( 0.1358508218941667234, 0.5999999999999999778, 0.003000000000000000062 ) ) ;
#3103 = CARTESIAN_POINT ( 'NONE',  ( -0.8000000000000000444, 0.6250000000000000000, 0.3499999999999999778 ) ) ;
#3104 = PRESENTATION_STYLE_ASSIGNMENT (( #265 ) ) ;
#3105 = SURFACE_STYLE_USAGE ( .BOTH. , #3538 ) ;
#3106 = VERTEX_POINT ( 'NONE', #4493 ) ;
#3107 = EDGE_LOOP ( 'NONE', ( #1973, #3536, #1914, #1651 ) ) ;
#3108 = SURFACE_STYLE_FILL_AREA ( #3830 ) ;
#3109 = LINE ( 'NONE', #291, #737 ) ;
#3110 = CARTESIAN_POINT ( 'NONE',  ( 0.8000000000000000444, -0.6250000000000000000, 0.3299999999790450000 ) ) ;
#3111 = EDGE_LOOP ( 'NONE', ( #3035, #2295, #750, #1440 ) ) ;
#3112 = CARTESIAN_POINT ( 'NONE',  ( 0.1993255186713059623, -0.5633119185870444356, 0.4774664883318569530 ) ) ;
#3113 = ORIENTED_EDGE ( 'NONE', *, *, #3848, .F. ) ;
#3114 = VECTOR ( 'NONE', #134, 1000.000000000000000 ) ;
#3115 = VERTEX_POINT ( 'NONE', #4233 ) ;
#3116 = EDGE_CURVE ( 'NONE', #1755, #247, #3759, .T. ) ;
#3117 = DIRECTION ( 'NONE',  ( -1.000000000000000000, 0.000000000000000000, -0.000000000000000000 ) ) ;
#3118 =( GEOMETRIC_REPRESENTATION_CONTEXT ( 3 ) GLOBAL_UNCERTAINTY_ASSIGNED_CONTEXT ( ( #340 ) ) GLOBAL_UNIT_ASSIGNED_CONTEXT ( ( #2878, #4316, #4333 ) ) REPRESENTATION_CONTEXT ( 'NONE', 'WORKASPACE' ) );
#3120 = ORIENTED_EDGE ( 'NONE', *, *, #1130, .F. ) ;
#3119 = CARTESIAN_POINT ( 'NONE',  ( -0.02038303522603419904, -0.4886582175577640075, 0.000000000000000000 ) ) ;
#3121 = AXIS2_PLACEMENT_3D ( 'NONE', #2100, #633, #3117 ) ;
#3122 = ADVANCED_FACE ( 'NONE', ( #3354 ), #4010, .T. ) ;
#3123 = DIRECTION ( 'NONE',  ( 0.000000000000000000, 0.000000000000000000, 1.000000000000000000 ) ) ;
#3124 = PRODUCT_DEFINITION_SHAPE ( 'NONE', 'NONE',  #4672 ) ;
#3125 = CIRCLE ( 'NONE', #1256, 0.02000000000000000389 ) ;
#3126 = SURFACE_SIDE_STYLE ('',( #968 ) ) ;
#3127 = AXIS2_PLACEMENT_3D ( 'NONE', #175, #1610, #1587 ) ;
#3128 = AXIS2_PLACEMENT_3D ( 'NONE', #3029, #4078, #2986 ) ;
#3129 = CARTESIAN_POINT ( 'NONE',  ( 0.2180997512422420403, 0.5569002487577580096, 0.5000000000000000000 ) ) ;
#3130 = CARTESIAN_POINT ( 'NONE',  ( 0.2350945033180545096, 0.5903914063109100274, 0.4846777635317872091 ) ) ;
#3131 = DIRECTION ( 'NONE',  ( -1.000000000000000000, -0.000000000000000000, -0.000000000000000000 ) ) ;
#3132 = VECTOR ( 'NONE', #1886, 1000.000000000000000 ) ;
#3133 = PRESENTATION_STYLE_ASSIGNMENT (( #2084 ) ) ;
#3134 = CARTESIAN_POINT ( 'NONE',  ( 1.381900248757760297, -0.1562500000000000000, 0.5000000000000000000 ) ) ;
#3135 = CARTESIAN_POINT ( 'NONE',  ( 1.392664774857871102, 0.5676647748578692587, 0.4929711200626644696 ) ) ;
#3136 = ORIENTED_EDGE ( 'NONE', *, *, #4449, .T. ) ;
#3137 = VECTOR ( 'NONE', #2432, 1000.000000000000000 ) ;
#3138 = CARTESIAN_POINT ( 'NONE',  ( -0.9799999999906870984, -0.6250000000000000000, 0.1749999999999999889 ) ) ;
#3139 = ORIENTED_EDGE ( 'NONE', *, *, #741, .F. ) ;
#3140 = VECTOR ( 'NONE', #4463, 1000.000000000000000 ) ;
#3141 = CARTESIAN_POINT ( 'NONE',  ( -1.000000000000000000, 0.000000000000000000, 0.000000000000000000 ) ) ;
#3142 = VERTEX_POINT ( 'NONE', #2049 ) ;
#3143 = VECTOR ( 'NONE', #2602, 1000.000000000000000 ) ;
#3144 = ORIENTED_EDGE ( 'NONE', *, *, #835, .F. ) ;
#3145 = MECHANICAL_DESIGN_GEOMETRIC_PRESENTATION_REPRESENTATION (  '', ( #1192 ), #1352 ) ;
#3146 = UNCERTAINTY_MEASURE_WITH_UNIT (LENGTH_MEASURE( 1.000000000000000082E-05 ), #1159, 'distance_accuracy_value', 'NONE');
#3147 = UNCERTAINTY_MEASURE_WITH_UNIT (LENGTH_MEASURE( 1.000000000000000082E-05 ), #3854, 'distance_accuracy_value', 'NONE');
#3148 = EDGE_LOOP ( 'NONE', ( #2786, #4575, #4323, #1292, #647, #177, #1837, #2807 ) ) ;
#3149 = COLOUR_RGB ( '',0.9607843137254902244, 0.9607843137254902244, 0.9607843137254902244 ) ;
#3150 = DIRECTION ( 'NONE',  ( -0.000000000000000000, 0.000000000000000000, 1.000000000000000000 ) ) ;
#3151 = LINE ( 'NONE', #2414, #2814 ) ;
#3152 = EDGE_CURVE ( 'NONE', #3827, #4647, #2766, .T. ) ;
#3153 = EDGE_CURVE ( 'NONE', #1804, #3497, #3542, .T. ) ;
#3154 =( NAMED_UNIT ( * ) SI_UNIT ( $, .STERADIAN. ) SOLID_ANGLE_UNIT ( ) );
#3155 = DIRECTION ( 'NONE',  ( 1.000000000000000000, 0.000000000000000000, -0.000000000000000000 ) ) ;
#3156 = ORIENTED_EDGE ( 'NONE', *, *, #4648, .F. ) ;
#3157 = LINE ( 'NONE', #2042, #1848 ) ;
#3158 = PRESENTATION_STYLE_ASSIGNMENT (( #1713 ) ) ;
#3159 = ORIENTED_EDGE ( 'NONE', *, *, #2264, .F. ) ;
#3160 = EDGE_LOOP ( 'NONE', ( #1252, #3702, #3378, #1760 ) ) ;
#3161 =( NAMED_UNIT ( * ) PLANE_ANGLE_UNIT ( ) SI_UNIT ( $, .RADIAN. ) );
#3162 = DIRECTION ( 'NONE',  ( 1.000000000000000000, 0.000000000000000000, 0.000000000000000000 ) ) ;
#3163 = VERTEX_POINT ( 'NONE', #4655 ) ;
#3164 = VERTEX_POINT ( 'NONE', #1405 ) ;
#3165 = CARTESIAN_POINT ( 'NONE',  ( -0.9799999999906870984, 0.000000000000000000, 0.3299999999790450000 ) ) ;
#3166 = AXIS2_PLACEMENT_3D ( 'NONE', #980, #646, #3494 ) ;
#3167 =( LENGTH_UNIT ( ) NAMED_UNIT ( * ) SI_UNIT ( .MILLI., .METRE. ) );
#3168 = AXIS2_PLACEMENT_3D ( 'NONE', #1222, #4038, #1571 ) ;
#3169 = PRESENTATION_STYLE_ASSIGNMENT (( #3533 ) ) ;
#3170 = LINE ( 'NONE', #3926, #3815 ) ;
#3171 = SURFACE_SIDE_STYLE ('',( #243 ) ) ;
#3172 = EDGE_CURVE ( 'NONE', #3185, #1492, #985, .T. ) ;
#3173 = ORIENTED_EDGE ( 'NONE', *, *, #427, .F. ) ;
#3174 = CARTESIAN_POINT ( 'NONE',  ( -0.02038303522603384169, -0.5999999999999999778, 0.003000000000000000062 ) ) ;
#3175 = SURFACE_STYLE_FILL_AREA ( #1396 ) ;
#3176 = CARTESIAN_POINT ( 'NONE',  ( 0.8990000000000000213, 0.6250000000000000000, 0.3499999999999999778 ) ) ;
#3177 = VERTEX_POINT ( 'NONE', #412 ) ;
#3178 =( NAMED_UNIT ( * ) SI_UNIT ( $, .STERADIAN. ) SOLID_ANGLE_UNIT ( ) );
#3179 = ADVANCED_FACE ( 'NONE', ( #465 ), #3229, .T. ) ;
#3180 = ORIENTED_EDGE ( 'NONE', *, *, #4138, .F. ) ;
#3181 = LINE ( 'NONE', #3521, #3667 ) ;
#3182 = CARTESIAN_POINT ( 'NONE',  ( 0.1358508218941719969, -0.5999999999999998668, 0.000000000000000000 ) ) ;
#3183 = VERTEX_POINT ( 'NONE', #4433 ) ;
#3184 = ORIENTED_EDGE ( 'NONE', *, *, #4631, .F. ) ;
#3185 = VERTEX_POINT ( 'NONE', #4381 ) ;
#3186 = UNCERTAINTY_MEASURE_WITH_UNIT (LENGTH_MEASURE( 1.000000000000000082E-05 ), #487, 'distance_accuracy_value', 'NONE');
#3187 =( LENGTH_UNIT ( ) NAMED_UNIT ( * ) SI_UNIT ( .MILLI., .METRE. ) );
#3188 = ORIENTED_EDGE ( 'NONE', *, *, #3258, .T. ) ;
#3189 = AXIS2_PLACEMENT_3D ( 'NONE', #468, #1867, #2610 ) ;
#3190 = STYLED_ITEM ( 'NONE', ( #892 ), #1726 ) ;
#3191 = FACE_OUTER_BOUND ( 'NONE', #3977, .T. ) ;
#3192 = MECHANICAL_DESIGN_GEOMETRIC_PRESENTATION_REPRESENTATION (  '', ( #795 ), #3118 ) ;
#3193 = CARTESIAN_POINT ( 'NONE',  ( 0.8990000000000000213, -0.6250000000000000000, 0.3499999999999999778 ) ) ;
#3194 = MECHANICAL_DESIGN_GEOMETRIC_PRESENTATION_REPRESENTATION (  '', ( #2154 ), #3799 ) ;
#3195 = ORIENTED_EDGE ( 'NONE', *, *, #4301, .F. ) ;
#3196 = FILL_AREA_STYLE_COLOUR ( '', #2504 ) ;
#3197 = VECTOR ( 'NONE', #2791, 1000.000000000000000 ) ;
#3198 = CARTESIAN_POINT ( 'NONE',  ( -0.5999999999999999778, -0.5250000000000000222, 0.3299999999790450000 ) ) ;
#3199 = COLOUR_RGB ( '',0.9607843137254902244, 0.9607843137254902244, 0.9607843137254902244 ) ;
#3200 = ADVANCED_FACE ( 'NONE', ( #98 ), #2940, .F. ) ;
#3201 = CARTESIAN_POINT ( 'NONE',  ( 1.392664774857870880, 0.5676647748578694808, 0.4929711200626646916 ) ) ;
#3202 = ORIENTED_EDGE ( 'NONE', *, *, #33, .F. ) ;
#3203 = SURFACE_STYLE_USAGE ( .BOTH. , #1797 ) ;
#3204 = VERTEX_POINT ( 'NONE', #485 ) ;
#3205 = MECHANICAL_DESIGN_GEOMETRIC_PRESENTATION_REPRESENTATION (  '', ( #2461 ), #1720 ) ;
#3206 = LINE ( 'NONE', #2, #3143 ) ;
#3207 = CARTESIAN_POINT ( 'NONE',  ( 0.8990000000000000213, -0.6250000000000000000, 0.3299999999930149919 ) ) ;
#3208 = CARTESIAN_POINT ( 'NONE',  ( -1.000000000000000000, 0.000000000000000000, 0.3499999999999999778 ) ) ;
#3209 = ADVANCED_FACE ( 'NONE', ( #4462 ), #248, .F. ) ;
#3210 = ORIENTED_EDGE ( 'NONE', *, *, #3263, .T. ) ;
#3211 = ORIENTED_EDGE ( 'NONE', *, *, #1395, .F. ) ;
#3212 = CARTESIAN_POINT ( 'NONE',  ( -0.02038303522603369944, -0.5999999999999999778, 0.000000000000000000 ) ) ;
#3213 = ADVANCED_FACE ( 'NONE', ( #2292 ), #2654, .T. ) ;
#3214 = AXIS2_PLACEMENT_3D ( 'NONE', #2370, #3418, #2685 ) ;
#3215 = AXIS2_PLACEMENT_3D ( 'NONE', #4469, #3760, #2640 ) ;
#3216 =( GEOMETRIC_REPRESENTATION_CONTEXT ( 3 ) GLOBAL_UNCERTAINTY_ASSIGNED_CONTEXT ( ( #3480 ) ) GLOBAL_UNIT_ASSIGNED_CONTEXT ( ( #3068, #2259, #1535 ) ) REPRESENTATION_CONTEXT ( 'NONE', 'WORKASPACE' ) );
#3217 = VECTOR ( 'NONE', #3037, 1000.000000000000000 ) ;
#3218 = PLANE ( 'NONE',  #943 ) ;
#3219 = ORIENTED_EDGE ( 'NONE', *, *, #4174, .F. ) ;
#3220 =( LENGTH_UNIT ( ) NAMED_UNIT ( * ) SI_UNIT ( .MILLI., .METRE. ) );
#3221 = CARTESIAN_POINT ( 'NONE',  ( 0.1358508218941670009, 0.5443291087788779681, 0.003000000000000000062 ) ) ;
#3222 = VERTEX_POINT ( 'NONE', #4459 ) ;
#3223 = EDGE_CURVE ( 'NONE', #1389, #1678, #895, .T. ) ;
#3224 =( NAMED_UNIT ( * ) PLANE_ANGLE_UNIT ( ) SI_UNIT ( $, .RADIAN. ) );
#3225 = DIRECTION ( 'NONE',  ( -0.000000000000000000, -1.000000000000000000, -0.000000000000000000 ) ) ;
#3226 = DIRECTION ( 'NONE',  ( 1.000000000000000000, 0.000000000000000000, -2.081668171172169992E-16 ) ) ;
#3227 = SHAPE_REPRESENTATION ( 'cathode mark', ( #4589 ), #4504 ) ;
#3228 = CARTESIAN_POINT ( 'NONE',  ( -0.9799999999906870984, 0.000000000000000000, 0.3299999999790450000 ) ) ;
#3229 = PLANE ( 'NONE',  #2551 ) ;
#3230 = EDGE_LOOP ( 'NONE', ( #70, #914, #1017, #1378 ) ) ;
#3231 = EDGE_CURVE ( 'NONE', #3278, #1154, #922, .T. ) ;
#3232 = CARTESIAN_POINT ( 'NONE',  ( 0.2180997512422423179, -0.5569002487577576765, 0.4799999999999999822 ) ) ;
#3233 = UNCERTAINTY_MEASURE_WITH_UNIT (LENGTH_MEASURE( 1.000000000000000082E-05 ), #1055, 'distance_accuracy_value', 'NONE');
#3234 = DIRECTION ( 'NONE',  ( -0.000000000000000000, 0.000000000000000000, -1.000000000000000000 ) ) ;
#3235 = VECTOR ( 'NONE', #2592, 1000.000000000000000 ) ;
#3236 = CARTESIAN_POINT ( 'NONE',  ( 1.430099256195798363, 0.6249999999999997780, -1.355252715606880543E-17 ) ) ;
#3237 = CARTESIAN_POINT ( 'NONE',  ( 1.381900248757760297, -0.5569002487577580096, 0.4800000000000000377 ) ) ;
#3238 = EDGE_CURVE ( 'NONE', #987, #1641, #2650, .T. ) ;
#3239 = DIRECTION ( 'NONE',  ( -0.000000000000000000, -0.000000000000000000, -1.000000000000000000 ) ) ;
#3240 = ORIENTED_EDGE ( 'NONE', *, *, #3575, .T. ) ;
#3241 = FACE_OUTER_BOUND ( 'NONE', #1428, .T. ) ;
#3242 =( GEOMETRIC_REPRESENTATION_CONTEXT ( 3 ) GLOBAL_UNCERTAINTY_ASSIGNED_CONTEXT ( ( #2360 ) ) GLOBAL_UNIT_ASSIGNED_CONTEXT ( ( #2113, #2132, #4243 ) ) REPRESENTATION_CONTEXT ( 'NONE', 'WORKASPACE' ) );
#3243 = VERTEX_POINT ( 'NONE', #3071 ) ;
#3244 = FILL_AREA_STYLE ('',( #1810 ) ) ;
#3245 = VECTOR ( 'NONE', #1733, 1000.000000000000000 ) ;
#3246 = CARTESIAN_POINT ( 'NONE',  ( -4.163336342344340478E-16, -0.6250000000000000000, 0.001000000000000078517 ) ) ;
#3247 = ORIENTED_EDGE ( 'NONE', *, *, #4478, .T. ) ;
#3248 = APPLICATION_CONTEXT ( 'automotive_design' ) ;
#3249 = LINE ( 'NONE', #807, #227 ) ;
#3250 = SURFACE_STYLE_USAGE ( .BOTH. , #1817 ) ;
#3251 = ORIENTED_EDGE ( 'NONE', *, *, #1355, .T. ) ;
#3252 = ORIENTED_EDGE ( 'NONE', *, *, #1823, .F. ) ;
#3253 = PLANE ( 'NONE',  #1084 ) ;
#3254 = DIRECTION ( 'NONE',  ( -2.643388153869419818E-16, -1.000000000000000000, 0.000000000000000000 ) ) ;
#3255 = APPLICATION_PROTOCOL_DEFINITION ( 'draft international standard', 'automotive_design', 1998, #2144 ) ;
#3256 = CARTESIAN_POINT ( 'NONE',  ( 0.8990000000000000213, -0.6250000000000000000, 0.1749999999999999889 ) ) ;
#3257 = SURFACE_STYLE_FILL_AREA ( #1354 ) ;
#3258 = EDGE_CURVE ( 'NONE', #1423, #3900, #3093, .T. ) ;
#3259 = CARTESIAN_POINT ( 'NONE',  ( 0.8990000000000000213, -0.6239999999999999991, -1.155141181818052087E-16 ) ) ;
#3260 = SURFACE_STYLE_USAGE ( .BOTH. , #1475 ) ;
#3261 = SURFACE_STYLE_USAGE ( .BOTH. , #794 ) ;
#3262 = COLOUR_RGB ( '',0.8627450980392157298, 0.6274509803921568540, 0.05882352941176470507 ) ;
#3263 = EDGE_CURVE ( 'NONE', #1820, #1725, #1368, .T. ) ;
#3264 = LINE ( 'NONE', #2210, #676 ) ;
#3265 = VECTOR ( 'NONE', #1549, 1000.000000000000000 ) ;
#3266 = PRODUCT_DEFINITION_FORMATION_WITH_SPECIFIED_SOURCE ( 'ANY', '', #1979, .NOT_KNOWN. ) ;
#3267 = PRESENTATION_STYLE_ASSIGNMENT (( #1858 ) ) ;
#3268 = FILL_AREA_STYLE ('',( #3674 ) ) ;
#3269 = VERTEX_POINT ( 'NONE', #1347 ) ;
#3270 = VERTEX_POINT ( 'NONE', #3524 ) ;
#3271 = AXIS2_PLACEMENT_3D ( 'NONE', #1884, #1933, #1180 ) ;
#3272 = DIRECTION ( 'NONE',  ( -0.9950371902099893751, 0.000000000000000000, -0.09950371902099731936 ) ) ;
#3273 = MECHANICAL_DESIGN_GEOMETRIC_PRESENTATION_REPRESENTATION (  '', ( #1925 ), #1402 ) ;
#3274 = FILL_AREA_STYLE ('',( #2872 ) ) ;
#3275 = PRODUCT ( 'base', 'base', '', ( #2925 ) ) ;
#3276 = VERTEX_POINT ( 'NONE', #2769 ) ;
#3277 =( GEOMETRIC_REPRESENTATION_CONTEXT ( 3 ) GLOBAL_UNCERTAINTY_ASSIGNED_CONTEXT ( ( #4377 ) ) GLOBAL_UNIT_ASSIGNED_CONTEXT ( ( #1443, #2899, #729 ) ) REPRESENTATION_CONTEXT ( 'NONE', 'WORKASPACE' ) );
#3278 = VERTEX_POINT ( 'NONE', #322 ) ;
#3279 =( NAMED_UNIT ( * ) PLANE_ANGLE_UNIT ( ) SI_UNIT ( $, .RADIAN. ) );
#3280 = VECTOR ( 'NONE', #3609, 1000.000000000000000 ) ;
#3281 = CARTESIAN_POINT ( 'NONE',  ( 0.000000000000000000, 0.000000000000000000, 0.000000000000000000 ) ) ;
#3282 = CARTESIAN_POINT ( 'NONE',  ( 0.8000000000000000444, -0.6250000000000000000, 0.01999999996565748894 ) ) ;
#3283 = LINE ( 'NONE', #80, #2255 ) ;
#3284 = COLOUR_RGB ( '',0.4745098039215686070, 0.6470588235294117974, 0.3098039215686274606 ) ;
#3285 = ADVANCED_FACE ( 'NONE', ( #1742 ), #4104, .T. ) ;
#3286 = STYLED_ITEM ( 'NONE', ( #444 ), #3818 ) ;
#3287 = SURFACE_STYLE_USAGE ( .BOTH. , #3364 ) ;
#3288 = VERTEX_POINT ( 'NONE', #3318 ) ;
#3289 = VECTOR ( 'NONE', #2372, 1000.000000000000000 ) ;
#3290 = UNCERTAINTY_MEASURE_WITH_UNIT (LENGTH_MEASURE( 1.000000000000000082E-05 ), #3791, 'distance_accuracy_value', 'NONE');
#3291 = STYLED_ITEM ( 'NONE', ( #2355 ), #253 ) ;
#3292 = ADVANCED_FACE ( 'NONE', ( #4018 ), #190, .F. ) ;
#3293 = SURFACE_SIDE_STYLE ('',( #3670 ) ) ;
#3294 =( NAMED_UNIT ( * ) PLANE_ANGLE_UNIT ( ) SI_UNIT ( $, .RADIAN. ) );
#3295 = COLOUR_RGB ( '',0.8627450980392157298, 0.6274509803921568540, 0.05882352941176470507 ) ;
#3296 = LINE ( 'NONE', #4099, #3428 ) ;
#3297 = EDGE_CURVE ( 'NONE', #379, #1761, #3337, .T. ) ;
#3298 = FILL_AREA_STYLE ('',( #3323 ) ) ;
#3299 = FILL_AREA_STYLE_COLOUR ( '', #2176 ) ;
#3300 = CARTESIAN_POINT ( 'NONE',  ( 0.8990000000000000213, 0.5250000000000000222, 0.3499999999999999778 ) ) ;
#3301 = DIRECTION ( 'NONE',  ( -1.000000000000000000, 0.000000000000000000, 0.000000000000000000 ) ) ;
#3302 =( LENGTH_UNIT ( ) NAMED_UNIT ( * ) SI_UNIT ( .MILLI., .METRE. ) );
#3303 = UNCERTAINTY_MEASURE_WITH_UNIT (LENGTH_MEASURE( 1.000000000000000082E-05 ), #897, 'distance_accuracy_value', 'NONE');
#3304 = SURFACE_STYLE_FILL_AREA ( #2556 ) ;
#3305 = ORIENTED_EDGE ( 'NONE', *, *, #830, .F. ) ;
#3306 = ORIENTED_EDGE ( 'NONE', *, *, #1325, .T. ) ;
#3307 = ORIENTED_EDGE ( 'NONE', *, *, #4350, .T. ) ;
#3308 = SURFACE_SIDE_STYLE ('',( #2517 ) ) ;
#3309 = PRESENTATION_STYLE_ASSIGNMENT (( #2546 ) ) ;
#3310 = ORIENTED_EDGE ( 'NONE', *, *, #4268, .F. ) ;
#3311 = DIRECTION ( 'NONE',  ( 0.000000000000000000, -0.000000000000000000, -1.000000000000000000 ) ) ;
#3312 = CARTESIAN_POINT ( 'NONE',  ( 0.8990000000000000213, 0.5250000000000000222, 0.3499999999999999778 ) ) ;
#3313 = FILL_AREA_STYLE_COLOUR ( '', #1843 ) ;
#3314 = DIRECTION ( 'NONE',  ( 0.000000000000000000, -1.000000000000000000, -0.000000000000000000 ) ) ;
#3315 = CARTESIAN_POINT ( 'NONE',  ( 0.5989999999999999769, -0.5250000000000000222, 0.3300000000000000155 ) ) ;
#3316 = CARTESIAN_POINT ( 'NONE',  ( -0.8990000000000000213, -0.5250000000000000222, 3.028336901242063798E-17 ) ) ;
#3317 = STYLED_ITEM ( 'NONE', ( #1612 ), #3691 ) ;
#3318 = CARTESIAN_POINT ( 'NONE',  ( 0.5989999999999999769, -0.5250000000000000222, 0.000000000000000000 ) ) ;
#3319 = SURFACE_SIDE_STYLE ('',( #893 ) ) ;
#3320 = COLOUR_RGB ( '',0.8627450980392157298, 0.6274509803921568540, 0.05882352941176470507 ) ;
#3321 = EDGE_CURVE ( 'NONE', #4003, #4647, #136, .T. ) ;
#3322 = LINE ( 'NONE', #793, #4052 ) ;
#3323 = FILL_AREA_STYLE_COLOUR ( '', #2128 ) ;
#3324 = SURFACE_STYLE_FILL_AREA ( #172 ) ;
#3325 = AXIS2_PLACEMENT_3D ( 'NONE', #1982, #3412, #782 ) ;
#3326 = CARTESIAN_POINT ( 'NONE',  ( -1.000000000000000000, -0.6250000000000000000, 0.3499999999999999778 ) ) ;
#3327 = SURFACE_SIDE_STYLE ('',( #1887 ) ) ;
#3328 = EDGE_CURVE ( 'NONE', #2512, #1312, #2626, .T. ) ;
#3329 = VERTEX_POINT ( 'NONE', #1956 ) ;
#3330 = ORIENTED_EDGE ( 'NONE', *, *, #4409, .F. ) ;
#3331 = ORIENTED_EDGE ( 'NONE', *, *, #2827, .F. ) ;
#3332 = SURFACE_STYLE_USAGE ( .BOTH. , #1894 ) ;
#3333 = LINE ( 'NONE', #1997, #4077 ) ;
#3334 = DIRECTION ( 'NONE',  ( 1.000000000000000000, 0.000000000000000000, 0.000000000000000000 ) ) ;
#3335 =( NAMED_UNIT ( * ) SI_UNIT ( $, .STERADIAN. ) SOLID_ANGLE_UNIT ( ) );
#3336 = FACE_OUTER_BOUND ( 'NONE', #147, .T. ) ;
#3337 = LINE ( 'NONE', #3710, #30 ) ;
#3338 = CARTESIAN_POINT ( 'NONE',  ( 1.381900248757760297, 0.5569002487577580096, 0.5000000000000000000 ) ) ;
#3339 = APPLICATION_CONTEXT ( 'automotive_design' ) ;
#3340 = DIRECTION ( 'NONE',  ( -1.000000000000000000, 0.000000000000000000, -0.000000000000000000 ) ) ;
#3341 = STYLED_ITEM ( 'NONE', ( #3104 ), #2735 ) ;
#3342 = PLANE ( 'NONE',  #1088 ) ;
#3343 = DIRECTION ( 'NONE',  ( 0.000000000000000000, 1.000000000000000000, -0.000000000000000000 ) ) ;
#3344 = EDGE_CURVE ( 'NONE', #3998, #1757, #849, .T. ) ;
#3345 = AXIS2_PLACEMENT_3D ( 'NONE', #860, #3737, #1195 ) ;
#3346 = LINE ( 'NONE', #439, #3604 ) ;
#3347 = PRESENTATION_STYLE_ASSIGNMENT (( #929 ) ) ;
#3348 = ORIENTED_EDGE ( 'NONE', *, *, #1801, .T. ) ;
#3349 = ORIENTED_EDGE ( 'NONE', *, *, #2803, .T. ) ;
#3350 = COLOUR_RGB ( '',0.8627450980392157298, 0.6274509803921568540, 0.05882352941176470507 ) ;
#3351 = VECTOR ( 'NONE', #4401, 1000.000000000000000 ) ;
#3352 =( NAMED_UNIT ( * ) PLANE_ANGLE_UNIT ( ) SI_UNIT ( $, .RADIAN. ) );
#3353 = EDGE_CURVE ( 'NONE', #3981, #1714, #1232, .T. ) ;
#3354 = FACE_OUTER_BOUND ( 'NONE', #7, .T. ) ;
#3355 =( NAMED_UNIT ( * ) PLANE_ANGLE_UNIT ( ) SI_UNIT ( $, .RADIAN. ) );
#3356 =( GEOMETRIC_REPRESENTATION_CONTEXT ( 3 ) GLOBAL_UNCERTAINTY_ASSIGNED_CONTEXT ( ( #3528 ) ) GLOBAL_UNIT_ASSIGNED_CONTEXT ( ( #3302, #44, #1467 ) ) REPRESENTATION_CONTEXT ( 'NONE', 'WORKASPACE' ) );
#3357 =( BOUNDED_SURFACE ( )  B_SPLINE_SURFACE ( 3, 3, ( 
 ( #3447, #199, #251, #3034 ),
 ( #1667, #2399, #1311, #4517 ),
 ( #4270, #1813, #1756, #2492 ),
 ( #1439, #2869, #3717, #3530 ) ),
 .UNSPECIFIED., .F., .F., .T. ) 
 B_SPLINE_SURFACE_WITH_KNOTS ( ( 4, 4 ),
 ( 4, 4 ),
 ( 0.000000000000000000, 1.000000000000000000 ),
 ( 0.000000000000000000, 1.000000000000000000 ),
 .UNSPECIFIED. ) 
 GEOMETRIC_REPRESENTATION_ITEM ( )  RATIONAL_B_SPLINE_SURFACE ( (
 ( 1.000000000000000000, 0.3333333333333284854, 0.3333333333333284854, 1.000000000000000000),
 ( 0.9288031850351462504, 0.3096010616783775871, 0.3096010616783775871, 0.9288031850351462504),
 ( 0.9288031850351462504, 0.3096010616783775871, 0.3096010616783775871, 0.9288031850351462504),
 ( 1.000000000000000000, 0.3333333333333284854, 0.3333333333333284854, 1.000000000000000000) ) ) 
 REPRESENTATION_ITEM ( '' )  SURFACE ( )  );
#3358 = DIRECTION ( 'NONE',  ( 0.000000000000000000, 0.000000000000000000, 1.000000000000000000 ) ) ;
#3359 = FACE_OUTER_BOUND ( 'NONE', #3761, .T. ) ;
#3360 = FILL_AREA_STYLE_COLOUR ( '', #2692 ) ;
#3361 = PRESENTATION_STYLE_ASSIGNMENT (( #1682 ) ) ;
#3362 = VECTOR ( 'NONE', #4432, 1000.000000000000000 ) ;
#3363 = EDGE_CURVE ( 'NONE', #2716, #1507, #4366, .T. ) ;
#3364 = SURFACE_SIDE_STYLE ('',( #1497 ) ) ;
#3365 = CARTESIAN_POINT ( 'NONE',  ( -0.8990000000000000213, -0.5250000000000000222, 0.01999999996565751670 ) ) ;
#3366 = FILL_AREA_STYLE_COLOUR ( '', #1453 ) ;
#3367 = CLOSED_SHELL ( 'NONE', ( #940, #1480, #4075, #3611, #378, #3061, #1107, #3002, #159, #2358, #11, #1049, #2784, #2851, #2778, #3292, #3550, #1575, #1665, #4318, #1373, #325, #2329, #2209, #3209, #2714, #1920, #645, #3200, #2934, #3722, #86, #4, #2442 ) ) ;
#3368 =( NAMED_UNIT ( * ) SI_UNIT ( $, .STERADIAN. ) SOLID_ANGLE_UNIT ( ) );
#3369 = CARTESIAN_POINT ( 'NONE',  ( 0.8990000000000000213, 0.6250000000000000000, 0.3499999999999999778 ) ) ;
#3370 = AXIS2_PLACEMENT_3D ( 'NONE', #1486, #1557, #3372 ) ;
#3371 = VECTOR ( 'NONE', #2008, 1000.000000000000000 ) ;
#3372 = DIRECTION ( 'NONE',  ( 0.000000000000000000, -1.626303258728256967E-14, -1.000000000000000000 ) ) ;
#3373 = PRESENTATION_LAYER_ASSIGNMENT (  '', '', ( #751 ) ) ;
#3374 = CARTESIAN_POINT ( 'NONE',  ( 0.8990000000000000213, 0.5250000000000000222, 0.000000000000000000 ) ) ;
#3375 = DIRECTION ( 'NONE',  ( 2.775557561562890168E-15, -1.000000000000000000, 0.000000000000000000 ) ) ;
#3376 =( NAMED_UNIT ( * ) SI_UNIT ( $, .STERADIAN. ) SOLID_ANGLE_UNIT ( ) );
#3377 = VERTEX_POINT ( 'NONE', #3259 ) ;
#3378 = ORIENTED_EDGE ( 'NONE', *, *, #3353, .F. ) ;
#3379 = CARTESIAN_POINT ( 'NONE',  ( 0.5989999999999999769, 0.000000000000000000, 0.02000000000000000042 ) ) ;
#3380 = AXIS2_PLACEMENT_3D ( 'NONE', #1903, #1603, #4050 ) ;
#3381 = CARTESIAN_POINT ( 'NONE',  ( -0.5000000000000000000, -0.6239999999999999991, 0.3489999999999999769 ) ) ;
#3382 = LINE ( 'NONE', #1615, #4539 ) ;
#3383 = EDGE_CURVE ( 'NONE', #1714, #1423, #1822, .T. ) ;
#3384 = PLANE ( 'NONE',  #2131 ) ;
#3385 = CARTESIAN_POINT ( 'NONE',  ( 0.2023680151481448142, -0.5676647748578690367, 0.4888489115435327714 ) ) ;
#3386 = EDGE_CURVE ( 'NONE', #880, #547, #3571, .T. ) ;
#3387 = FACE_OUTER_BOUND ( 'NONE', #1730, .T. ) ;
#3388 = CARTESIAN_POINT ( 'NONE',  ( -0.8990000000000000213, 0.5250000000000000222, 0.01999999996565750976 ) ) ;
#3389 = CARTESIAN_POINT ( 'NONE',  ( 0.1910926181822710235, 0.5455037949345239445, 0.4934074369697785678 ) ) ;
#3390 = DIRECTION ( 'NONE',  ( 0.000000000000000000, 0.000000000000000000, 1.000000000000000000 ) ) ;
#3391 = DIRECTION ( 'NONE',  ( 0.000000000000000000, 0.000000000000000000, -1.000000000000000000 ) ) ;
#3392 =( LENGTH_UNIT ( ) NAMED_UNIT ( * ) SI_UNIT ( .MILLI., .METRE. ) );
#3393 = DIRECTION ( 'NONE',  ( 1.000000000000000000, 0.000000000000000000, 0.000000000000000000 ) ) ;
#3394 = DIRECTION ( 'NONE',  ( 0.000000000000000000, 0.9950371902099891530, 0.09950371902099902632 ) ) ;
#3395 = CARTESIAN_POINT ( 'NONE',  ( 0.05773389333406900303, -0.5443291087788819649, 0.000000000000000000 ) ) ;
#3396 = LINE ( 'NONE', #3030, #3434 ) ;
#3397 = CARTESIAN_POINT ( 'NONE',  ( 0.05773389333406400009, 0.5999999999999999778, 0.003000000000000000062 ) ) ;
#3398 = CARTESIAN_POINT ( 'NONE',  ( 0.8990000000000006875, 0.6250000000000000000, 0.3499999999999999778 ) ) ;
#3399 = FILL_AREA_STYLE ('',( #1970 ) ) ;
#3400 = CARTESIAN_POINT ( 'NONE',  ( -0.5989999999999999769, 0.5250000000000000222, 0.3499999999999999778 ) ) ;
#3401 = PRODUCT_DEFINITION_SHAPE ( 'NONE', 'NONE',  #1503 ) ;
#3402 = ORIENTED_EDGE ( 'NONE', *, *, #2744, .F. ) ;
#3403 = CARTESIAN_POINT ( 'NONE',  ( 0.2007718149433745103, 0.5941289288608258001, 0.3087107113917449963 ) ) ;
#3404 = UNCERTAINTY_MEASURE_WITH_UNIT (LENGTH_MEASURE( 1.000000000000000082E-05 ), #3557, 'distance_accuracy_value', 'NONE');
#3405 = EDGE_CURVE ( 'NONE', #3183, #1804, #399, .T. ) ;
#3406 = LINE ( 'NONE', #4093, #4332 ) ;
#3407 = ORIENTED_EDGE ( 'NONE', *, *, #4478, .F. ) ;
#3408 = SURFACE_SIDE_STYLE ('',( #188 ) ) ;
#3409 = DIRECTION ( 'NONE',  ( -1.000000000000000000, 0.000000000000000000, 1.122400076403130121E-16 ) ) ;
#3410 = EDGE_CURVE ( 'NONE', #300, #3484, #2882, .T. ) ;
#3411 = DIRECTION ( 'NONE',  ( -0.000000000000000000, -0.000000000000000000, -1.000000000000000000 ) ) ;
#3412 = DIRECTION ( 'NONE',  ( -1.000000000000000000, -0.000000000000000000, -0.000000000000000000 ) ) ;
#3413 =( NAMED_UNIT ( * ) PLANE_ANGLE_UNIT ( ) SI_UNIT ( $, .RADIAN. ) );
#3414 = FACE_OUTER_BOUND ( 'NONE', #114, .T. ) ;
#3415 = CARTESIAN_POINT ( 'NONE',  ( 0.8000000000000000444, -0.6250000000000000000, 0.1749999999999999889 ) ) ;
#3416 = ORIENTED_EDGE ( 'NONE', *, *, #3223, .T. ) ;
#3417 = DIRECTION ( 'NONE',  ( 0.000000000000000000, 0.000000000000000000, 1.000000000000000000 ) ) ;
#3418 = DIRECTION ( 'NONE',  ( 0.000000000000000000, -1.000000000000000000, 0.000000000000000000 ) ) ;
#3420 = VERTEX_POINT ( 'NONE', #2540 ) ;
#3419 = CARTESIAN_POINT ( 'NONE',  ( 0.5990000000000003100, 0.5250000000000000222, 0.3300000000000000155 ) ) ;
#3421 = ORIENTED_EDGE ( 'NONE', *, *, #1544, .F. ) ;
#3422 = AXIS2_PLACEMENT_3D ( 'NONE', #471, #2192, #396 ) ;
#3423 = CARTESIAN_POINT ( 'NONE',  ( 0.5999999999999999778, -0.5250000000000000222, 0.3499999999999999778 ) ) ;
#3424 =( GEOMETRIC_REPRESENTATION_CONTEXT ( 3 ) GLOBAL_UNCERTAINTY_ASSIGNED_CONTEXT ( ( #3805 ) ) GLOBAL_UNIT_ASSIGNED_CONTEXT ( ( #54, #775, #449 ) ) REPRESENTATION_CONTEXT ( 'NONE', 'WORKASPACE' ) );
#3425 = PRESENTATION_LAYER_ASSIGNMENT (  '', '', ( #795 ) ) ;
#3426 = SURFACE_STYLE_FILL_AREA ( #1318 ) ;
#3427 = VERTEX_POINT ( 'NONE', #1069 ) ;
#3428 = VECTOR ( 'NONE', #1552, 1000.000000000000000 ) ;
#3429 = CARTESIAN_POINT ( 'NONE',  ( 0.1358508218941719969, -0.4886582175577640075, 0.000000000000000000 ) ) ;
#3430 = VECTOR ( 'NONE', #1272, 1000.000000000000000 ) ;
#3431 = UNCERTAINTY_MEASURE_WITH_UNIT (LENGTH_MEASURE( 1.000000000000000082E-05 ), #2539, 'distance_accuracy_value', 'NONE');
#3432 = ORIENTED_EDGE ( 'NONE', *, *, #3906, .F. ) ;
#3433 = FILL_AREA_STYLE ('',( #2001 ) ) ;
#3434 = VECTOR ( 'NONE', #4513, 1000.000000000000000 ) ;
#3435 = CARTESIAN_POINT ( 'NONE',  ( -0.02038303522603919157, 0.5443291087788779681, 0.003000000000000000062 ) ) ;
#3436 = PRESENTATION_LAYER_ASSIGNMENT (  '', '', ( #2461 ) ) ;
#3437 = DIRECTION ( 'NONE',  ( 0.000000000000000000, 0.000000000000000000, -1.000000000000000000 ) ) ;
#3438 = CARTESIAN_POINT ( 'NONE',  ( -1.000000000000000000, -0.6250000000000000000, 0.000000000000000000 ) ) ;
#3439 = ADVANCED_FACE ( 'NONE', ( #1048 ), #14, .T. ) ;
#3440 = PRESENTATION_LAYER_ASSIGNMENT (  '', '', ( #1790 ) ) ;
#3441 = EDGE_CURVE ( 'NONE', #3867, #886, #3939, .T. ) ;
#3442 = FILL_AREA_STYLE ('',( #2418 ) ) ;
#3443 =( NAMED_UNIT ( * ) SI_UNIT ( $, .STERADIAN. ) SOLID_ANGLE_UNIT ( ) );
#3444 = ORIENTED_EDGE ( 'NONE', *, *, #452, .T. ) ;
#3445 = SURFACE_STYLE_FILL_AREA ( #1588 ) ;
#3446 = LINE ( 'NONE', #2348, #307 ) ;
#3447 = CARTESIAN_POINT ( 'NONE',  ( 1.392664774857871102, 0.5676647748578691477, 0.4929711200626645806 ) ) ;
#3448 = ORIENTED_EDGE ( 'NONE', *, *, #4171, .F. ) ;
#3449 = CARTESIAN_POINT ( 'NONE',  ( 0.8990000000000000213, -0.5250000000000000222, 0.3499999999999999778 ) ) ;
#3450 = VECTOR ( 'NONE', #757, 1000.000000000000000 ) ;
#3451 = STYLED_ITEM ( 'NONE', ( #4414 ), #4374 ) ;
#3452 = PRESENTATION_STYLE_ASSIGNMENT (( #4197 ) ) ;
#3453 = ORIENTED_EDGE ( 'NONE', *, *, #4102, .T. ) ;
#3454 = ORIENTED_EDGE ( 'NONE', *, *, #3575, .F. ) ;
#3455 =( NAMED_UNIT ( * ) SI_UNIT ( $, .STERADIAN. ) SOLID_ANGLE_UNIT ( ) );
#3456 = VECTOR ( 'NONE', #3483, 1000.000000000000000 ) ;
#3457 = EDGE_LOOP ( 'NONE', ( #414, #1293, #856, #3559, #3795, #1796, #2296, #3019 ) ) ;
#3458 = FILL_AREA_STYLE_COLOUR ( '', #2223 ) ;
#3459 = PLANE ( 'NONE',  #283 ) ;
#3460 = DIRECTION ( 'NONE',  ( 0.000000000000000000, 0.000000000000000000, -1.000000000000000000 ) ) ;
#3461 = CARTESIAN_POINT ( 'NONE',  ( 1.000000000000000000, -0.6250000000000000000, 0.3499999999999999778 ) ) ;
#3462 = DIRECTION ( 'NONE',  ( 0.000000000000000000, -0.000000000000000000, 1.000000000000000000 ) ) ;
#3463 = DIRECTION ( 'NONE',  ( -0.000000000000000000, -1.000000000000000000, -0.000000000000000000 ) ) ;
#3464 = PLANE ( 'NONE',  #3518 ) ;
#3465 = SURFACE_SIDE_STYLE ('',( #3844 ) ) ;
#3466 = ORIENTED_EDGE ( 'NONE', *, *, #4627, .T. ) ;
#3467 = EDGE_CURVE ( 'NONE', #2782, #694, #4537, .T. ) ;
#3468 = LINE ( 'NONE', #2472, #3595 ) ;
#3469 = DIRECTION ( 'NONE',  ( 0.000000000000000000, 0.000000000000000000, -1.000000000000000000 ) ) ;
#3470 = FACE_OUTER_BOUND ( 'NONE', #1463, .T. ) ;
#3471 = ORIENTED_EDGE ( 'NONE', *, *, #1320, .T. ) ;
#3472 = PRESENTATION_STYLE_ASSIGNMENT (( #1669 ) ) ;
#3473 =( NAMED_UNIT ( * ) PLANE_ANGLE_UNIT ( ) SI_UNIT ( $, .RADIAN. ) );
#3474 = ADVANCED_BREP_SHAPE_REPRESENTATION ( '', ( #4199, #4240, #4589 ), #4504 ) ;
#3475 = ADVANCED_FACE ( 'NONE', ( #1853 ), #1452, .T. ) ;
#3476 = ORIENTED_EDGE ( 'NONE', *, *, #3055, .T. ) ;
#3477 = VECTOR ( 'NONE', #3462, 1000.000000000000000 ) ;
#3478 =( GEOMETRIC_REPRESENTATION_CONTEXT ( 3 ) GLOBAL_UNCERTAINTY_ASSIGNED_CONTEXT ( ( #3566 ) ) GLOBAL_UNIT_ASSIGNED_CONTEXT ( ( #532, #1927, #2955 ) ) REPRESENTATION_CONTEXT ( 'NONE', 'WORKASPACE' ) );
#3479 = UNCERTAINTY_MEASURE_WITH_UNIT (LENGTH_MEASURE( 1.000000000000000082E-05 ), #584, 'distance_accuracy_value', 'NONE');
#3480 = UNCERTAINTY_MEASURE_WITH_UNIT (LENGTH_MEASURE( 1.000000000000000082E-05 ), #3068, 'distance_accuracy_value', 'NONE');
#3481 = EDGE_CURVE ( 'NONE', #2952, #2979, #1193, .T. ) ;
#3482 = ADVANCED_FACE ( 'NONE', ( #4444 ), #911, .T. ) ;
#3484 = VERTEX_POINT ( 'NONE', #1922 ) ;
#3483 = DIRECTION ( 'NONE',  ( 0.000000000000000000, 1.000000000000000000, 0.000000000000000000 ) ) ;
#3485 = FILL_AREA_STYLE ('',( #3458 ) ) ;
#3486 = SURFACE_STYLE_USAGE ( .BOTH. , #4558 ) ;
#3487 =( LENGTH_UNIT ( ) NAMED_UNIT ( * ) SI_UNIT ( .MILLI., .METRE. ) );
#3488 = PRESENTATION_STYLE_ASSIGNMENT (( #975 ) ) ;
#3489 = CYLINDRICAL_SURFACE ( 'NONE', #4091, 0.01999999999999999695 ) ;
#3490 = VECTOR ( 'NONE', #2392, 1000.000000000000000 ) ;
#3491 = DIRECTION ( 'NONE',  ( 0.000000000000000000, 0.000000000000000000, 1.000000000000000000 ) ) ;
#3492 = SURFACE_SIDE_STYLE ('',( #3891 ) ) ;
#3493 = EDGE_LOOP ( 'NONE', ( #3976, #2404, #3911, #4235, #3875, #2202 ) ) ;
#3494 = DIRECTION ( 'NONE',  ( -1.000000000000000000, 0.000000000000000000, -0.000000000000000000 ) ) ;
#3495 = ORIENTED_EDGE ( 'NONE', *, *, #3405, .T. ) ;
#3497 = VERTEX_POINT ( 'NONE', #1898 ) ;
#3496 = CARTESIAN_POINT ( 'NONE',  ( 0.9799999999906870984, 0.6250000000000000000, 0.3300000000000000155 ) ) ;
#3498 = ORIENTED_EDGE ( 'NONE', *, *, #4301, .T. ) ;
#3499 = EDGE_CURVE ( 'NONE', #2103, #3164, #3705, .T. ) ;
#3500 = DIRECTION ( 'NONE',  ( -1.000000000000000000, 0.000000000000000000, 0.000000000000000000 ) ) ;
#3501 = ORIENTED_EDGE ( 'NONE', *, *, #1047, .F. ) ;
#3502 = VECTOR ( 'NONE', #4617, 1000.000000000000000 ) ;
#3503 = ADVANCED_FACE ( 'NONE', ( #2359 ), #3384, .T. ) ;
#3504 = PRESENTATION_LAYER_ASSIGNMENT (  '', '', ( #3341 ) ) ;
#3505 = ORIENTED_EDGE ( 'NONE', *, *, #992, .T. ) ;
#3506 = PRESENTATION_LAYER_ASSIGNMENT (  '', '', ( #2160 ) ) ;
#3507 = EDGE_CURVE ( 'NONE', #2924, #1590, #4484, .T. ) ;
#3508 = VECTOR ( 'NONE', #1907, 1000.000000000000000 ) ;
#3509 = PLANE ( 'NONE',  #736 ) ;
#3510 = PRESENTATION_STYLE_ASSIGNMENT (( #1121 ) ) ;
#3511 = COLOUR_RGB ( '',0.9607843137254902244, 0.9607843137254902244, 0.9607843137254902244 ) ;
#3512 = FILL_AREA_STYLE_COLOUR ( '', #4015 ) ;
#3513 = DIRECTION ( 'NONE',  ( 0.000000000000000000, -1.000000000000000000, 0.000000000000000000 ) ) ;
#3514 =( NAMED_UNIT ( * ) PLANE_ANGLE_UNIT ( ) SI_UNIT ( $, .RADIAN. ) );
#3515 = ORIENTED_EDGE ( 'NONE', *, *, #2379, .F. ) ;
#3516 =( LENGTH_UNIT ( ) NAMED_UNIT ( * ) SI_UNIT ( .MILLI., .METRE. ) );
#3517 = CARTESIAN_POINT ( 'NONE',  ( 1.381698655270050535, 0.5661026009617704524, 0.4988929048104987496 ) ) ;
#3518 = AXIS2_PLACEMENT_3D ( 'NONE', #1372, #3863, #3576 ) ;
#3519 = VERTEX_POINT ( 'NONE', #1166 ) ;
#3520 = MECHANICAL_DESIGN_GEOMETRIC_PRESENTATION_REPRESENTATION (  '', ( #154 ), #3960 ) ;
#3521 = CARTESIAN_POINT ( 'NONE',  ( -0.8990000000000000213, 0.000000000000000000, 0.3499999999999999778 ) ) ;
#3522 = CARTESIAN_POINT ( 'NONE',  ( -1.000000000000000000, 0.5250000000000000222, 0.3499999999999999778 ) ) ;
#3523 = ORIENTED_EDGE ( 'NONE', *, *, #2857, .T. ) ;
#3524 = CARTESIAN_POINT ( 'NONE',  ( 0.9799999999906870984, -0.6250000000000000000, 0.01999999998855250122 ) ) ;
#3525 = CIRCLE ( 'NONE', #748, 0.01999999999999999695 ) ;
#3526 = UNCERTAINTY_MEASURE_WITH_UNIT (LENGTH_MEASURE( 1.000000000000000082E-05 ), #3922, 'distance_accuracy_value', 'NONE');
#3527 = VECTOR ( 'NONE', #383, 1000.000000000000000 ) ;
#3528 = UNCERTAINTY_MEASURE_WITH_UNIT (LENGTH_MEASURE( 1.000000000000000082E-05 ), #3302, 'distance_accuracy_value', 'NONE');
#3529 = EDGE_CURVE ( 'NONE', #1137, #702, #2616, .T. ) ;
#3530 = CARTESIAN_POINT ( 'NONE',  ( 1.400674481328695986, 0.5633119185870448797, 0.4774664883318570086 ) ) ;
#3531 = CARTESIAN_POINT ( 'NONE',  ( -0.5989999999999999769, -0.5250000000000000222, 0.000000000000000000 ) ) ;
#3532 = CARTESIAN_POINT ( 'NONE',  ( 0.05773389333406900303, -0.5443291087788819649, 0.003000000000000000062 ) ) ;
#3533 = SURFACE_STYLE_USAGE ( .BOTH. , #2108 ) ;
#3534 = EDGE_CURVE ( 'NONE', #886, #478, #3783, .T. ) ;
#3535 = DIRECTION ( 'NONE',  ( 0.000000000000000000, 1.000000000000000000, -0.000000000000000000 ) ) ;
#3536 = ORIENTED_EDGE ( 'NONE', *, *, #835, .T. ) ;
#3537 = FILL_AREA_STYLE_COLOUR ( '', #2139 ) ;
#3538 = SURFACE_SIDE_STYLE ('',( #246 ) ) ;
#3539 = PLANE ( 'NONE',  #4256 ) ;
#3540 = ORIENTED_EDGE ( 'NONE', *, *, #4507, .F. ) ;
#3541 = CARTESIAN_POINT ( 'NONE',  ( -0.5989999999999999769, 0.5250000000000000222, 0.02000000000000000042 ) ) ;
#3542 = LINE ( 'NONE', #2497, #1332 ) ;
#3543 = ORIENTED_EDGE ( 'NONE', *, *, #3344, .T. ) ;
#3544 = VERTEX_POINT ( 'NONE', #2642 ) ;
#3545 = CARTESIAN_POINT ( 'NONE',  ( 0.5999999999999999778, 0.6250000000000000000, 0.000000000000000000 ) ) ;
#3546 = COLOUR_RGB ( '',0.9607843137254902244, 0.9607843137254902244, 0.9607843137254902244 ) ;
#3547 = FACE_OUTER_BOUND ( 'NONE', #226, .T. ) ;
#3548 =( NAMED_UNIT ( * ) SI_UNIT ( $, .STERADIAN. ) SOLID_ANGLE_UNIT ( ) );
#3549 = CIRCLE ( 'NONE', #3325, 0.01999999999999999695 ) ;
#3550 = ADVANCED_FACE ( 'NONE', ( #1617 ), #2336, .T. ) ;
#3551 =( NAMED_UNIT ( * ) SI_UNIT ( $, .STERADIAN. ) SOLID_ANGLE_UNIT ( ) );
#3552 =( LENGTH_UNIT ( ) NAMED_UNIT ( * ) SI_UNIT ( .MILLI., .METRE. ) );
#3553 = ORIENTED_EDGE ( 'NONE', *, *, #2913, .T. ) ;
#3554 = SURFACE_SIDE_STYLE ('',( #2488 ) ) ;
#3555 = EDGE_CURVE ( 'NONE', #379, #4147, #3333, .T. ) ;
#3556 = CARTESIAN_POINT ( 'NONE',  ( 1.392664774857871990, -0.5676647748578692587, 0.4929711200626645251 ) ) ;
#3557 =( LENGTH_UNIT ( ) NAMED_UNIT ( * ) SI_UNIT ( .MILLI., .METRE. ) );
#3558 = CARTESIAN_POINT ( 'NONE',  ( 1.392664774857871102, 0.5676647748578689257, 0.4929711200626646916 ) ) ;
#3559 = ORIENTED_EDGE ( 'NONE', *, *, #1534, .T. ) ;
#3560 = SURFACE_STYLE_FILL_AREA ( #2868 ) ;
#3561 = ORIENTED_EDGE ( 'NONE', *, *, #770, .F. ) ;
#3562 = PLANE ( 'NONE',  #590 ) ;
#3563 = DIRECTION ( 'NONE',  ( -0.000000000000000000, 1.000000000000000000, 0.000000000000000000 ) ) ;
#3564 = ORIENTED_EDGE ( 'NONE', *, *, #626, .F. ) ;
#3565 = MECHANICAL_DESIGN_GEOMETRIC_PRESENTATION_REPRESENTATION (  '', ( #2954 ), #3715 ) ;
#3566 = UNCERTAINTY_MEASURE_WITH_UNIT (LENGTH_MEASURE( 1.000000000000000082E-05 ), #532, 'distance_accuracy_value', 'NONE');
#3567 = DIRECTION ( 'NONE',  ( 0.000000000000000000, 0.000000000000000000, -1.000000000000000000 ) ) ;
#3568 = ORIENTED_EDGE ( 'NONE', *, *, #1202, .T. ) ;
#3569 = AXIS2_PLACEMENT_3D ( 'NONE', #3281, #1450, #1474 ) ;
#3570 = STYLED_ITEM ( 'NONE', ( #4473 ), #1480 ) ;
#3571 = LINE ( 'NONE', #2910, #3923 ) ;
#3572 =( NAMED_UNIT ( * ) PLANE_ANGLE_UNIT ( ) SI_UNIT ( $, .RADIAN. ) );
#3573 = DIRECTION ( 'NONE',  ( -1.000000000000000000, 0.000000000000000000, 1.122400076403130121E-16 ) ) ;
#3574 = CARTESIAN_POINT ( 'NONE',  ( 0.2073352251421312908, 0.5676647748578690367, 0.4929711200626646916 ) ) ;
#3575 = EDGE_CURVE ( 'NONE', #1590, #3377, #473, .T. ) ;
#3576 = DIRECTION ( 'NONE',  ( 0.000000000000000000, -0.000000000000000000, -1.000000000000000000 ) ) ;
#3577 = ORIENTED_EDGE ( 'NONE', *, *, #1910, .F. ) ;
#3578 = COLOUR_RGB ( '',0.4745098039215686070, 0.6470588235294117974, 0.3098039215686274606 ) ;
#3579 = VECTOR ( 'NONE', #2474, 1000.000000000000000 ) ;
#3580 = ORIENTED_EDGE ( 'NONE', *, *, #655, .F. ) ;
#3581 = ORIENTED_EDGE ( 'NONE', *, *, #164, .F. ) ;
#3582 = VECTOR ( 'NONE', #4420, 1000.000000000000000 ) ;
#3583 = VECTOR ( 'NONE', #4265, 1000.000000000000000 ) ;
#3584 = PLANE ( 'NONE',  #1032 ) ;
#3585 = EDGE_CURVE ( 'NONE', #4234, #204, #596, .T. ) ;
#3586 = ORIENTED_EDGE ( 'NONE', *, *, #1782, .F. ) ;
#3587 = VERTEX_POINT ( 'NONE', #2802 ) ;
#3588 = VECTOR ( 'NONE', #511, 1000.000000000000000 ) ;
#3589 = DIRECTION ( 'NONE',  ( -0.000000000000000000, 0.000000000000000000, -1.000000000000000000 ) ) ;
#3590 = CARTESIAN_POINT ( 'NONE',  ( 0.1500000000000005218, -0.6167806189592912602, 0.000000000000000000 ) ) ;
#3591 = AXIS2_PLACEMENT_3D ( 'NONE', #1126, #4043, #1146 ) ;
#3592 = EDGE_CURVE ( 'NONE', #2797, #478, #1008, .T. ) ;
#3593 = EDGE_LOOP ( 'NONE', ( #3188, #4029, #3782, #3136 ) ) ;
#3594 = EDGE_LOOP ( 'NONE', ( #1142, #726, #934, #1668 ) ) ;
#3595 = VECTOR ( 'NONE', #348, 1000.000000000000000 ) ;
#3596 = AXIS2_PLACEMENT_3D ( 'NONE', #3788, #942, #2031 ) ;
#3597 = SHAPE_REPRESENTATION_RELATIONSHIP ( 'NONE' , 'NONE' ,  #3227, #3474 ) ;
#3598 = CARTESIAN_POINT ( 'NONE',  ( -0.5999999999999999778, -0.5250000000000000222, 0.01999999996565750976 ) ) ;
#3599 = FILL_AREA_STYLE_COLOUR ( '', #2641 ) ;
#3600 = SURFACE_SIDE_STYLE ('',( #2617 ) ) ;
#3601 = PLANE ( 'NONE',  #3345 ) ;
#3602 =( LENGTH_UNIT ( ) NAMED_UNIT ( * ) SI_UNIT ( .MILLI., .METRE. ) );
#3603 = VECTOR ( 'NONE', #2976, 1000.000000000000000 ) ;
#3604 = VECTOR ( 'NONE', #2632, 1000.000000000000000 ) ;
#3605 = AXIS2_PLACEMENT_3D ( 'NONE', #1476, #4368, #1125 ) ;
#3606 = CARTESIAN_POINT ( 'NONE',  ( -0.02038303522603919157, 0.5999999999999997558, 0.000000000000000000 ) ) ;
#3607 = PLANE ( 'NONE',  #416 ) ;
#3608 = VECTOR ( 'NONE', #1541, 1000.000000000000000 ) ;
#3609 = DIRECTION ( 'NONE',  ( 1.000000000000000000, -0.000000000000000000, 0.000000000000000000 ) ) ;
#3610 = DIRECTION ( 'NONE',  ( -1.000000000000000000, -0.000000000000000000, 2.081668171172169992E-16 ) ) ;
#3611 = ADVANCED_FACE ( 'NONE', ( #695 ), #3539, .F. ) ;
#3612 = SURFACE_SIDE_STYLE ('',( #1134 ) ) ;
#3613 = ORIENTED_EDGE ( 'NONE', *, *, #4544, .T. ) ;
#3614 = ORIENTED_EDGE ( 'NONE', *, *, #3786, .T. ) ;
#3615 = DIRECTION ( 'NONE',  ( 0.000000000000000000, -0.000000000000000000, -1.000000000000000000 ) ) ;
#3616 = EDGE_CURVE ( 'NONE', #558, #2952, #1811, .T. ) ;
#3617 = UNCERTAINTY_MEASURE_WITH_UNIT (LENGTH_MEASURE( 1.000000000000000082E-05 ), #3220, 'distance_accuracy_value', 'NONE');
#3618 = ORIENTED_EDGE ( 'NONE', *, *, #1296, .T. ) ;
#3619 =( NAMED_UNIT ( * ) SI_UNIT ( $, .STERADIAN. ) SOLID_ANGLE_UNIT ( ) );
#3620 = FILL_AREA_STYLE_COLOUR ( '', #1864 ) ;
#3621 = DIRECTION ( 'NONE',  ( -0.000000000000000000, 1.000000000000000000, -0.000000000000000000 ) ) ;
#3622 = PRESENTATION_STYLE_ASSIGNMENT (( #3261 ) ) ;
#3623 = EDGE_CURVE ( 'NONE', #2765, #1137, #3549, .T. ) ;
#3624 = DIRECTION ( 'NONE',  ( 0.000000000000000000, 0.000000000000000000, -1.000000000000000000 ) ) ;
#3625 = CARTESIAN_POINT ( 'NONE',  ( 1.000000000000000000, 0.5250000000000000222, 0.3499999999999999778 ) ) ;
#3626 = MECHANICAL_DESIGN_GEOMETRIC_PRESENTATION_REPRESENTATION (  '', ( #2431 ), #2629 ) ;
#3627 = CARTESIAN_POINT ( 'NONE',  ( 1.389630622165245910, 0.5903914063109104715, 0.4641587754021831436 ) ) ;
#3628 = DIRECTION ( 'NONE',  ( 0.09901475429766752601, -0.09901475429766752601, -0.9901475429766742886 ) ) ;
#3629 = FILL_AREA_STYLE_COLOUR ( '', #1160 ) ;
#3630 = CARTESIAN_POINT ( 'NONE',  ( 0.1582193810407088452, -0.6249999999999993339, 0.000000000000000000 ) ) ;
#3631 = PRESENTATION_STYLE_ASSIGNMENT (( #3250 ) ) ;
#3632 = DIRECTION ( 'NONE',  ( 1.000000000000000000, -4.891268414762930327E-16, 0.000000000000000000 ) ) ;
#3633 = VERTEX_POINT ( 'NONE', #1530 ) ;
#3634 = ORIENTED_EDGE ( 'NONE', *, *, #2036, .T. ) ;
#3635 = AXIS2_PLACEMENT_3D ( 'NONE', #308, #664, #2038 ) ;
#3636 = FILL_AREA_STYLE ('',( #1447 ) ) ;
#3637 = ORIENTED_EDGE ( 'NONE', *, *, #1857, .F. ) ;
#3638 = CARTESIAN_POINT ( 'NONE',  ( 0.000000000000000000, 0.000000000000000000, 0.000000000000000000 ) ) ;
#3639 = CARTESIAN_POINT ( 'NONE',  ( -0.8990000000000000213, -0.5250000000000000222, 0.3499999999999999778 ) ) ;
#3640 = CARTESIAN_POINT ( 'NONE',  ( 1.441780618959288551, 0.6249999999999984457, 0.000000000000000000 ) ) ;
#3641 = CARTESIAN_POINT ( 'NONE',  ( -0.8990000000000000213, 0.6250000000000000000, 0.1749999999999999889 ) ) ;
#3642 = DIRECTION ( 'NONE',  ( 0.000000000000000000, 0.000000000000000000, 1.000000000000000000 ) ) ;
#3643 = COLOUR_RGB ( '',0.8627450980392157298, 0.6274509803921568540, 0.05882352941176470507 ) ;
#3644 = CARTESIAN_POINT ( 'NONE',  ( 1.125000000000000222, 0.5768009925619579370, 0.4819900743804200194 ) ) ;
#3645 =( NAMED_UNIT ( * ) PLANE_ANGLE_UNIT ( ) SI_UNIT ( $, .RADIAN. ) );
#3646 = AXIS2_PLACEMENT_3D ( 'NONE', #3766, #864, #2312 ) ;
#3647 = VECTOR ( 'NONE', #1287, 1000.000000000000000 ) ;
#3648 =( NAMED_UNIT ( * ) PLANE_ANGLE_UNIT ( ) SI_UNIT ( $, .RADIAN. ) );
#3649 = VECTOR ( 'NONE', #2430, 1000.000000000000000 ) ;
#3650 = AXIS2_PLACEMENT_3D ( 'NONE', #2972, #4387, #2563 ) ;
#3651 = FACE_OUTER_BOUND ( 'NONE', #1147, .T. ) ;
#3652 = AXIS2_PLACEMENT_3D ( 'NONE', #1863, #3301, #96 ) ;
#3653 = CARTESIAN_POINT ( 'NONE',  ( -0.8990000000000000213, -0.6239999999999999991, 0.3490000000000000879 ) ) ;
#3654 = DIRECTION ( 'NONE',  ( 0.000000000000000000, 1.000000000000000000, -0.000000000000000000 ) ) ;
#3655 = DIRECTION ( 'NONE',  ( -0.09901475429766751213, -0.09901475429766751213, -0.9901475429766741776 ) ) ;
#3656 = EDGE_LOOP ( 'NONE', ( #358, #2368, #2175, #4635 ) ) ;
#3657 = AXIS2_PLACEMENT_3D ( 'NONE', #2800, #3513, #309 ) ;
#3658 = VERTEX_POINT ( 'NONE', #413 ) ;
#3659 =( LENGTH_UNIT ( ) NAMED_UNIT ( * ) SI_UNIT ( .MILLI., .METRE. ) );
#3660 = SURFACE_STYLE_USAGE ( .BOTH. , #3308 ) ;
#3661 = VECTOR ( 'NONE', #310, 1000.000000000000000 ) ;
#3662 = FILL_AREA_STYLE ('',( #32 ) ) ;
#3663 = FILL_AREA_STYLE_COLOUR ( '', #2775 ) ;
#3664 = COLOUR_RGB ( '',0.9607843137254902244, 0.9607843137254902244, 0.9607843137254902244 ) ;
#3665 = EDGE_CURVE ( 'NONE', #632, #784, #2581, .T. ) ;
#3666 = DIRECTION ( 'NONE',  ( 0.000000000000000000, -1.000000000000000000, -0.000000000000000000 ) ) ;
#3667 = VECTOR ( 'NONE', #318, 1000.000000000000000 ) ;
#3668 = CARTESIAN_POINT ( 'NONE',  ( 0.8990000000000000213, 0.5250000000000000222, 0.000000000000000000 ) ) ;
#3669 = UNCERTAINTY_MEASURE_WITH_UNIT (LENGTH_MEASURE( 1.000000000000000082E-05 ), #3602, 'distance_accuracy_value', 'NONE');
#3670 = SURFACE_STYLE_FILL_AREA ( #1523 ) ;
#3671 = EDGE_CURVE ( 'NONE', #3690, #247, #4663, .T. ) ;
#3672 = MECHANICAL_DESIGN_GEOMETRIC_PRESENTATION_REPRESENTATION (  '', ( #316 ), #1115 ) ;
#3673 = FACE_OUTER_BOUND ( 'NONE', #3656, .T. ) ;
#3674 = FILL_AREA_STYLE_COLOUR ( '', #1178 ) ;
#3675 = CARTESIAN_POINT ( 'NONE',  ( -0.8990000000000000213, -0.6239999999999999991, 0.3499999999999999778 ) ) ;
#3676 = CARTESIAN_POINT ( 'NONE',  ( 0.8990000000000000213, -0.6250000000000000000, 0.01999999996565751670 ) ) ;
#3677 =( NAMED_UNIT ( * ) SI_UNIT ( $, .STERADIAN. ) SOLID_ANGLE_UNIT ( ) );
#3678 = FILL_AREA_STYLE ('',( #809 ) ) ;
#3679 = ORIENTED_EDGE ( 'NONE', *, *, #3697, .F. ) ;
#3680 = EDGE_LOOP ( 'NONE', ( #1051, #4214, #3728, #4326, #289 ) ) ;
#3681 = ORIENTED_EDGE ( 'NONE', *, *, #3383, .T. ) ;
#3682 = DIRECTION ( 'NONE',  ( -0.000000000000000000, -0.000000000000000000, -1.000000000000000000 ) ) ;
#3683 = DIRECTION ( 'NONE',  ( 1.000000000000000000, 0.000000000000000000, 0.000000000000000000 ) ) ;
#3684 = SURFACE_STYLE_FILL_AREA ( #885 ) ;
#3685 =( NAMED_UNIT ( * ) PLANE_ANGLE_UNIT ( ) SI_UNIT ( $, .RADIAN. ) );
#3686 = FILL_AREA_STYLE ('',( #448 ) ) ;
#3687 = PRESENTATION_STYLE_ASSIGNMENT (( #4495 ) ) ;
#3688 = FILL_AREA_STYLE ('',( #2263 ) ) ;
#3689 = CARTESIAN_POINT ( 'NONE',  ( 1.000000000000000000, -0.6250000000000000000, 0.000000000000000000 ) ) ;
#3690 = VERTEX_POINT ( 'NONE', #4434 ) ;
#3691 = ADVANCED_FACE ( 'NONE', ( #3547 ), #683, .T. ) ;
#3692 = PRESENTATION_STYLE_ASSIGNMENT (( #2237 ) ) ;
#3693 = PRESENTATION_STYLE_ASSIGNMENT (( #4426 ) ) ;
#3694 = COLOUR_RGB ( '',0.9607843137254902244, 0.9607843137254902244, 0.9607843137254902244 ) ;
#3695 = EDGE_CURVE ( 'NONE', #1186, #1137, #2401, .T. ) ;
#3696 = SURFACE_STYLE_FILL_AREA ( #3298 ) ;
#3697 = EDGE_CURVE ( 'NONE', #3222, #1011, #3446, .T. ) ;
#3698 = VECTOR ( 'NONE', #1433, 1000.000000000000000 ) ;
#3699 = CARTESIAN_POINT ( 'NONE',  ( 0.5989999999999999769, -0.5250000000000000222, 0.000000000000000000 ) ) ;
#3700 =( NAMED_UNIT ( * ) SI_UNIT ( $, .STERADIAN. ) SOLID_ANGLE_UNIT ( ) );
#3701 = ORIENTED_EDGE ( 'NONE', *, *, #4550, .T. ) ;
#3702 = ORIENTED_EDGE ( 'NONE', *, *, #4443, .F. ) ;
#3703 = PLANE ( 'NONE',  #949 ) ;
#3704 = PLANE ( 'NONE',  #696 ) ;
#3705 = LINE ( 'NONE', #4526, #3235 ) ;
#3706 = PLANE ( 'NONE',  #3121 ) ;
#3707 = DIRECTION ( 'NONE',  ( -0.3437202564220639411, -0.8428003586853077822, -0.4141786338345658791 ) ) ;
#3708 = DIRECTION ( 'NONE',  ( -0.000000000000000000, -0.000000000000000000, -1.000000000000000000 ) ) ;
#3709 = FILL_AREA_STYLE_COLOUR ( '', #693 ) ;
#3710 = CARTESIAN_POINT ( 'NONE',  ( -0.5989999999999999769, 0.5250000000000000222, 0.000000000000000000 ) ) ;
#3711 = STYLED_ITEM ( 'NONE', ( #3741 ), #1575 ) ;
#3712 = SURFACE_STYLE_USAGE ( .BOTH. , #1524 ) ;
#3713 = DIRECTION ( 'NONE',  ( 0.000000000000000000, -1.000000000000000000, -0.000000000000000000 ) ) ;
#3714 = EDGE_CURVE ( 'NONE', #2896, #234, #1309, .T. ) ;
#3715 =( GEOMETRIC_REPRESENTATION_CONTEXT ( 3 ) GLOBAL_UNCERTAINTY_ASSIGNED_CONTEXT ( ( #936 ) ) GLOBAL_UNIT_ASSIGNED_CONTEXT ( ( #37, #2146, #2817 ) ) REPRESENTATION_CONTEXT ( 'NONE', 'WORKASPACE' ) );
#3716 = AXIS2_PLACEMENT_3D ( 'NONE', #3638, #1851, #2613 ) ;
#3717 = CARTESIAN_POINT ( 'NONE',  ( 1.411718340492146728, 0.5362324308631786218, 0.4907742012615315952 ) ) ;
#3718 = CARTESIAN_POINT ( 'NONE',  ( 0.2073352251421312353, 0.5676647748578691477, 0.4929711200626645806 ) ) ;
#3719 = VECTOR ( 'NONE', #26, 1000.000000000000000 ) ;
#3720 = CARTESIAN_POINT ( 'NONE',  ( -0.8990000000000000213, -0.5250000000000000222, 0.02000000000000000042 ) ) ;
#3721 = CIRCLE ( 'NONE', #216, 0.02000000000000001776 ) ;
#3722 = ADVANCED_FACE ( 'NONE', ( #1212 ), #2656, .T. ) ;
#3723 = FILL_AREA_STYLE ('',( #326 ) ) ;
#3724 = ORIENTED_EDGE ( 'NONE', *, *, #3027, .T. ) ;
#3725 = STYLED_ITEM ( 'NONE', ( #1949 ), #3002 ) ;
#3726 = PRODUCT_RELATED_PRODUCT_CATEGORY ( 'part', '', ( #1273 ) ) ;
#3727 = ORIENTED_EDGE ( 'NONE', *, *, #4443, .T. ) ;
#3728 = ORIENTED_EDGE ( 'NONE', *, *, #2423, .F. ) ;
#3729 =( GEOMETRIC_REPRESENTATION_CONTEXT ( 3 ) GLOBAL_UNCERTAINTY_ASSIGNED_CONTEXT ( ( #1743 ) ) GLOBAL_UNIT_ASSIGNED_CONTEXT ( ( #3187, #240, #3769 ) ) REPRESENTATION_CONTEXT ( 'NONE', 'WORKASPACE' ) );
#3730 = PRESENTATION_LAYER_ASSIGNMENT (  '', '', ( #1092 ) ) ;
#3731 = DIRECTION ( 'NONE',  ( -0.5382263050055433595, 0.5382263050055460241, 0.6485560031332350261 ) ) ;
#3732 = ADVANCED_FACE ( 'NONE', ( #3893 ), #4269, .T. ) ;
#3733 = LINE ( 'NONE', #2354, #3430 ) ;
#3734 = CARTESIAN_POINT ( 'NONE',  ( -0.8990000000000000213, 0.6250000000000000000, 0.3499999999999999778 ) ) ;
#3735 = VECTOR ( 'NONE', #3375, 1000.000000000000000 ) ;
#3736 = DIRECTION ( 'NONE',  ( -0.09901475429766751213, 0.09901475429766751213, -0.9901475429766741776 ) ) ;
#3737 = DIRECTION ( 'NONE',  ( -1.000000000000000000, 0.000000000000000000, 0.000000000000000000 ) ) ;
#3738 = SURFACE_STYLE_USAGE ( .BOTH. , #1542 ) ;
#3739 = COLOUR_RGB ( '',0.9607843137254902244, 0.9607843137254902244, 0.9607843137254902244 ) ;
#3740 = CARTESIAN_POINT ( 'NONE',  ( 0.8990000000000000213, -0.5250000000000000222, 0.3499999999999999778 ) ) ;
#3741 = PRESENTATION_STYLE_ASSIGNMENT (( #4557 ) ) ;
#3742 = LINE ( 'NONE', #1148, #4186 ) ;
#3743 = CARTESIAN_POINT ( 'NONE',  ( 0.2078650730166876348, 0.5567843850175927534, 0.5024402947442963008 ) ) ;
#3744 = DIRECTION ( 'NONE',  ( 0.09901475429766302960, 0.09901475429766770642, -0.9901475429766747327 ) ) ;
#3745 = FILL_AREA_STYLE ('',( #867 ) ) ;
#3746 = FILL_AREA_STYLE ('',( #2316 ) ) ;
#3747 = VECTOR ( 'NONE', #4192, 1000.000000000000000 ) ;
#3748 =( NAMED_UNIT ( * ) PLANE_ANGLE_UNIT ( ) SI_UNIT ( $, .RADIAN. ) );
#3749 = PRESENTATION_LAYER_ASSIGNMENT (  '', '', ( #1422 ) ) ;
#3750 = CARTESIAN_POINT ( 'NONE',  ( 1.125000000000000222, 0.5999999999999999778, 0.2500000000000000000 ) ) ;
#3751 = DIRECTION ( 'NONE',  ( 0.9950371902099890420, -1.084202172485503961E-14, -0.09950371902100038635 ) ) ;
#3752 = MECHANICAL_DESIGN_GEOMETRIC_PRESENTATION_REPRESENTATION (  '', ( #2177 ), #4454 ) ;
#3753 = CARTESIAN_POINT ( 'NONE',  ( -1.000000000000000000, 0.6250000000000000000, 0.000000000000000000 ) ) ;
#3754 = DIRECTION ( 'NONE',  ( -1.000000000000000000, 0.000000000000000000, 0.000000000000000000 ) ) ;
#3756 = ORIENTED_EDGE ( 'NONE', *, *, #4382, .T. ) ;
#3755 = DIRECTION ( 'NONE',  ( -0.000000000000000000, 0.000000000000000000, 1.000000000000000000 ) ) ;
#3757 = LINE ( 'NONE', #3449, #163 ) ;
#3758 = EDGE_CURVE ( 'NONE', #1041, #36, #1035, .T. ) ;
#3759 = LINE ( 'NONE', #3400, #4025 ) ;
#3760 = DIRECTION ( 'NONE',  ( 1.000000000000000000, -0.000000000000000000, -1.122400076403130121E-16 ) ) ;
#3761 = EDGE_LOOP ( 'NONE', ( #2477, #2874, #3402, #4044 ) ) ;
#3762 = DIRECTION ( 'NONE',  ( 0.000000000000000000, 1.000000000000000000, 0.000000000000000000 ) ) ;
#3763 =( LENGTH_UNIT ( ) NAMED_UNIT ( * ) SI_UNIT ( .MILLI., .METRE. ) );
#3764 = EDGE_CURVE ( 'NONE', #1678, #3142, #1010, .T. ) ;
#3765 = ORIENTED_EDGE ( 'NONE', *, *, #1692, .T. ) ;
#3766 = CARTESIAN_POINT ( 'NONE',  ( 0.2180997512422420403, -0.5569002487577577876, 0.4800000000000000377 ) ) ;
#3767 = EDGE_CURVE ( 'NONE', #247, #1717, #3468, .T. ) ;
#3768 = FACE_OUTER_BOUND ( 'NONE', #3070, .T. ) ;
#3769 =( NAMED_UNIT ( * ) SI_UNIT ( $, .STERADIAN. ) SOLID_ANGLE_UNIT ( ) );
#3770 = LINE ( 'NONE', #2287, #1198 ) ;
#3771 = DIRECTION ( 'NONE',  ( -1.000000000000000000, 0.000000000000000000, 1.122400076403130121E-16 ) ) ;
#3772 = DIRECTION ( 'NONE',  ( -0.000000000000000000, -0.000000000000000000, -1.000000000000000000 ) ) ;
#3773 = LINE ( 'NONE', #512, #4661 ) ;
#3774 = PRESENTATION_LAYER_ASSIGNMENT (  '', '', ( #477 ) ) ;
#3776 = VERTEX_POINT ( 'NONE', #1754 ) ;
#3775 = DIRECTION ( 'NONE',  ( -0.000000000000000000, -0.000000000000000000, -1.000000000000000000 ) ) ;
#3777 = ORIENTED_EDGE ( 'NONE', *, *, #3005, .T. ) ;
#3778 = CARTESIAN_POINT ( 'NONE',  ( 0.8990000000000000213, -0.5250000000000000222, 0.02000000000000000042 ) ) ;
#3779 = LINE ( 'NONE', #571, #2989 ) ;
#3780 = CARTESIAN_POINT ( 'NONE',  ( 0.2240506441546054051, -0.5633119185870443246, 0.4979854764614619067 ) ) ;
#3781 = EDGE_CURVE ( 'NONE', #1725, #3270, #2785, .T. ) ;
#3782 = ORIENTED_EDGE ( 'NONE', *, *, #3665, .F. ) ;
#3783 = LINE ( 'NONE', #1274, #195 ) ;
#3784 = LINE ( 'NONE', #4666, #1086 ) ;
#3785 = VERTEX_POINT ( 'NONE', #3176 ) ;
#3786 = EDGE_CURVE ( 'NONE', #3270, #1592, #4649, .T. ) ;
#3787 = SURFACE_STYLE_FILL_AREA ( #4530 ) ;
#3788 = CARTESIAN_POINT ( 'NONE',  ( 0.9799999999906870984, 0.000000000000000000, 0.3299999999790450000 ) ) ;
#3789 = PRESENTATION_STYLE_ASSIGNMENT (( #3099 ) ) ;
#3790 = FILL_AREA_STYLE_COLOUR ( '', #3262 ) ;
#3791 =( LENGTH_UNIT ( ) NAMED_UNIT ( * ) SI_UNIT ( .MILLI., .METRE. ) );
#3792 = CARTESIAN_POINT ( 'NONE',  ( 1.392664774857871324, -0.5676647748578690367, 0.4929711200626646916 ) ) ;
#3793 =( NAMED_UNIT ( * ) PLANE_ANGLE_UNIT ( ) SI_UNIT ( $, .RADIAN. ) );
#3794 = COLOUR_RGB ( '',0.9607843137254902244, 0.9607843137254902244, 0.9607843137254902244 ) ;
#3795 = ORIENTED_EDGE ( 'NONE', *, *, #2012, .T. ) ;
#3796 = ORIENTED_EDGE ( 'NONE', *, *, #370, .T. ) ;
#3797 = VECTOR ( 'NONE', #2675, 1000.000000000000000 ) ;
#3798 = CARTESIAN_POINT ( 'NONE',  ( 0.8990000000000000213, -0.6250000000000000000, 0.3489999999999996438 ) ) ;
#3799 =( GEOMETRIC_REPRESENTATION_CONTEXT ( 3 ) GLOBAL_UNCERTAINTY_ASSIGNED_CONTEXT ( ( #4202 ) ) GLOBAL_UNIT_ASSIGNED_CONTEXT ( ( #1070, #4342, #365 ) ) REPRESENTATION_CONTEXT ( 'NONE', 'WORKASPACE' ) );
#3800 = SURFACE_STYLE_USAGE ( .BOTH. , #3039 ) ;
#3801 = AXIS2_PLACEMENT_3D ( 'NONE', #2289, #4076, #4027 ) ;
#3802 = CARTESIAN_POINT ( 'NONE',  ( -1.000000000000000000, 0.6250000000000000000, 0.1749999999999999889 ) ) ;
#3803 = PRESENTATION_LAYER_ASSIGNMENT (  '', '', ( #4662 ) ) ;
#3804 = ORIENTED_EDGE ( 'NONE', *, *, #306, .F. ) ;
#3805 = UNCERTAINTY_MEASURE_WITH_UNIT (LENGTH_MEASURE( 1.000000000000000082E-05 ), #54, 'distance_accuracy_value', 'NONE');
#3806 = STYLED_ITEM ( 'NONE', ( #3631 ), #940 ) ;
#3807 = VERTEX_POINT ( 'NONE', #3910 ) ;
#3808 = DIRECTION ( 'NONE',  ( 0.000000000000000000, -1.000000000000000000, -0.000000000000000000 ) ) ;
#3809 = FILL_AREA_STYLE_COLOUR ( '', #4418 ) ;
#3810 = MECHANICAL_DESIGN_GEOMETRIC_PRESENTATION_REPRESENTATION (  '', ( #1177 ), #2169 ) ;
#3811 = UNCERTAINTY_MEASURE_WITH_UNIT (LENGTH_MEASURE( 1.000000000000000082E-05 ), #850, 'distance_accuracy_value', 'NONE');
#3812 = ADVANCED_FACE ( 'NONE', ( #4219 ), #2245, .T. ) ;
#3813 = DIRECTION ( 'NONE',  ( -0.000000000000000000, 1.000000000000000000, 0.000000000000000000 ) ) ;
#3814 = CARTESIAN_POINT ( 'NONE',  ( 1.381900248757760297, 0.5768009925619579370, 0.4819900743804200194 ) ) ;
#3815 = VECTOR ( 'NONE', #4282, 1000.000000000000000 ) ;
#3816 =( LENGTH_UNIT ( ) NAMED_UNIT ( * ) SI_UNIT ( .MILLI., .METRE. ) );
#3817 = CARTESIAN_POINT ( 'NONE',  ( -4.163336342344340478E-16, 0.6250000000000000000, 0.0009999999999998887817 ) ) ;
#3818 = ADVANCED_FACE ( 'NONE', ( #2894 ), #2994, .F. ) ;
#3819 = CARTESIAN_POINT ( 'NONE',  ( 1.400674481328696652, -0.5633119185870447687, 0.4774664883318573971 ) ) ;
#3820 = FILL_AREA_STYLE_COLOUR ( '', #4035 ) ;
#3821 = VECTOR ( 'NONE', #3254, 1000.000000000000000 ) ;
#3822 = ORIENTED_EDGE ( 'NONE', *, *, #2997, .T. ) ;
#3823 = FILL_AREA_STYLE ('',( #2323 ) ) ;
#3824 = PRESENTATION_LAYER_ASSIGNMENT (  '', '', ( #2689 ) ) ;
#3825 = CARTESIAN_POINT ( 'NONE',  ( -0.9799999999906870984, 0.6250000000000000000, 0.1749999999999999889 ) ) ;
#3827 = VERTEX_POINT ( 'NONE', #2301 ) ;
#3826 = DIRECTION ( 'NONE',  ( 1.000000000000000000, 0.000000000000000000, 0.000000000000000000 ) ) ;
#3828 = CIRCLE ( 'NONE', #3064, 0.001000000000000024307 ) ;
#3829 = EDGE_LOOP ( 'NONE', ( #4590, #1490, #3756, #2892 ) ) ;
#3830 = FILL_AREA_STYLE ('',( #603 ) ) ;
#3831 = DIRECTION ( 'NONE',  ( 0.000000000000000000, 0.000000000000000000, 1.000000000000000000 ) ) ;
#3832 =( GEOMETRIC_REPRESENTATION_CONTEXT ( 3 ) GLOBAL_UNCERTAINTY_ASSIGNED_CONTEXT ( ( #3993 ) ) GLOBAL_UNIT_ASSIGNED_CONTEXT ( ( #3763, #1594, #3335 ) ) REPRESENTATION_CONTEXT ( 'NONE', 'WORKASPACE' ) );
#3833 = FILL_AREA_STYLE_COLOUR ( '', #1543 ) ;
#3834 = ORIENTED_EDGE ( 'NONE', *, *, #3901, .F. ) ;
#3835 =( REPRESENTATION_RELATIONSHIP ('NONE','NONE', #1095, #1908 ) REPRESENTATION_RELATIONSHIP_WITH_TRANSFORMATION ( #2588 )SHAPE_REPRESENTATION_RELATIONSHIP( ) );
#3836 = PRESENTATION_LAYER_ASSIGNMENT (  '', '', ( #3072 ) ) ;
#3837 = ORIENTED_EDGE ( 'NONE', *, *, #2529, .T. ) ;
#3838 = FACE_OUTER_BOUND ( 'NONE', #4311, .T. ) ;
#3839 =( NAMED_UNIT ( * ) SI_UNIT ( $, .STERADIAN. ) SOLID_ANGLE_UNIT ( ) );
#3840 = DIRECTION ( 'NONE',  ( 1.000000000000000000, -0.000000000000000000, 0.000000000000000000 ) ) ;
#3841 = EDGE_CURVE ( 'NONE', #1804, #1407, #2253, .T. ) ;
#3842 = CARTESIAN_POINT ( 'NONE',  ( -0.8990000000000000213, 0.6250000000000000000, 0.3300000000000000155 ) ) ;
#3843 = DIRECTION ( 'NONE',  ( -0.000000000000000000, 1.000000000000000000, 0.000000000000000000 ) ) ;
#3844 = SURFACE_STYLE_FILL_AREA ( #3442 ) ;
#3845 = DIRECTION ( 'NONE',  ( -4.568105153405589912E-15, 1.000000000000000000, 0.000000000000000000 ) ) ;
#3846 = ORIENTED_EDGE ( 'NONE', *, *, #4071, .T. ) ;
#3847 = SURFACE_SIDE_STYLE ('',( #2471 ) ) ;
#3848 = EDGE_CURVE ( 'NONE', #1725, #2808, #815, .T. ) ;
#3849 = CARTESIAN_POINT ( 'NONE',  ( 1.397631984851857245, 0.5676647748578692587, 0.4888489115435326049 ) ) ;
#3850 = CARTESIAN_POINT ( 'NONE',  ( 0.9625000000000000222, 0.5569002487577580096, 0.4800000000000000377 ) ) ;
#3851 = ORIENTED_EDGE ( 'NONE', *, *, #3592, .T. ) ;
#3852 = EDGE_CURVE ( 'NONE', #1214, #2765, #2762, .T. ) ;
#3853 = CARTESIAN_POINT ( 'NONE',  ( -0.02038303522603427190, -0.4886582175577640075, 0.000000000000000000 ) ) ;
#3854 =( LENGTH_UNIT ( ) NAMED_UNIT ( * ) SI_UNIT ( .MILLI., .METRE. ) );
#3855 = EDGE_LOOP ( 'NONE', ( #1078, #372, #1664, #3156 ) ) ;
#3856 = ORIENTED_EDGE ( 'NONE', *, *, #1458, .T. ) ;
#3857 =( GEOMETRIC_REPRESENTATION_CONTEXT ( 3 ) GLOBAL_UNCERTAINTY_ASSIGNED_CONTEXT ( ( #3903 ) ) GLOBAL_UNIT_ASSIGNED_CONTEXT ( ( #1989, #176, #3376 ) ) REPRESENTATION_CONTEXT ( 'NONE', 'WORKASPACE' ) );
#3858 = UNCERTAINTY_MEASURE_WITH_UNIT (LENGTH_MEASURE( 1.000000000000000082E-05 ), #3659, 'distance_accuracy_value', 'NONE');
#3859 = STYLED_ITEM ( 'NONE', ( #52 ), #3475 ) ;
#3860 = VERTEX_POINT ( 'NONE', #1825 ) ;
#3861 = DIRECTION ( 'NONE',  ( 0.000000000000000000, 0.000000000000000000, -1.000000000000000000 ) ) ;
#3862 = SURFACE_STYLE_USAGE ( .BOTH. , #706 ) ;
#3863 = DIRECTION ( 'NONE',  ( 0.000000000000000000, -1.000000000000000000, 0.000000000000000000 ) ) ;
#3864 = VECTOR ( 'NONE', #42, 1000.000000000000000 ) ;
#3865 = CARTESIAN_POINT ( 'NONE',  ( 1.400506546653495610, -0.5661026009617708965, 0.4832845350855213273 ) ) ;
#3866 = PRESENTATION_STYLE_ASSIGNMENT (( #266 ) ) ;
#3867 = VERTEX_POINT ( 'NONE', #1242 ) ;
#3868 = CARTESIAN_POINT ( 'NONE',  ( 0.5000000000000000000, -0.6239999999999999991, -7.517417406881915509E-17 ) ) ;
#3869 = CARTESIAN_POINT ( 'NONE',  ( 1.400506546653495166, 0.5661026009617710075, 0.4832845350855211608 ) ) ;
#3870 = ORIENTED_EDGE ( 'NONE', *, *, #2267, .F. ) ;
#3871 = PRESENTATION_STYLE_ASSIGNMENT (( #2437 ) ) ;
#3872 = VERTEX_POINT ( 'NONE', #3853 ) ;
#3873 = EDGE_CURVE ( 'NONE', #1616, #1083, #653, .T. ) ;
#3874 = DIRECTION ( 'NONE',  ( -1.000000000000000000, -0.000000000000000000, 0.000000000000000000 ) ) ;
#3875 = ORIENTED_EDGE ( 'NONE', *, *, #2156, .F. ) ;
#3876 = ORIENTED_EDGE ( 'NONE', *, *, #1855, .F. ) ;
#3877 = STYLED_ITEM ( 'NONE', ( #4457 ), #4652 ) ;
#3878 =( GEOMETRIC_REPRESENTATION_CONTEXT ( 3 ) GLOBAL_UNCERTAINTY_ASSIGNED_CONTEXT ( ( #3479 ) ) GLOBAL_UNIT_ASSIGNED_CONTEXT ( ( #584, #2413, #3839 ) ) REPRESENTATION_CONTEXT ( 'NONE', 'WORKASPACE' ) );
#3879 = EDGE_CURVE ( 'NONE', #4232, #1755, #1382, .T. ) ;
#3880 = AXIS2_PLACEMENT_3D ( 'NONE', #4244, #313, #1734 ) ;
#3881 = VECTOR ( 'NONE', #1960, 1000.000000000000000 ) ;
#3882 = FILL_AREA_STYLE_COLOUR ( '', #1621 ) ;
#3883 = AXIS2_PLACEMENT_3D ( 'NONE', #2067, #3500, #3831 ) ;
#3884 = FILL_AREA_STYLE ('',( #2451 ) ) ;
#3885 = COLOUR_RGB ( '',0.8627450980392157298, 0.6274509803921568540, 0.05882352941176470507 ) ;
#3886 = CARTESIAN_POINT ( 'NONE',  ( -0.5999999999999999778, 0.5250000000000000222, 0.01999999996565750976 ) ) ;
#3887 = DIRECTION ( 'NONE',  ( 0.000000000000000000, 0.000000000000000000, 1.000000000000000000 ) ) ;
#3888 = ORIENTED_EDGE ( 'NONE', *, *, #2939, .T. ) ;
#3889 = MECHANICAL_DESIGN_GEOMETRIC_PRESENTATION_REPRESENTATION (  '', ( #1344 ), #2828 ) ;
#3890 = CARTESIAN_POINT ( 'NONE',  ( 1.393194622732428112, -0.5785451646981454310, 0.4835019453810325829 ) ) ;
#3891 = SURFACE_STYLE_FILL_AREA ( #621 ) ;
#3892 = DIRECTION ( 'NONE',  ( 0.000000000000000000, -1.000000000000000000, -0.000000000000000000 ) ) ;
#3893 = FACE_OUTER_BOUND ( 'NONE', #3829, .T. ) ;
#3894 = ORIENTED_EDGE ( 'NONE', *, *, #1828, .F. ) ;
#3895 = VECTOR ( 'NONE', #4262, 1000.000000000000000 ) ;
#3896 = CARTESIAN_POINT ( 'NONE',  ( 0.1882816595078556920, 0.5362324308631780667, 0.4907742012615318727 ) ) ;
#3897 =( NAMED_UNIT ( * ) SI_UNIT ( $, .STERADIAN. ) SOLID_ANGLE_UNIT ( ) );
#3898 = ORIENTED_EDGE ( 'NONE', *, *, #3714, .F. ) ;
#3899 = VECTOR ( 'NONE', #4569, 1000.000000000000000 ) ;
#3900 = VERTEX_POINT ( 'NONE', #2439 ) ;
#3901 = EDGE_CURVE ( 'NONE', #3587, #3690, #3181, .T. ) ;
#3902 = PRESENTATION_LAYER_ASSIGNMENT (  '', '', ( #1489 ) ) ;
#3903 = UNCERTAINTY_MEASURE_WITH_UNIT (LENGTH_MEASURE( 1.000000000000000082E-05 ), #1989, 'distance_accuracy_value', 'NONE');
#3904 = UNCERTAINTY_MEASURE_WITH_UNIT (LENGTH_MEASURE( 1.000000000000000082E-05 ), #1103, 'distance_accuracy_value', 'NONE');
#3905 = CARTESIAN_POINT ( 'NONE',  ( -0.02038303522603919851, 0.5999999999999999778, 0.000000000000000000 ) ) ;
#3906 = EDGE_CURVE ( 'NONE', #4198, #3998, #3828, .T. ) ;
#3907 =( GEOMETRIC_REPRESENTATION_CONTEXT ( 3 ) GLOBAL_UNCERTAINTY_ASSIGNED_CONTEXT ( ( #1876 ) ) GLOBAL_UNIT_ASSIGNED_CONTEXT ( ( #62, #2625, #3455 ) ) REPRESENTATION_CONTEXT ( 'NONE', 'WORKASPACE' ) );
#3908 = DIRECTION ( 'NONE',  ( -0.000000000000000000, 1.000000000000000000, 0.000000000000000000 ) ) ;
#3909 = DIRECTION ( 'NONE',  ( 0.000000000000000000, -0.000000000000000000, 1.000000000000000000 ) ) ;
#3910 = CARTESIAN_POINT ( 'NONE',  ( 0.2073352251421311798, -0.5676647748578691477, 0.4929711200626645806 ) ) ;
#3911 = ORIENTED_EDGE ( 'NONE', *, *, #673, .F. ) ;
#3912 = DIRECTION ( 'NONE',  ( 1.000000000000000000, 0.000000000000000000, -0.000000000000000000 ) ) ;
#3913 = DIRECTION ( 'NONE',  ( 0.000000000000000000, 0.000000000000000000, 1.000000000000000000 ) ) ;
#3914 = FILL_AREA_STYLE_COLOUR ( '', #2310 ) ;
#3915 = CARTESIAN_POINT ( 'NONE',  ( 0.1358508218941670009, 0.5999999999999999778, 0.000000000000000000 ) ) ;
#3916 = ORIENTED_EDGE ( 'NONE', *, *, #3555, .F. ) ;
#3917 = ORIENTED_EDGE ( 'NONE', *, *, #4150, .F. ) ;
#3918 = PRESENTATION_STYLE_ASSIGNMENT (( #2906 ) ) ;
#3919 = EDGE_CURVE ( 'NONE', #2952, #1673, #354, .T. ) ;
#3920 = EDGE_LOOP ( 'NONE', ( #1520, #2739, #489, #1046 ) ) ;
#3921 = CARTESIAN_POINT ( 'NONE',  ( -0.5989999999999999769, 0.5250000000000000222, 0.3499999999999999778 ) ) ;
#3922 =( LENGTH_UNIT ( ) NAMED_UNIT ( * ) SI_UNIT ( .MILLI., .METRE. ) );
#3923 = VECTOR ( 'NONE', #2858, 1000.000000000000000 ) ;
#3924 = CARTESIAN_POINT ( 'NONE',  ( 0.2073352251421313186, 0.5676647748578689257, 0.4929711200626647472 ) ) ;
#3925 = ADVANCED_FACE ( 'NONE', ( #2928 ), #828, .F. ) ;
#3926 = CARTESIAN_POINT ( 'NONE',  ( 0.8990000000000000213, 0.6250000000000000000, 0.01999999996565751670 ) ) ;
#3927 = SURFACE_SIDE_STYLE ('',( #2840 ) ) ;
#3928 = CARTESIAN_POINT ( 'NONE',  ( 1.381698655270050091, -0.5661026009617703414, 0.4988929048104991382 ) ) ;
#3929 = ADVANCED_FACE ( 'NONE', ( #1350 ), #1656, .T. ) ;
#3930 = ORIENTED_EDGE ( 'NONE', *, *, #2691, .F. ) ;
#3931 = CARTESIAN_POINT ( 'NONE',  ( 0.1699007438042001439, -0.6249999999999996669, -2.710505431213761085E-17 ) ) ;
#3932 = SURFACE_STYLE_USAGE ( .BOTH. , #808 ) ;
#3933 = DIRECTION ( 'NONE',  ( 0.9950371902099891530, 0.000000000000000000, 0.09950371902099902632 ) ) ;
#3934 = ORIENTED_EDGE ( 'NONE', *, *, #56, .T. ) ;
#3935 = LINE ( 'NONE', #1087, #3719 ) ;
#3936 = UNCERTAINTY_MEASURE_WITH_UNIT (LENGTH_MEASURE( 1.000000000000000082E-05 ), #4126, 'distance_accuracy_value', 'NONE');
#3937 = UNCERTAINTY_MEASURE_WITH_UNIT (LENGTH_MEASURE( 1.000000000000000082E-05 ), #4009, 'distance_accuracy_value', 'NONE');
#3938 =( GEOMETRIC_REPRESENTATION_CONTEXT ( 3 ) GLOBAL_UNCERTAINTY_ASSIGNED_CONTEXT ( ( #1448 ) ) GLOBAL_UNIT_ASSIGNED_CONTEXT ( ( #4452, #1229, #1173 ) ) REPRESENTATION_CONTEXT ( 'NONE', 'WORKASPACE' ) );
#3939 = LINE ( 'NONE', #3282, #2280 ) ;
#3940 = SURFACE_STYLE_USAGE ( .BOTH. , #15 ) ;
#3941 = PRESENTATION_LAYER_ASSIGNMENT (  '', '', ( #2575 ) ) ;
#3942 = MECHANICAL_DESIGN_GEOMETRIC_PRESENTATION_REPRESENTATION (  '', ( #424 ), #2217 ) ;
#3943 = VECTOR ( 'NONE', #4511, 1000.000000000000000 ) ;
#3944 = ORIENTED_EDGE ( 'NONE', *, *, #3848, .T. ) ;
#3945 = AXIS2_PLACEMENT_3D ( 'NONE', #3165, #4642, #3567 ) ;
#3946 = FILL_AREA_STYLE_COLOUR ( '', #3643 ) ;
#3947 = VECTOR ( 'NONE', #1686, 1000.000000000000000 ) ;
#3948 = EDGE_CURVE ( 'NONE', #2157, #2607, #2383, .T. ) ;
#3949 = CARTESIAN_POINT ( 'NONE',  ( 1.392105711489260322, -0.5867014069890175154, 0.4731616332012634207 ) ) ;
#3950 = DIRECTION ( 'NONE',  ( 0.000000000000000000, 0.000000000000000000, -1.000000000000000000 ) ) ;
#3951 = SURFACE_STYLE_USAGE ( .BOTH. , #1394 ) ;
#3952 = ORIENTED_EDGE ( 'NONE', *, *, #4510, .F. ) ;
#3953 = EDGE_CURVE ( 'NONE', #1492, #768, #1189, .T. ) ;
#3954 = ORIENTED_EDGE ( 'NONE', *, *, #770, .T. ) ;
#3955 = VECTOR ( 'NONE', #2527, 1000.000000000000000 ) ;
#3956 = LINE ( 'NONE', #2495, #2226 ) ;
#3957 = VECTOR ( 'NONE', #1959, 1000.000000000000000 ) ;
#3958 = ORIENTED_EDGE ( 'NONE', *, *, #2885, .F. ) ;
#3959 = DIRECTION ( 'NONE',  ( 0.000000000000000000, 0.000000000000000000, -1.000000000000000000 ) ) ;
#3960 =( GEOMETRIC_REPRESENTATION_CONTEXT ( 3 ) GLOBAL_UNCERTAINTY_ASSIGNED_CONTEXT ( ( #1408 ) ) GLOBAL_UNIT_ASSIGNED_CONTEXT ( ( #2133, #288, #4633 ) ) REPRESENTATION_CONTEXT ( 'NONE', 'WORKASPACE' ) );
#3961 = COLOUR_RGB ( '',0.9607843137254902244, 0.9607843137254902244, 0.9607843137254902244 ) ;
#3962 = ORIENTED_EDGE ( 'NONE', *, *, #2288, .F. ) ;
#3963 = DIRECTION ( 'NONE',  ( 0.000000000000000000, 0.000000000000000000, 1.000000000000000000 ) ) ;
#3964 = LINE ( 'NONE', #4412, #3450 ) ;
#3965 = VECTOR ( 'NONE', #1514, 1000.000000000000000 ) ;
#3966 = SURFACE_STYLE_FILL_AREA ( #3662 ) ;
#3967 = PLANE ( 'NONE',  #1250 ) ;
#3968 =( NAMED_UNIT ( * ) SI_UNIT ( $, .STERADIAN. ) SOLID_ANGLE_UNIT ( ) );
#3969 =( NAMED_UNIT ( * ) PLANE_ANGLE_UNIT ( ) SI_UNIT ( $, .RADIAN. ) );
#3970 = PRESENTATION_LAYER_ASSIGNMENT (  '', '', ( #165 ) ) ;
#3971 = PRESENTATION_LAYER_ASSIGNMENT (  '', '', ( #2612 ) ) ;
#3972 = DIRECTION ( 'NONE',  ( 0.000000000000000000, 0.000000000000000000, -1.000000000000000000 ) ) ;
#3973 = EDGE_LOOP ( 'NONE', ( #4151, #2823, #900, #1345, #359, #1749, #25, #2582 ) ) ;
#3974 = VECTOR ( 'NONE', #3713, 1000.000000000000000 ) ;
#3975 = SURFACE_STYLE_FILL_AREA ( #1416 ) ;
#3976 = ORIENTED_EDGE ( 'NONE', *, *, #423, .F. ) ;
#3977 = EDGE_LOOP ( 'NONE', ( #3870, #276, #1577, #415, #3851, #567, #3211, #4250 ) ) ;
#3978 = CARTESIAN_POINT ( 'NONE',  ( 0.8990000000000000213, 0.6250000000000000000, 0.01999999996565749935 ) ) ;
#3979 = ADVANCED_FACE ( 'NONE', ( #2055 ), #610, .T. ) ;
#3980 = ORIENTED_EDGE ( 'NONE', *, *, #1117, .F. ) ;
#3981 = VERTEX_POINT ( 'NONE', #4508 ) ;
#3982 = SHAPE_REPRESENTATION ( 'base', ( #4589 ), #51 ) ;
#3983 = PRESENTATION_STYLE_ASSIGNMENT (( #3660 ) ) ;
#3984 = DIRECTION ( 'NONE',  ( 0.000000000000000000, 0.000000000000000000, 1.000000000000000000 ) ) ;
#3985 = LINE ( 'NONE', #1090, #4516 ) ;
#3986 = SURFACE_STYLE_FILL_AREA ( #397 ) ;
#3987 = PRESENTATION_LAYER_ASSIGNMENT (  '', '', ( #3317 ) ) ;
#3988 = SURFACE_SIDE_STYLE ('',( #4340 ) ) ;
#3989 = CARTESIAN_POINT ( 'NONE',  ( 0.8990000000000000213, 0.5250000000000000222, 0.3499999999999999778 ) ) ;
#3990 = CARTESIAN_POINT ( 'NONE',  ( 1.381900248757760297, 0.5569002487577580096, 0.4800000000000000377 ) ) ;
#3991 = ORIENTED_EDGE ( 'NONE', *, *, #3786, .F. ) ;
#3992 =( LENGTH_UNIT ( ) NAMED_UNIT ( * ) SI_UNIT ( .MILLI., .METRE. ) );
#3993 = UNCERTAINTY_MEASURE_WITH_UNIT (LENGTH_MEASURE( 1.000000000000000082E-05 ), #3763, 'distance_accuracy_value', 'NONE');
#3994 = AXIS2_PLACEMENT_3D ( 'NONE', #146, #2633, #4081 ) ;
#3995 = FILL_AREA_STYLE ('',( #63 ) ) ;
#3996 = LINE ( 'NONE', #3221, #3955 ) ;
#3997 =( NAMED_UNIT ( * ) SI_UNIT ( $, .STERADIAN. ) SOLID_ANGLE_UNIT ( ) );
#3998 = VERTEX_POINT ( 'NONE', #2574 ) ;
#3999 = CARTESIAN_POINT ( 'NONE',  ( -0.5989999999999999769, -0.5250000000000000222, 0.3499999999999999778 ) ) ;
#4000 = DIRECTION ( 'NONE',  ( 0.000000000000000000, -1.000000000000000000, -0.000000000000000000 ) ) ;
#4001 = PRESENTATION_STYLE_ASSIGNMENT (( #2554 ) ) ;
#4002 = COLOUR_RGB ( '',0.9607843137254902244, 0.9607843137254902244, 0.9607843137254902244 ) ;
#4003 = VERTEX_POINT ( 'NONE', #461 ) ;
#4004 = ORIENTED_EDGE ( 'NONE', *, *, #2827, .T. ) ;
#4005 = EDGE_CURVE ( 'NONE', #1783, #4167, #115, .T. ) ;
#4006 = CARTESIAN_POINT ( 'NONE',  ( 0.8990000000000000213, 0.000000000000000000, -1.111284391430634093E-16 ) ) ;
#4007 = PRODUCT_RELATED_PRODUCT_CATEGORY ( 'part', '', ( #1979 ) ) ;
#4008 = DIRECTION ( 'NONE',  ( -1.000000000000000000, 0.000000000000000000, -0.000000000000000000 ) ) ;
#4009 =( LENGTH_UNIT ( ) NAMED_UNIT ( * ) SI_UNIT ( .MILLI., .METRE. ) );
#4010 =( BOUNDED_SURFACE ( )  B_SPLINE_SURFACE ( 3, 3, ( 
 ( #4170, #2995, #2304, #202 ),
 ( #518, #1245, #4117, #933 ),
 ( #3042, #4522, #2022, #907 ),
 ( #3780, #572, #2806, #3112 ) ),
 .UNSPECIFIED., .F., .F., .T. ) 
 B_SPLINE_SURFACE_WITH_KNOTS ( ( 4, 4 ),
 ( 4, 4 ),
 ( 0.000000000000000000, 1.000000000000000000 ),
 ( 0.000000000000000000, 1.000000000000000000 ),
 .UNSPECIFIED. ) 
 GEOMETRIC_REPRESENTATION_ITEM ( )  RATIONAL_B_SPLINE_SURFACE ( (
 ( 1.000000000000000000, 0.3333333333333381443, 0.3333333333333381443, 1.000000000000000000),
 ( 0.9288031850351448071, 0.3096010616783860803, 0.3096010616783860803, 0.9288031850351448071),
 ( 0.9288031850351448071, 0.3096010616783860803, 0.3096010616783860803, 0.9288031850351448071),
 ( 1.000000000000000000, 0.3333333333333381443, 0.3333333333333381443, 1.000000000000000000) ) ) 
 REPRESENTATION_ITEM ( '' )  SURFACE ( )  );
#4011 = LINE ( 'NONE', #1516, #3527 ) ;
#4012 = ADVANCED_FACE ( 'NONE', ( #538 ), #339, .T. ) ;
#4013 = MECHANICAL_DESIGN_GEOMETRIC_PRESENTATION_REPRESENTATION (  '', ( #1392 ), #352 ) ;
#4014 = LINE ( 'NONE', #1521, #727 ) ;
#4015 = COLOUR_RGB ( '',0.9607843137254902244, 0.9607843137254902244, 0.9607843137254902244 ) ;
#4016 = VECTOR ( 'NONE', #3908, 1000.000000000000000 ) ;
#4017 = CARTESIAN_POINT ( 'NONE',  ( 0.8990000000000000213, -0.5250000000000000222, 0.01999999996565751670 ) ) ;
#4018 = FACE_OUTER_BOUND ( 'NONE', #966, .T. ) ;
#4019 = VECTOR ( 'NONE', #788, 1000.000000000000000 ) ;
#4020 = LINE ( 'NONE', #2269, #3974 ) ;
#4021 = MECHANICAL_DESIGN_GEOMETRIC_PRESENTATION_REPRESENTATION (  '', ( #1170 ), #3729 ) ;
#4022 =( GEOMETRIC_REPRESENTATION_CONTEXT ( 3 ) GLOBAL_UNCERTAINTY_ASSIGNED_CONTEXT ( ( #3147 ) ) GLOBAL_UNIT_ASSIGNED_CONTEXT ( ( #3854, #3161, #3897 ) ) REPRESENTATION_CONTEXT ( 'NONE', 'WORKASPACE' ) );
#4023 = LINE ( 'NONE', #588, #687 ) ;
#4024 = DIRECTION ( 'NONE',  ( 0.000000000000000000, -0.000000000000000000, 1.000000000000000000 ) ) ;
#4025 = VECTOR ( 'NONE', #1644, 1000.000000000000000 ) ;
#4026 =( GEOMETRIC_REPRESENTATION_CONTEXT ( 3 ) GLOBAL_UNCERTAINTY_ASSIGNED_CONTEXT ( ( #206 ) ) GLOBAL_UNIT_ASSIGNED_CONTEXT ( ( #928, #2014, #3443 ) ) REPRESENTATION_CONTEXT ( 'NONE', 'WORKASPACE' ) );
#4027 = DIRECTION ( 'NONE',  ( -0.5382263050055418052, 0.5382263050055512421, 0.6485560031332320285 ) ) ;
#4028 = CARTESIAN_POINT ( 'NONE',  ( 0.5989999999999999769, -0.5250000000000000222, 0.000000000000000000 ) ) ;
#4029 = ORIENTED_EDGE ( 'NONE', *, *, #4601, .T. ) ;
#4030 = MECHANICAL_DESIGN_GEOMETRIC_PRESENTATION_REPRESENTATION (  '', ( #4667 ), #877 ) ;
#4031 = ORIENTED_EDGE ( 'NONE', *, *, #457, .F. ) ;
#4032 = ORIENTED_EDGE ( 'NONE', *, *, #3441, .F. ) ;
#4033 = CARTESIAN_POINT ( 'NONE',  ( 0.4749999999999999778, -0.5999999999999999778, 0.2500000000000000000 ) ) ;
#4034 = DIRECTION ( 'NONE',  ( 0.000000000000000000, 0.000000000000000000, 1.000000000000000000 ) ) ;
#4035 = COLOUR_RGB ( '',0.8627450980392157298, 0.6274509803921568540, 0.05882352941176470507 ) ;
#4036 = APPLICATION_PROTOCOL_DEFINITION ( 'draft international standard', 'automotive_design', 1998, #3248 ) ;
#4037 = ADVANCED_FACE ( 'NONE', ( #1079 ), #1400, .F. ) ;
#4038 = DIRECTION ( 'NONE',  ( 1.000000000000000000, 0.000000000000000000, -1.122400076403130121E-16 ) ) ;
#4039 = CARTESIAN_POINT ( 'NONE',  ( 0.8990000000000000213, -0.6250000000000000000, 0.0009999999999999794210 ) ) ;
#4040 = PLANE ( 'NONE',  #3605 ) ;
#4041 = PRESENTATION_LAYER_ASSIGNMENT (  '', '', ( #3058 ) ) ;
#4042 = EDGE_CURVE ( 'NONE', #4147, #1317, #3206, .T. ) ;
#4043 = DIRECTION ( 'NONE',  ( 0.000000000000000000, 1.000000000000000000, 0.000000000000000000 ) ) ;
#4044 = ORIENTED_EDGE ( 'NONE', *, *, #2294, .T. ) ;
#4045 =( GEOMETRIC_REPRESENTATION_CONTEXT ( 3 ) GLOBAL_UNCERTAINTY_ASSIGNED_CONTEXT ( ( #3936 ) ) GLOBAL_UNIT_ASSIGNED_CONTEXT ( ( #4126, #527, #1462 ) ) REPRESENTATION_CONTEXT ( 'NONE', 'WORKASPACE' ) );
#4046 = EDGE_CURVE ( 'NONE', #1714, #2765, #76, .T. ) ;
#4047 =( GEOMETRIC_REPRESENTATION_CONTEXT ( 3 ) GLOBAL_UNCERTAINTY_ASSIGNED_CONTEXT ( ( #1410 ) ) GLOBAL_UNIT_ASSIGNED_CONTEXT ( ( #472, #3355, #180 ) ) REPRESENTATION_CONTEXT ( 'NONE', 'WORKASPACE' ) );
#4048 = CARTESIAN_POINT ( 'NONE',  ( 1.389630622165247020, -0.5903914063109111376, 0.4641587754021826440 ) ) ;
#4049 = COLOUR_RGB ( '',0.9607843137254902244, 0.9607843137254902244, 0.9607843137254902244 ) ;
#4050 = DIRECTION ( 'NONE',  ( 0.5382263050055530185, -0.5382263050055421383, 0.6485560031332302522 ) ) ;
#4051 = ORIENTED_EDGE ( 'NONE', *, *, #1197, .F. ) ;
#4052 = VECTOR ( 'NONE', #3411, 1000.000000000000000 ) ;
#4053 = CARTESIAN_POINT ( 'NONE',  ( 0.8990000000000000213, -0.6250000000000000000, 0.3499999999999999778 ) ) ;
#4054 = CARTESIAN_POINT ( 'NONE',  ( -0.8990000000000000213, 0.5250000000000000222, 0.3499999999999999778 ) ) ;
#4055 = DIRECTION ( 'NONE',  ( 0.000000000000000000, 0.000000000000000000, -1.000000000000000000 ) ) ;
#4056 = ORIENTED_EDGE ( 'NONE', *, *, #510, .F. ) ;
#4057 = EDGE_LOOP ( 'NONE', ( #1995, #3822, #636, #3075, #332 ) ) ;
#4058 = LINE ( 'NONE', #3531, #1155 ) ;
#4059 = FACE_OUTER_BOUND ( 'NONE', #2205, .T. ) ;
#4060 = DIRECTION ( 'NONE',  ( 0.3437202564220690482, 0.8428003586853016760, -0.4141786338345736507 ) ) ;
#4061 = APPLICATION_PROTOCOL_DEFINITION ( 'draft international standard', 'automotive_design', 1998, #303 ) ;
#4062 = DIRECTION ( 'NONE',  ( -0.000000000000000000, -0.000000000000000000, 1.000000000000000000 ) ) ;
#4063 = CARTESIAN_POINT ( 'NONE',  ( 0.5999999999999999778, 0.5250000000000000222, 0.3499999999999999778 ) ) ;
#4064 = DIRECTION ( 'NONE',  ( 0.09950371902099891530, 0.000000000000000000, 0.9950371902099890420 ) ) ;
#4065 = CARTESIAN_POINT ( 'NONE',  ( 0.2073352251421311798, -0.5676647748578691477, 0.4929711200626645806 ) ) ;
#4066 = CARTESIAN_POINT ( 'NONE',  ( 1.381900248757754524, 0.5569002487577576765, 0.4799999999999994271 ) ) ;
#4067 = EDGE_CURVE ( 'NONE', #4232, #1717, #4074, .T. ) ;
#4068 = MECHANICAL_DESIGN_GEOMETRIC_PRESENTATION_REPRESENTATION (  '', ( #1381 ), #2051 ) ;
#4069 = PRESENTATION_STYLE_ASSIGNMENT (( #3287 ) ) ;
#4070 = MECHANICAL_DESIGN_GEOMETRIC_PRESENTATION_REPRESENTATION (  '', ( #3317 ), #331 ) ;
#4071 = EDGE_CURVE ( 'NONE', #768, #1460, #1108, .T. ) ;
#4072 = DIRECTION ( 'NONE',  ( 1.000000000000000000, -0.000000000000000000, -1.122400076403130121E-16 ) ) ;
#4073 = PRODUCT_RELATED_PRODUCT_CATEGORY ( 'part', '', ( #3275 ) ) ;
#4074 = LINE ( 'NONE', #3999, #4613 ) ;
#4075 = ADVANCED_FACE ( 'NONE', ( #3651 ), #2550, .F. ) ;
#4076 = DIRECTION ( 'NONE',  ( -0.3437202564220689371, -0.8428003586853017870, 0.4141786338345738727 ) ) ;
#4077 = VECTOR ( 'NONE', #820, 1000.000000000000000 ) ;
#4078 = DIRECTION ( 'NONE',  ( 0.3437202564220729895, -0.8428003586852990114, -0.4141786338345759821 ) ) ;
#4079 = FACE_OUTER_BOUND ( 'NONE', #972, .T. ) ;
#4080 = CARTESIAN_POINT ( 'NONE',  ( -0.5999999999999999778, 0.5250000000000000222, 0.3299999999790450000 ) ) ;
#4081 = DIRECTION ( 'NONE',  ( 0.000000000000000000, 0.000000000000000000, -1.000000000000000000 ) ) ;
#4082 = VERTEX_POINT ( 'NONE', #2119 ) ;
#4083 = ORIENTED_EDGE ( 'NONE', *, *, #2591, .F. ) ;
#4084 = ORIENTED_EDGE ( 'NONE', *, *, #997, .T. ) ;
#4085 = LINE ( 'NONE', #491, #380 ) ;
#4086 = ORIENTED_EDGE ( 'NONE', *, *, #4648, .T. ) ;
#4087 = LINE ( 'NONE', #858, #312 ) ;
#4088 = VERTEX_POINT ( 'NONE', #4253 ) ;
#4089 = FILL_AREA_STYLE_COLOUR ( '', #847 ) ;
#4090 = SURFACE_SIDE_STYLE ('',( #1873 ) ) ;
#4091 = AXIS2_PLACEMENT_3D ( 'NONE', #4215, #977, #1660 ) ;
#4092 = SURFACE_SIDE_STYLE ('',( #2665 ) ) ;
#4093 = CARTESIAN_POINT ( 'NONE',  ( -0.5989999999999999769, -0.5250000000000000222, 0.3300000000000000155 ) ) ;
#4094 = SURFACE_STYLE_USAGE ( .BOTH. , #3408 ) ;
#4095 = DIRECTION ( 'NONE',  ( -1.000000000000000000, 0.000000000000000000, -0.000000000000000000 ) ) ;
#4096 = UNCERTAINTY_MEASURE_WITH_UNIT (LENGTH_MEASURE( 1.000000000000000082E-05 ), #937, 'distance_accuracy_value', 'NONE');
#4097 = PRESENTATION_STYLE_ASSIGNMENT (( #533 ) ) ;
#4098 = PRESENTATION_LAYER_ASSIGNMENT (  '', '', ( #1461 ) ) ;
#4099 = CARTESIAN_POINT ( 'NONE',  ( 0.4749999999999999778, -0.5768009925619579370, 0.4819900743804200194 ) ) ;
#4100 = FILL_AREA_STYLE_COLOUR ( '', #700 ) ;
#4101 = VECTOR ( 'NONE', #2240, 1000.000000000000000 ) ;
#4102 = EDGE_CURVE ( 'NONE', #3860, #1820, #2445, .T. ) ;
#4103 =( NAMED_UNIT ( * ) SI_UNIT ( $, .STERADIAN. ) SOLID_ANGLE_UNIT ( ) );
#4104 = PLANE ( 'NONE',  #918 ) ;
#4105 = COLOUR_RGB ( '',0.9607843137254902244, 0.9607843137254902244, 0.9607843137254902244 ) ;
#4106 = FACE_OUTER_BOUND ( 'NONE', #4330, .T. ) ;
#4107 = DIRECTION ( 'NONE',  ( 1.000000000000000000, 0.000000000000000000, 0.000000000000000000 ) ) ;
#4108 = DIRECTION ( 'NONE',  ( 1.000000000000000000, -0.000000000000000000, 0.000000000000000000 ) ) ;
#4109 = MECHANICAL_DESIGN_GEOMETRIC_PRESENTATION_REPRESENTATION (  '', ( #2893 ), #796 ) ;
#4110 = DIRECTION ( 'NONE',  ( 1.000000000000000000, 0.000000000000000000, 0.000000000000000000 ) ) ;
#4111 = EDGE_CURVE ( 'NONE', #2734, #2157, #1020, .T. ) ;
#4112 = COLOUR_RGB ( '',0.9607843137254902244, 0.9607843137254902244, 0.9607843137254902244 ) ;
#4113 = ORIENTED_EDGE ( 'NONE', *, *, #3764, .F. ) ;
#4114 = EDGE_LOOP ( 'NONE', ( #3568, #4286, #1913, #4554, #4247, #732, #2736, #910, #389, #3765, #3543, #4084 ) ) ;
#4115 = AXIS2_PLACEMENT_3D ( 'NONE', #319, #2094, #1365 ) ;
#4116 = FACE_OUTER_BOUND ( 'NONE', #4465, .T. ) ;
#4117 = CARTESIAN_POINT ( 'NONE',  ( 0.1979306530287154586, -0.5567843850175929754, 0.4941958777060325714 ) ) ;
#4118 = CARTESIAN_POINT ( 'NONE',  ( 1.381900248757760297, -0.5569002487577580096, 0.5000000000000000000 ) ) ;
#4119 = AXIS2_PLACEMENT_3D ( 'NONE', #4380, #747, #3226 ) ;
#4120 = ORIENTED_EDGE ( 'NONE', *, *, #1506, .F. ) ;
#4121 =( NAMED_UNIT ( * ) SI_UNIT ( $, .STERADIAN. ) SOLID_ANGLE_UNIT ( ) );
#4122 = CARTESIAN_POINT ( 'NONE',  ( 0.8990000000000000213, -0.6250000000000000000, 0.3499999999999999778 ) ) ;
#4123 = ORIENTED_EDGE ( 'NONE', *, *, #1231, .F. ) ;
#4124 =( GEOMETRIC_REPRESENTATION_CONTEXT ( 3 ) GLOBAL_UNCERTAINTY_ASSIGNED_CONTEXT ( ( #4154 ) ) GLOBAL_UNIT_ASSIGNED_CONTEXT ( ( #2978, #2265, #2569 ) ) REPRESENTATION_CONTEXT ( 'NONE', 'WORKASPACE' ) );
#4125 = CYLINDRICAL_SURFACE ( 'NONE', #2377, 0.02000000000000008021 ) ;
#4126 =( LENGTH_UNIT ( ) NAMED_UNIT ( * ) SI_UNIT ( .MILLI., .METRE. ) );
#4127 = SURFACE_SIDE_STYLE ('',( #3052 ) ) ;
#4128 = DIRECTION ( 'NONE',  ( -1.000000000000000000, -0.000000000000000000, 0.000000000000000000 ) ) ;
#4129 =( GEOMETRIC_REPRESENTATION_CONTEXT ( 3 ) GLOBAL_UNCERTAINTY_ASSIGNED_CONTEXT ( ( #2407 ) ) GLOBAL_UNIT_ASSIGNED_CONTEXT ( ( #88, #1881, #2751 ) ) REPRESENTATION_CONTEXT ( 'NONE', 'WORKASPACE' ) );
#4130 = FACE_OUTER_BOUND ( 'NONE', #2701, .T. ) ;
#4131 = CARTESIAN_POINT ( 'NONE',  ( 0.5999999999999999778, -0.5250000000000000222, 0.3499999999999999778 ) ) ;
#4132 = AXIS2_PLACEMENT_3D ( 'NONE', #1056, #2493, #1905 ) ;
#4133 = AXIS2_PLACEMENT_3D ( 'NONE', #4261, #2225, #3311 ) ;
#4134 = SURFACE_STYLE_USAGE ( .BOTH. , #1607 ) ;
#4135 = STYLED_ITEM ( 'NONE', ( #3472 ), #4236 ) ;
#4136 = DIRECTION ( 'NONE',  ( -0.000000000000000000, 1.000000000000000000, 0.000000000000000000 ) ) ;
#4137 = SURFACE_SIDE_STYLE ('',( #1265 ) ) ;
#4138 = EDGE_CURVE ( 'NONE', #2927, #2716, #4299, .T. ) ;
#4139 = ORIENTED_EDGE ( 'NONE', *, *, #3671, .F. ) ;
#4140 = AXIS2_PLACEMENT_3D ( 'NONE', #3653, #4290, #1413 ) ;
#4141 = CARTESIAN_POINT ( 'NONE',  ( -0.02038303522603369944, -0.5999999999999999778, 0.000000000000000000 ) ) ;
#4142 = ORIENTED_EDGE ( 'NONE', *, *, #3879, .F. ) ;
#4143 = DIRECTION ( 'NONE',  ( -0.000000000000000000, 0.000000000000000000, 1.000000000000000000 ) ) ;
#4144 = LINE ( 'NONE', #3379, #2959 ) ;
#4145 =( NAMED_UNIT ( * ) PLANE_ANGLE_UNIT ( ) SI_UNIT ( $, .RADIAN. ) );
#4146 = EDGE_CURVE ( 'NONE', #300, #1445, #4331, .T. ) ;
#4147 = VERTEX_POINT ( 'NONE', #1270 ) ;
#4148 = CARTESIAN_POINT ( 'NONE',  ( -1.000000000000000000, -0.5250000000000000222, 0.3499999999999999778 ) ) ;
#4149 = SURFACE_STYLE_FILL_AREA ( #2695 ) ;
#4150 = EDGE_CURVE ( 'NONE', #3276, #4082, #1969, .T. ) ;
#4151 = ORIENTED_EDGE ( 'NONE', *, *, #2752, .F. ) ;
#4152 = DIRECTION ( 'NONE',  ( 0.000000000000000000, 0.000000000000000000, 1.000000000000000000 ) ) ;
#4153 = CARTESIAN_POINT ( 'NONE',  ( 1.381900248757760297, -0.5569002487577580096, 0.4800000000000000377 ) ) ;
#4154 = UNCERTAINTY_MEASURE_WITH_UNIT (LENGTH_MEASURE( 1.000000000000000082E-05 ), #2978, 'distance_accuracy_value', 'NONE');
#4155 = DIRECTION ( 'NONE',  ( 1.000000000000000000, 0.000000000000000000, 0.000000000000000000 ) ) ;
#4156 = DIRECTION ( 'NONE',  ( 0.000000000000000000, -0.000000000000000000, -1.000000000000000000 ) ) ;
#4157 = PRESENTATION_STYLE_ASSIGNMENT (( #1282 ) ) ;
#4158 = SURFACE_STYLE_USAGE ( .BOTH. , #2705 ) ;
#4159 = SURFACE_STYLE_FILL_AREA ( #2853 ) ;
#4160 = DIRECTION ( 'NONE',  ( -0.000000000000000000, 1.000000000000000000, 0.000000000000000000 ) ) ;
#4161 = FACE_OUTER_BOUND ( 'NONE', #4658, .T. ) ;
#4162 = SURFACE_SIDE_STYLE ('',( #565 ) ) ;
#4163 = EDGE_LOOP ( 'NONE', ( #24, #4519, #658, #4166, #2089 ) ) ;
#4164 = SURFACE_STYLE_FILL_AREA ( #3723 ) ;
#4166 = ORIENTED_EDGE ( 'NONE', *, *, #210, .T. ) ;
#4165 = FACE_OUTER_BOUND ( 'NONE', #4163, .T. ) ;
#4167 = VERTEX_POINT ( 'NONE', #2688 ) ;
#4168 =( NAMED_UNIT ( * ) PLANE_ANGLE_UNIT ( ) SI_UNIT ( $, .RADIAN. ) );
#4169 = ORIENTED_EDGE ( 'NONE', *, *, #2232, .F. ) ;
#4170 = CARTESIAN_POINT ( 'NONE',  ( 0.2073352251421312353, -0.5676647748578691477, 0.4929711200626644696 ) ) ;
#4171 = EDGE_CURVE ( 'NONE', #3106, #4198, #2788, .T. ) ;
#4172 = ORIENTED_EDGE ( 'NONE', *, *, #1231, .T. ) ;
#4173 = AXIS2_PLACEMENT_3D ( 'NONE', #1132, #1812, #4024 ) ;
#4174 = EDGE_CURVE ( 'NONE', #3519, #3163, #3086, .T. ) ;
#4175 = DIRECTION ( 'NONE',  ( 0.09901475429766752601, -0.09901475429766752601, 0.9901475429766742886 ) ) ;
#4176 = DIRECTION ( 'NONE',  ( 0.09901475429766752601, -0.09901475429766752601, -0.9901475429766742886 ) ) ;
#4177 = CARTESIAN_POINT ( 'NONE',  ( 0.1358508218941719969, -0.5999999999999996447, 0.000000000000000000 ) ) ;
#4178 = LINE ( 'NONE', #2672, #586 ) ;
#4179 = SURFACE_SIDE_STYLE ('',( #2286 ) ) ;
#4180 = ORIENTED_EDGE ( 'NONE', *, *, #1602, .F. ) ;
#4181 = DIRECTION ( 'NONE',  ( -0.000000000000000000, 1.000000000000000000, 0.000000000000000000 ) ) ;
#4182 = PRESENTATION_STYLE_ASSIGNMENT (( #1005 ) ) ;
#4183 = CARTESIAN_POINT ( 'NONE',  ( -0.8990000000000000213, 0.000000000000000000, 0.3499999999999999778 ) ) ;
#4184 = CARTESIAN_POINT ( 'NONE',  ( 1.392664774857871324, -0.5676647748578689257, 0.4929711200626649137 ) ) ;
#4185 = CARTESIAN_POINT ( 'NONE',  ( 0.5999999999999999778, -0.6250000000000000000, 0.000000000000000000 ) ) ;
#4186 = VECTOR ( 'NONE', #559, 1000.000000000000000 ) ;
#4187 = CARTESIAN_POINT ( 'NONE',  ( 1.399768146890315368, 0.5654874199675025137, 0.4826455069342300286 ) ) ;
#4188 = DIRECTION ( 'NONE',  ( 0.000000000000000000, -0.000000000000000000, 1.000000000000000000 ) ) ;
#4189 = ORIENTED_EDGE ( 'NONE', *, *, #4138, .T. ) ;
#4190 = CARTESIAN_POINT ( 'NONE',  ( 1.000000000000000000, 0.5250000000000000222, -1.224646799147350002E-16 ) ) ;
#4191 = ORIENTED_EDGE ( 'NONE', *, *, #3585, .F. ) ;
#4192 = DIRECTION ( 'NONE',  ( 0.000000000000000000, 0.000000000000000000, 1.000000000000000000 ) ) ;
#4193 = VECTOR ( 'NONE', #1640, 1000.000000000000000 ) ;
#4194 = DIRECTION ( 'NONE',  ( -0.000000000000000000, 0.000000000000000000, 1.000000000000000000 ) ) ;
#4195 = CARTESIAN_POINT ( 'NONE',  ( -0.02038303522603870238, 0.4886582175577559584, 0.000000000000000000 ) ) ;
#4196 = VECTOR ( 'NONE', #540, 1000.000000000000000 ) ;
#4197 = SURFACE_STYLE_USAGE ( .BOTH. , #1220 ) ;
#4198 = VERTEX_POINT ( 'NONE', #3798 ) ;
#4199 = MANIFOLD_SOLID_BREP ( 'Imported1', #1648 ) ;
#4200 = VECTOR ( 'NONE', #2402, 1000.000000000000114 ) ;
#4201 = VECTOR ( 'NONE', #631, 1000.000000000000000 ) ;
#4202 = UNCERTAINTY_MEASURE_WITH_UNIT (LENGTH_MEASURE( 1.000000000000000082E-05 ), #1070, 'distance_accuracy_value', 'NONE');
#4203 = PRESENTATION_LAYER_ASSIGNMENT (  '', '', ( #2904 ) ) ;
#4204 = EDGE_CURVE ( 'NONE', #2155, #4315, #983, .T. ) ;
#4206 = EDGE_LOOP ( 'NONE', ( #1346, #1116, #4242, #650, #2668, #2188, #100, #3454, #996, #3090, #3247, #857 ) ) ;
#4205 =( NAMED_UNIT ( * ) PLANE_ANGLE_UNIT ( ) SI_UNIT ( $, .RADIAN. ) );
#4207 = VECTOR ( 'NONE', #87, 1000.000000000000000 ) ;
#4208 = SURFACE_STYLE_USAGE ( .BOTH. , #4127 ) ;
#4209 = DIRECTION ( 'NONE',  ( 0.000000000000000000, 0.000000000000000000, 1.000000000000000000 ) ) ;
#4210 = EDGE_CURVE ( 'NONE', #1278, #1757, #3757, .T. ) ;
#4211 = AXIS2_PLACEMENT_3D ( 'NONE', #454, #1875, #826 ) ;
#4212 = LINE ( 'NONE', #1285, #1187 ) ;
#4213 = SURFACE_SIDE_STYLE ('',( #3079 ) ) ;
#4214 = ORIENTED_EDGE ( 'NONE', *, *, #3386, .F. ) ;
#4215 = CARTESIAN_POINT ( 'NONE',  ( 0.6374999999999999556, -0.5569002487577580096, 0.4800000000000000377 ) ) ;
#4216 = CARTESIAN_POINT ( 'NONE',  ( 1.402069346971287489, -0.5567843850175927534, 0.4941958777060327379 ) ) ;
#4217 = AXIS2_PLACEMENT_3D ( 'NONE', #4531, #1281, #4156 ) ;
#4218 = AXIS2_PLACEMENT_3D ( 'NONE', #2330, #906, #963 ) ;
#4219 = FACE_OUTER_BOUND ( 'NONE', #4619, .T. ) ;
#4220 = PRESENTATION_LAYER_ASSIGNMENT (  '', '', ( #3451 ) ) ;
#4221 = ORIENTED_EDGE ( 'NONE', *, *, #327, .T. ) ;
#4222 =( GEOMETRIC_REPRESENTATION_CONTEXT ( 3 ) GLOBAL_UNCERTAINTY_ASSIGNED_CONTEXT ( ( #1694 ) ) GLOBAL_UNIT_ASSIGNED_CONTEXT ( ( #2660, #4145, #4491 ) ) REPRESENTATION_CONTEXT ( 'NONE', 'WORKASPACE' ) );
#4223 = CARTESIAN_POINT ( 'NONE',  ( -1.000000000000000000, 0.000000000000000000, 0.000000000000000000 ) ) ;
#4224 = ORIENTED_EDGE ( 'NONE', *, *, #1047, .T. ) ;
#4225 = ORIENTED_EDGE ( 'NONE', *, *, #217, .T. ) ;
#4226 = ORIENTED_EDGE ( 'NONE', *, *, #2913, .F. ) ;
#4227 = VECTOR ( 'NONE', #3682, 1000.000000000000000 ) ;
#4229 = ORIENTED_EDGE ( 'NONE', *, *, #1570, .T. ) ;
#4228 = SURFACE_SIDE_STYLE ('',( #2772 ) ) ;
#4230 = DIRECTION ( 'NONE',  ( 0.000000000000000000, 0.000000000000000000, -1.000000000000000000 ) ) ;
#4231 = CARTESIAN_POINT ( 'NONE',  ( 0.2078942885107417649, 0.5867014069890167383, 0.4731616332012640869 ) ) ;
#4232 = VERTEX_POINT ( 'NONE', #902 ) ;
#4233 = CARTESIAN_POINT ( 'NONE',  ( 0.1358508218941717194, -0.4886582175577640075, 0.003000000000000000062 ) ) ;
#4234 = VERTEX_POINT ( 'NONE', #3778 ) ;
#4235 = ORIENTED_EDGE ( 'NONE', *, *, #2294, .F. ) ;
#4236 = ADVANCED_FACE ( 'NONE', ( #2066 ), #4592, .T. ) ;
#4237 = PRODUCT_DEFINITION_SHAPE ( 'NONE', 'NONE',  #4674 ) ;
#4238 = PRODUCT_DEFINITION ( 'UNKNOWN', '', #4657, #480 ) ;
#4239 =( NAMED_UNIT ( * ) SI_UNIT ( $, .STERADIAN. ) SOLID_ANGLE_UNIT ( ) );
#4240 = MANIFOLD_SOLID_BREP ( 'Imported2', #1183 ) ;
#4241 = LINE ( 'NONE', #4185, #4355 ) ;
#4242 = ORIENTED_EDGE ( 'NONE', *, *, #4268, .T. ) ;
#4243 =( NAMED_UNIT ( * ) SI_UNIT ( $, .STERADIAN. ) SOLID_ANGLE_UNIT ( ) );
#4244 = CARTESIAN_POINT ( 'NONE',  ( -0.9799999999906870984, 0.000000000000000000, 0.3299999999790450000 ) ) ;
#4245 = ORIENTED_EDGE ( 'NONE', *, *, #33, .T. ) ;
#4246 = EDGE_CURVE ( 'NONE', #1508, #3519, #1619, .T. ) ;
#4247 = ORIENTED_EDGE ( 'NONE', *, *, #3901, .T. ) ;
#4248 = CARTESIAN_POINT ( 'NONE',  ( -0.9799999999906870984, 0.6250000000000000000, 0.01999999996565750629 ) ) ;
#4249 = CARTESIAN_POINT ( 'NONE',  ( -0.8990000000000000213, 0.6250000000000000000, 0.0009999999999999852757 ) ) ;
#4250 = ORIENTED_EDGE ( 'NONE', *, *, #4645, .F. ) ;
#4251 = ORIENTED_EDGE ( 'NONE', *, *, #4449, .F. ) ;
#4252 = VECTOR ( 'NONE', #1204, 1000.000000000000000 ) ;
#4253 = CARTESIAN_POINT ( 'NONE',  ( 1.381900248757760297, -0.5657212677060120543, 0.4979496413533681110 ) ) ;
#4254 = UNCERTAINTY_MEASURE_WITH_UNIT (LENGTH_MEASURE( 1.000000000000000082E-05 ), #2921, 'distance_accuracy_value', 'NONE');
#4255 = UNCERTAINTY_MEASURE_WITH_UNIT (LENGTH_MEASURE( 1.000000000000000082E-05 ), #78, 'distance_accuracy_value', 'NONE');
#4256 = AXIS2_PLACEMENT_3D ( 'NONE', #89, #2935, #1418 ) ;
#4257 =( NAMED_UNIT ( * ) SI_UNIT ( $, .STERADIAN. ) SOLID_ANGLE_UNIT ( ) );
#4258 = STYLED_ITEM ( 'NONE', ( #4097 ), #2329 ) ;
#4259 = FACE_OUTER_BOUND ( 'NONE', #3014, .T. ) ;
#4260 = CARTESIAN_POINT ( 'NONE',  ( 0.1994934533465068383, 0.5661026009617707855, 0.4832845350855213273 ) ) ;
#4261 = CARTESIAN_POINT ( 'NONE',  ( -0.8990000000000000213, -0.5250000000000000222, 0.000000000000000000 ) ) ;
#4262 = DIRECTION ( 'NONE',  ( 0.000000000000000000, -0.000000000000000000, 1.000000000000000000 ) ) ;
#4263 = PLANE ( 'NONE',  #663 ) ;
#4264 = CARTESIAN_POINT ( 'NONE',  ( 1.392664774857871324, -0.5676647748578688146, 0.4929711200626646916 ) ) ;
#4265 = DIRECTION ( 'NONE',  ( -1.000000000000000000, -0.000000000000000000, -0.000000000000000000 ) ) ;
#4266 = SURFACE_STYLE_USAGE ( .BOTH. , #3492 ) ;
#4267 = PRESENTATION_STYLE_ASSIGNMENT (( #3951 ) ) ;
#4268 = EDGE_CURVE ( 'NONE', #1038, #3276, #3001, .T. ) ;
#4269 = CYLINDRICAL_SURFACE ( 'NONE', #371, 0.01999999999999999695 ) ;
#4270 = CARTESIAN_POINT ( 'NONE',  ( 1.381698655270050313, 0.5661026009617708965, 0.4988929048104989161 ) ) ;
#4271 = ORIENTED_EDGE ( 'NONE', *, *, #552, .F. ) ;
#4272 = LINE ( 'NONE', #960, #1711 ) ;
#4273 =( LENGTH_UNIT ( ) NAMED_UNIT ( * ) SI_UNIT ( .MILLI., .METRE. ) );
#4274 = EDGE_CURVE ( 'NONE', #714, #4088, #2411, .T. ) ;
#4275 = AXIS2_PLACEMENT_3D ( 'NONE', #528, #4395, #2570 ) ;
#4276 = VERTEX_POINT ( 'NONE', #2619 ) ;
#4277 = DIRECTION ( 'NONE',  ( 1.000000000000000000, -0.000000000000000000, 0.000000000000000000 ) ) ;
#4278 =( GEOMETRIC_REPRESENTATION_CONTEXT ( 3 ) GLOBAL_UNCERTAINTY_ASSIGNED_CONTEXT ( ( #2406 ) ) GLOBAL_UNIT_ASSIGNED_CONTEXT ( ( #3487, #2124, #3551 ) ) REPRESENTATION_CONTEXT ( 'NONE', 'WORKASPACE' ) );
#4279 = CIRCLE ( 'NONE', #3128, 0.02000000000000000042 ) ;
#4280 = CARTESIAN_POINT ( 'NONE',  ( 0.2103693778347553722, 0.5903914063109100274, 0.4641587754021829770 ) ) ;
#4281 = MECHANICAL_DESIGN_GEOMETRIC_PRESENTATION_REPRESENTATION (  '', ( #507 ), #2230 ) ;
#4282 = DIRECTION ( 'NONE',  ( 0.000000000000000000, -1.000000000000000000, -0.000000000000000000 ) ) ;
#4283 = LINE ( 'NONE', #1792, #347 ) ;
#4284 = CIRCLE ( 'NONE', #148, 0.001000000000000024307 ) ;
#4285 = FILL_AREA_STYLE ('',( #4587 ) ) ;
#4286 = ORIENTED_EDGE ( 'NONE', *, *, #394, .T. ) ;
#4287 = VECTOR ( 'NONE', #1286, 1000.000000000000000 ) ;
#4288 = ADVANCED_FACE ( 'NONE', ( #494 ), #2644, .T. ) ;
#4289 = MECHANICAL_DESIGN_GEOMETRIC_PRESENTATION_REPRESENTATION (  '', ( #3286 ), #2601 ) ;
#4290 = DIRECTION ( 'NONE',  ( 1.000000000000000000, -0.000000000000000000, -2.081668171172169992E-16 ) ) ;
#4291 = DIRECTION ( 'NONE',  ( -1.000000000000000000, 0.000000000000000000, 2.081668171172169992E-16 ) ) ;
#4292 = PLANE ( 'NONE',  #4348 ) ;
#4293 = PLANE ( 'NONE',  #871 ) ;
#4294 = STYLED_ITEM ( 'NONE', ( #1129 ), #11 ) ;
#4295 =( NAMED_UNIT ( * ) SI_UNIT ( $, .STERADIAN. ) SOLID_ANGLE_UNIT ( ) );
#4296 = ORIENTED_EDGE ( 'NONE', *, *, #785, .F. ) ;
#4297 =( GEOMETRIC_REPRESENTATION_CONTEXT ( 3 ) GLOBAL_UNCERTAINTY_ASSIGNED_CONTEXT ( ( #12 ) ) GLOBAL_UNIT_ASSIGNED_CONTEXT ( ( #4370, #3645, #1498 ) ) REPRESENTATION_CONTEXT ( 'NONE', 'WORKASPACE' ) );
#4298 = ORIENTED_EDGE ( 'NONE', *, *, #4005, .T. ) ;
#4299 = LINE ( 'NONE', #717, #523 ) ;
#4300 = VECTOR ( 'NONE', #3632, 1000.000000000000000 ) ;
#4301 = EDGE_CURVE ( 'NONE', #2867, #2256, #2249, .T. ) ;
#4302 = UNCERTAINTY_MEASURE_WITH_UNIT (LENGTH_MEASURE( 1.000000000000000082E-05 ), #946, 'distance_accuracy_value', 'NONE');
#4303 =( GEOMETRIC_REPRESENTATION_CONTEXT ( 3 ) GLOBAL_UNCERTAINTY_ASSIGNED_CONTEXT ( ( #4556 ) ) GLOBAL_UNIT_ASSIGNED_CONTEXT ( ( #1642, #2020, #2353 ) ) REPRESENTATION_CONTEXT ( 'NONE', 'WORKASPACE' ) );
#4304 = SURFACE_STYLE_USAGE ( .BOTH. , #214 ) ;
#4305 = ORIENTED_EDGE ( 'NONE', *, *, #3055, .F. ) ;
#4306 = CARTESIAN_POINT ( 'NONE',  ( 0.5999999999999999778, 0.5250000000000000222, 0.3299999999790450000 ) ) ;
#4307 = FACE_OUTER_BOUND ( 'NONE', #1741, .T. ) ;
#4308 = DIRECTION ( 'NONE',  ( 1.000000000000000000, 0.000000000000000000, 0.000000000000000000 ) ) ;
#4309 = EDGE_LOOP ( 'NONE', ( #3613, #2710, #1042, #1138 ) ) ;
#4310 = DIRECTION ( 'NONE',  ( -1.000000000000000000, -0.000000000000000000, 0.000000000000000000 ) ) ;
#4311 = EDGE_LOOP ( 'NONE', ( #3991, #4392, #1213, #2584 ) ) ;
#4312 = ORIENTED_EDGE ( 'NONE', *, *, #3758, .F. ) ;
#4313 = CARTESIAN_POINT ( 'NONE',  ( 0.9799999999906870984, 0.000000000000000000, 0.01999999996565750282 ) ) ;
#4314 = CARTESIAN_POINT ( 'NONE',  ( 0.2006492659237670007, -0.5743507340762330493, 0.3054951468152469762 ) ) ;
#4315 = VERTEX_POINT ( 'NONE', #2700 ) ;
#4316 =( NAMED_UNIT ( * ) PLANE_ANGLE_UNIT ( ) SI_UNIT ( $, .RADIAN. ) );
#4317 =( NAMED_UNIT ( * ) SI_UNIT ( $, .STERADIAN. ) SOLID_ANGLE_UNIT ( ) );
#4318 = ADVANCED_FACE ( 'NONE', ( #1168 ), #4040, .F. ) ;
#4319 = CARTESIAN_POINT ( 'NONE',  ( -0.8990000000000000213, -0.6250000000000000000, 0.1749999999999999889 ) ) ;
#4320 = COLOUR_RGB ( '',0.4745098039215686070, 0.6470588235294117974, 0.3098039215686274606 ) ;
#4321 = ORIENTED_EDGE ( 'NONE', *, *, #1043, .F. ) ;
#4322 = EDGE_CURVE ( 'NONE', #3106, #1614, #2542, .T. ) ;
#4323 = ORIENTED_EDGE ( 'NONE', *, *, #2306, .F. ) ;
#4324 =( NAMED_UNIT ( * ) PLANE_ANGLE_UNIT ( ) SI_UNIT ( $, .RADIAN. ) );
#4325 = FILL_AREA_STYLE ('',( #369 ) ) ;
#4326 = ORIENTED_EDGE ( 'NONE', *, *, #4322, .F. ) ;
#4327 = CARTESIAN_POINT ( 'NONE',  ( 0.1500000000000003553, -0.6050992561957998506, -2.710505431213761085E-17 ) ) ;
#4328 = FILL_AREA_STYLE_COLOUR ( '', #1023 ) ;
#4329 = ORIENTED_EDGE ( 'NONE', *, *, #241, .F. ) ;
#4330 = EDGE_LOOP ( 'NONE', ( #2138, #1100, #1485, #4407 ) ) ;
#4331 = LINE ( 'NONE', #931, #3289 ) ;
#4332 = VECTOR ( 'NONE', #941, 1000.000000000000000 ) ;
#4333 =( NAMED_UNIT ( * ) SI_UNIT ( $, .STERADIAN. ) SOLID_ANGLE_UNIT ( ) );
#4334 = UNCERTAINTY_MEASURE_WITH_UNIT (LENGTH_MEASURE( 1.000000000000000082E-05 ), #2708, 'distance_accuracy_value', 'NONE');
#4335 = ORIENTED_EDGE ( 'NONE', *, *, #3467, .T. ) ;
#4336 = CIRCLE ( 'NONE', #4275, 0.001000000000000024307 ) ;
#4337 = DIRECTION ( 'NONE',  ( 1.000000000000000000, 0.000000000000000000, 0.000000000000000000 ) ) ;
#4338 = LINE ( 'NONE', #4364, #2405 ) ;
#4339 = PRESENTATION_LAYER_ASSIGNMENT (  '', '', ( #1704 ) ) ;
#4340 = SURFACE_STYLE_FILL_AREA ( #2483 ) ;
#4341 = DIRECTION ( 'NONE',  ( 0.000000000000000000, 1.000000000000000000, -0.000000000000000000 ) ) ;
#4342 =( NAMED_UNIT ( * ) PLANE_ANGLE_UNIT ( ) SI_UNIT ( $, .RADIAN. ) );
#4343 = MECHANICAL_DESIGN_GEOMETRIC_PRESENTATION_REPRESENTATION (  '', ( #2575 ), #290 ) ;
#4344 = EDGE_CURVE ( 'NONE', #123, #1218, #4011, .T. ) ;
#4345 = VECTOR ( 'NONE', #2618, 1000.000000000000000 ) ;
#4346 =( NAMED_UNIT ( * ) PLANE_ANGLE_UNIT ( ) SI_UNIT ( $, .RADIAN. ) );
#4347 = ORIENTED_EDGE ( 'NONE', *, *, #656, .T. ) ;
#4348 = AXIS2_PLACEMENT_3D ( 'NONE', #4223, #355, #2185 ) ;
#4349 = EDGE_CURVE ( 'NONE', #187, #2103, #1144, .T. ) ;
#4350 = EDGE_CURVE ( 'NONE', #1562, #2716, #2948, .T. ) ;
#4351 = CIRCLE ( 'NONE', #2594, 0.02000000000000000736 ) ;
#4352 = CARTESIAN_POINT ( 'NONE',  ( 1.364905496681947605, 0.5903914063109092503, 0.4846777635317875976 ) ) ;
#4353 = ORIENTED_EDGE ( 'NONE', *, *, #3873, .F. ) ;
#4354 = LINE ( 'NONE', #3246, #3864 ) ;
#4355 = VECTOR ( 'NONE', #3155, 1000.000000000000000 ) ;
#4356 = LINE ( 'NONE', #1109, #4664 ) ;
#4357 =( GEOMETRIC_REPRESENTATION_CONTEXT ( 3 ) GLOBAL_UNCERTAINTY_ASSIGNED_CONTEXT ( ( #1022 ) ) GLOBAL_UNIT_ASSIGNED_CONTEXT ( ( #2365, #4584, #2677 ) ) REPRESENTATION_CONTEXT ( 'NONE', 'WORKASPACE' ) );
#4358 = ORIENTED_EDGE ( 'NONE', *, *, #2361, .T. ) ;
#4359 = ORIENTED_EDGE ( 'NONE', *, *, #725, .T. ) ;
#4360 =( GEOMETRIC_REPRESENTATION_CONTEXT ( 3 ) GLOBAL_UNCERTAINTY_ASSIGNED_CONTEXT ( ( #3904 ) ) GLOBAL_UNIT_ASSIGNED_CONTEXT ( ( #1103, #1034, #1555 ) ) REPRESENTATION_CONTEXT ( 'NONE', 'WORKASPACE' ) );
#4361 = FILL_AREA_STYLE ('',( #47 ) ) ;
#4362 = AXIS2_PLACEMENT_3D ( 'NONE', #2196, #3628, #3272 ) ;
#4363 = APPLICATION_PROTOCOL_DEFINITION ( 'draft international standard', 'automotive_design', 1998, #2063 ) ;
#4364 = CARTESIAN_POINT ( 'NONE',  ( -0.9799999999906870984, 0.000000000000000000, 0.02000000000000000042 ) ) ;
#4365 = VECTOR ( 'NONE', #1221, 1000.000000000000000 ) ;
#4366 = LINE ( 'NONE', #4306, #3698 ) ;
#4367 = SURFACE_STYLE_FILL_AREA ( #3686 ) ;
#4368 = DIRECTION ( 'NONE',  ( -1.000000000000000000, 0.000000000000000000, 0.000000000000000000 ) ) ;
#4369 = COLOUR_RGB ( '',0.4745098039215686070, 0.6470588235294117974, 0.3098039215686274606 ) ;
#4370 =( LENGTH_UNIT ( ) NAMED_UNIT ( * ) SI_UNIT ( .MILLI., .METRE. ) );
#4371 =( NAMED_UNIT ( * ) SI_UNIT ( $, .STERADIAN. ) SOLID_ANGLE_UNIT ( ) );
#4372 = LINE ( 'NONE', #4017, #945 ) ;
#4373 = CARTESIAN_POINT ( 'NONE',  ( -0.02038303522603894177, 0.4886582175577559584, 0.000000000000000000 ) ) ;
#4374 = ADVANCED_FACE ( 'NONE', ( #474 ), #2541, .F. ) ;
#4375 = PRESENTATION_STYLE_ASSIGNMENT (( #4427 ) ) ;
#4376 = ORIENTED_EDGE ( 'NONE', *, *, #3363, .T. ) ;
#4377 = UNCERTAINTY_MEASURE_WITH_UNIT (LENGTH_MEASURE( 1.000000000000000082E-05 ), #1443, 'distance_accuracy_value', 'NONE');
#4378 = CARTESIAN_POINT ( 'NONE',  ( 0.7990000000000000435, 0.000000000000000000, 0.3300000000000000155 ) ) ;
#4379 = CARTESIAN_POINT ( 'NONE',  ( -0.8990000000000000213, 0.5250000000000000222, 0.000000000000000000 ) ) ;
#4380 = CARTESIAN_POINT ( 'NONE',  ( -1.000000000000000000, 0.000000000000000000, 0.3499999999999999778 ) ) ;
#4381 = CARTESIAN_POINT ( 'NONE',  ( 1.401800992561957226, 0.5569002487577580096, 0.4819900743804197418 ) ) ;
#4382 = EDGE_CURVE ( 'NONE', #252, #1492, #1573, .T. ) ;
#4383 = ORIENTED_EDGE ( 'NONE', *, *, #3081, .F. ) ;
#4384 = EDGE_LOOP ( 'NONE', ( #699, #3240, #1681, #4564 ) ) ;
#4385 = PLANE ( 'NONE',  #2891 ) ;
#4386 = ITEM_DEFINED_TRANSFORMATION ( 'NONE', 'NONE', #3569,  #4589 ) ;
#4387 = DIRECTION ( 'NONE',  ( 0.000000000000000000, -1.000000000000000000, 0.000000000000000000 ) ) ;
#4388 = PRODUCT_DEFINITION_SHAPE ( 'NONE', 'NONE',  #1072 ) ;
#4389 =( NAMED_UNIT ( * ) PLANE_ANGLE_UNIT ( ) SI_UNIT ( $, .RADIAN. ) );
#4390 = CARTESIAN_POINT ( 'NONE',  ( 0.1981990074380420019, 0.3125000000000000000, 0.4819900743804200194 ) ) ;
#4391 = CARTESIAN_POINT ( 'NONE',  ( -0.8990000000000000213, -0.6250000000000000000, 0.3499999999999999778 ) ) ;
#4392 = ORIENTED_EDGE ( 'NONE', *, *, #3781, .F. ) ;
#4393 = SURFACE_STYLE_FILL_AREA ( #479 ) ;
#4395 = DIRECTION ( 'NONE',  ( -1.000000000000000000, -0.000000000000000000, 2.081668171172169992E-16 ) ) ;
#4394 = SURFACE_STYLE_FILL_AREA ( #3688 ) ;
#4396 = CARTESIAN_POINT ( 'NONE',  ( 1.399228185056629936, -0.5742281850566259838, 0.3067206370113250147 ) ) ;
#4397 = DIRECTION ( 'NONE',  ( 0.000000000000000000, 1.000000000000000000, 0.000000000000000000 ) ) ;
#4398 =( NAMED_UNIT ( * ) PLANE_ANGLE_UNIT ( ) SI_UNIT ( $, .RADIAN. ) );
#4399 = ORIENTED_EDGE ( 'NONE', *, *, #3585, .T. ) ;
#4400 = LINE ( 'NONE', #1264, #4196 ) ;
#4401 = DIRECTION ( 'NONE',  ( 0.000000000000000000, -0.000000000000000000, -1.000000000000000000 ) ) ;
#4402 = EDGE_CURVE ( 'NONE', #2607, #2396, #1167, .T. ) ;
#4403 =( NAMED_UNIT ( * ) PLANE_ANGLE_UNIT ( ) SI_UNIT ( $, .RADIAN. ) );
#4404 = SURFACE_STYLE_USAGE ( .BOTH. , #1909 ) ;
#4405 = ORIENTED_EDGE ( 'NONE', *, *, #1202, .F. ) ;
#4406 = ORIENTED_EDGE ( 'NONE', *, *, #4645, .T. ) ;
#4407 = ORIENTED_EDGE ( 'NONE', *, *, #1454, .T. ) ;
#4408 = CARTESIAN_POINT ( 'NONE',  ( 0.8990000000000000213, -0.5250000000000000222, 0.3300000000000000155 ) ) ;
#4409 = EDGE_CURVE ( 'NONE', #1673, #3544, #1854, .T. ) ;
#4410 = PRODUCT_CONTEXT ( 'NONE', #2144, 'mechanical' ) ;
#4411 =( NAMED_UNIT ( * ) SI_UNIT ( $, .STERADIAN. ) SOLID_ANGLE_UNIT ( ) );
#4412 = CARTESIAN_POINT ( 'NONE',  ( 0.8990000000000000213, 0.5250000000000000222, 0.01999999996565751670 ) ) ;
#4413 = VECTOR ( 'NONE', #405, 1000.000000000000000 ) ;
#4414 = PRESENTATION_STYLE_ASSIGNMENT (( #3260 ) ) ;
#4415 = CARTESIAN_POINT ( 'NONE',  ( 0.5989999999999999769, 0.5250000000000000222, 0.000000000000000000 ) ) ;
#4416 = CARTESIAN_POINT ( 'NONE',  ( 0.1358508218941670009, 0.4886582175577559584, 0.000000000000000000 ) ) ;
#4417 = EDGE_CURVE ( 'NONE', #1460, #3420, #3283, .T. ) ;
#4418 = COLOUR_RGB ( '',0.8627450980392157298, 0.6274509803921568540, 0.05882352941176470507 ) ;
#4419 = VECTOR ( 'NONE', #4155, 1000.000000000000000 ) ;
#4420 = DIRECTION ( 'NONE',  ( -1.000000000000000000, 0.000000000000000000, -0.000000000000000000 ) ) ;
#4421 = ORIENTED_EDGE ( 'NONE', *, *, #3231, .F. ) ;
#4422 = PRESENTATION_LAYER_ASSIGNMENT (  '', '', ( #1768 ) ) ;
#4423 = PRODUCT_DEFINITION_FORMATION_WITH_SPECIFIED_SOURCE ( 'ANY', '', #3275, .NOT_KNOWN. ) ;
#4424 = VECTOR ( 'NONE', #3755, 1000.000000000000000 ) ;
#4425 = DIRECTION ( 'NONE',  ( 1.000000000000000000, 0.000000000000000000, -0.000000000000000000 ) ) ;
#4426 = SURFACE_STYLE_USAGE ( .BOTH. , #868 ) ;
#4427 = SURFACE_STYLE_USAGE ( .BOTH. , #68 ) ;
#4428 = ORIENTED_EDGE ( 'NONE', *, *, #481, .T. ) ;
#4429 = VECTOR ( 'NONE', #692, 1000.000000000000000 ) ;
#4430 =( LENGTH_UNIT ( ) NAMED_UNIT ( * ) SI_UNIT ( .MILLI., .METRE. ) );
#4431 = SURFACE_STYLE_USAGE ( .BOTH. , #2680 ) ;
#4432 = DIRECTION ( 'NONE',  ( -1.000000000000000000, -0.000000000000000000, 0.000000000000000000 ) ) ;
#4433 = CARTESIAN_POINT ( 'NONE',  ( 0.8990000000000010205, 0.5250000000000000222, 0.3300000000000000155 ) ) ;
#4434 = CARTESIAN_POINT ( 'NONE',  ( -0.8990000000000000213, 0.5250000000000000222, 0.3499999999999999778 ) ) ;
#4435 = EDGE_LOOP ( 'NONE', ( #3934, #3202, #4225, #4421 ) ) ;
#4436 = AXIS2_PLACEMENT_3D ( 'NONE', #2015, #2730, #3845 ) ;
#4437 = VERTEX_POINT ( 'NONE', #4039 ) ;
#4438 = ORIENTED_EDGE ( 'NONE', *, *, #1857, .T. ) ;
#4439 = CARTESIAN_POINT ( 'NONE',  ( 0.5989999999999999769, -0.5250000000000000222, 0.3300000000000000155 ) ) ;
#4440 = MECHANICAL_DESIGN_GEOMETRIC_PRESENTATION_REPRESENTATION (  '', ( #1481 ), #810 ) ;
#4441 = APPLICATION_PROTOCOL_DEFINITION ( 'draft international standard', 'automotive_design', 1998, #2609 ) ;
#4442 = CARTESIAN_POINT ( 'NONE',  ( 1.381900248757760297, 0.5569002487577580096, 0.4800000000000000377 ) ) ;
#4443 = EDGE_CURVE ( 'NONE', #1714, #4625, #1899, .T. ) ;
#4444 = FACE_OUTER_BOUND ( 'NONE', #3160, .T. ) ;
#4445 = FACE_OUTER_BOUND ( 'NONE', #2400, .T. ) ;
#4446 = CARTESIAN_POINT ( 'NONE',  ( 0.1993255186713057681, -0.5633119185870445467, 0.4774664883318573971 ) ) ;
#4447 = CARTESIAN_POINT ( 'NONE',  ( 0.8990000000000000213, 0.6250000000000000000, -6.042343345794959426E-20 ) ) ;
#4448 = CIRCLE ( 'NONE', #2606, 0.01999999999999999695 ) ;
#4449 = EDGE_CURVE ( 'NONE', #632, #1423, #2926, .T. ) ;
#4450 = CARTESIAN_POINT ( 'NONE',  ( -0.8990000000000000213, 0.000000000000000000, 0.3299999999790450000 ) ) ;
#4451 = COLOUR_RGB ( '',0.4745098039215686070, 0.6470588235294117974, 0.3098039215686274606 ) ;
#4452 =( LENGTH_UNIT ( ) NAMED_UNIT ( * ) SI_UNIT ( .MILLI., .METRE. ) );
#4453 = UNCERTAINTY_MEASURE_WITH_UNIT (LENGTH_MEASURE( 1.000000000000000082E-05 ), #2206, 'distance_accuracy_value', 'NONE');
#4454 =( GEOMETRIC_REPRESENTATION_CONTEXT ( 3 ) GLOBAL_UNCERTAINTY_ASSIGNED_CONTEXT ( ( #1064 ) ) GLOBAL_UNIT_ASSIGNED_CONTEXT ( ( #1528, #2579, #1182 ) ) REPRESENTATION_CONTEXT ( 'NONE', 'WORKASPACE' ) );
#4455 =( GEOMETRIC_REPRESENTATION_CONTEXT ( 3 ) GLOBAL_UNCERTAINTY_ASSIGNED_CONTEXT ( ( #2032 ) ) GLOBAL_UNIT_ASSIGNED_CONTEXT ( ( #1339, #2425, #651 ) ) REPRESENTATION_CONTEXT ( 'NONE', 'WORKASPACE' ) );
#4456 = CARTESIAN_POINT ( 'NONE',  ( 0.8990000000000000213, 0.6250000000000000000, 0.000000000000000000 ) ) ;
#4457 = PRESENTATION_STYLE_ASSIGNMENT (( #1258 ) ) ;
#4458 = PLANE ( 'NONE',  #2104 ) ;
#4459 = CARTESIAN_POINT ( 'NONE',  ( -0.8990000000000000213, -0.6250000000000000000, 0.3499999999999999778 ) ) ;
#4460 = CARTESIAN_POINT ( 'NONE',  ( 0.1500000000000003275, 0.6050992561958002947, 0.000000000000000000 ) ) ;
#4461 = CARTESIAN_POINT ( 'NONE',  ( 0.8990000000000010205, 0.5250000000000000222, 0.3300000000000000155 ) ) ;
#4462 = FACE_OUTER_BOUND ( 'NONE', #2499, .T. ) ;
#4463 = DIRECTION ( 'NONE',  ( 0.000000000000000000, 1.000000000000000000, 0.000000000000000000 ) ) ;
#4464 = VERTEX_POINT ( 'NONE', #2566 ) ;
#4465 = EDGE_LOOP ( 'NONE', ( #4651, #2069, #2298, #607, #3432 ) ) ;
#4466 = EDGE_LOOP ( 'NONE', ( #739, #1532, #2918, #3515 ) ) ;
#4467 = CARTESIAN_POINT ( 'NONE',  ( 0.5999999999999999778, 0.000000000000000000, 0.000000000000000000 ) ) ;
#4468 = FACE_OUTER_BOUND ( 'NONE', #4309, .T. ) ;
#4469 = CARTESIAN_POINT ( 'NONE',  ( -0.8990000000000000213, 0.6239999999999999991, 0.001000000000000082203 ) ) ;
#4470 = CARTESIAN_POINT ( 'NONE',  ( 0.2350945033180555921, -0.5903914063109109156, 0.4846777635317869315 ) ) ;
#4471 = DIRECTION ( 'NONE',  ( -0.000000000000000000, -1.000000000000000000, 0.000000000000000000 ) ) ;
#4472 = ADVANCED_FACE ( 'NONE', ( #4445 ), #1695, .F. ) ;
#4473 = PRESENTATION_STYLE_ASSIGNMENT (( #1576 ) ) ;
#4474 = SURFACE_STYLE_USAGE ( .BOTH. , #497 ) ;
#4475 = FILL_AREA_STYLE ('',( #3021 ) ) ;
#4476 = DIRECTION ( 'NONE',  ( -0.000000000000000000, 1.000000000000000000, 0.000000000000000000 ) ) ;
#4477 = FACE_OUTER_BOUND ( 'NONE', #2195, .T. ) ;
#4478 = EDGE_CURVE ( 'NONE', #1312, #1761, #2052, .T. ) ;
#4479 = PRESENTATION_STYLE_ASSIGNMENT (( #3712 ) ) ;
#4480 = DIRECTION ( 'NONE',  ( -1.000000000000000000, 0.000000000000000000, -0.000000000000000000 ) ) ;
#4481 = VECTOR ( 'NONE', #4128, 1000.000000000000000 ) ;
#4482 = PLANE ( 'NONE',  #2659 ) ;
#4483 = CARTESIAN_POINT ( 'NONE',  ( 0.5999999999999999778, -0.5250000000000000222, 0.3499999999999999778 ) ) ;
#4484 = CIRCLE ( 'NONE', #3168, 0.001000000000000000238 ) ;
#4485 = SURFACE_STYLE_USAGE ( .BOTH. , #1586 ) ;
#4486 = ADVANCED_FACE ( 'NONE', ( #279 ), #323, .F. ) ;
#4487 = SURFACE_STYLE_FILL_AREA ( #145 ) ;
#4488 = EDGE_LOOP ( 'NONE', ( #811, #4180, #4567, #1868, #1240, #2850, #3577, #689 ) ) ;
#4489 = ORIENTED_EDGE ( 'NONE', *, *, #3616, .F. ) ;
#4490 = DIRECTION ( 'NONE',  ( -0.000000000000000000, 1.000000000000000000, 0.000000000000000000 ) ) ;
#4491 =( NAMED_UNIT ( * ) SI_UNIT ( $, .STERADIAN. ) SOLID_ANGLE_UNIT ( ) );
#4492 = COLOUR_RGB ( '',0.9607843137254902244, 0.9607843137254902244, 0.9607843137254902244 ) ;
#4493 = CARTESIAN_POINT ( 'NONE',  ( -0.8990000000000000213, -0.6250000000000000000, 0.3490000000000000324 ) ) ;
#4494 = DIRECTION ( 'NONE',  ( 1.000000000000000000, 0.000000000000000000, 0.000000000000000000 ) ) ;
#4495 = SURFACE_STYLE_USAGE ( .BOTH. , #4090 ) ;
#4496 = STYLED_ITEM ( 'NONE', ( #925 ), #2442 ) ;
#4497 = DIRECTION ( 'NONE',  ( 0.5382263050055536846, -0.5382263050055373643, 0.6485560031332338049 ) ) ;
#4498 = FACE_OUTER_BOUND ( 'NONE', #330, .T. ) ;
#4499 = SURFACE_STYLE_USAGE ( .BOTH. , #1253 ) ;
#4500 = EDGE_CURVE ( 'NONE', #1038, #442, #1967, .T. ) ;
#4501 =( GEOMETRIC_REPRESENTATION_CONTEXT ( 3 ) GLOBAL_UNCERTAINTY_ASSIGNED_CONTEXT ( ( #2720 ) ) GLOBAL_UNIT_ASSIGNED_CONTEXT ( ( #3992, #4324, #4371 ) ) REPRESENTATION_CONTEXT ( 'NONE', 'WORKASPACE' ) );
#4502 = SURFACE_SIDE_STYLE ('',( #1234 ) ) ;
#4503 = CARTESIAN_POINT ( 'NONE',  ( 1.381900248757760297, 0.5569002487577580096, 0.4800000000000000377 ) ) ;
#4504 =( GEOMETRIC_REPRESENTATION_CONTEXT ( 3 ) GLOBAL_UNCERTAINTY_ASSIGNED_CONTEXT ( ( #3290 ) ) GLOBAL_UNIT_ASSIGNED_CONTEXT ( ( #3791, #3078, #1303 ) ) REPRESENTATION_CONTEXT ( 'NONE', 'WORKASPACE' ) );
#4505 = FILL_AREA_STYLE_COLOUR ( '', #3284 ) ;
#4506 = PRESENTATION_LAYER_ASSIGNMENT (  '', '', ( #2154 ) ) ;
#4507 = EDGE_CURVE ( 'NONE', #1083, #1775, #2585, .T. ) ;
#4508 = CARTESIAN_POINT ( 'NONE',  ( 0.2180997512422420403, -0.5569002487577580096, 0.5000000000000000000 ) ) ;
#4509 = CIRCLE ( 'NONE', #4591, 0.02000000000000000389 ) ;
#4510 = EDGE_CURVE ( 'NONE', #1380, #1673, #182, .T. ) ;
#4511 = DIRECTION ( 'NONE',  ( -0.000000000000000000, 1.000000000000000000, 0.000000000000000000 ) ) ;
#4512 = FILL_AREA_STYLE ('',( #1961 ) ) ;
#4513 = DIRECTION ( 'NONE',  ( 0.000000000000000000, -1.000000000000000000, -0.000000000000000000 ) ) ;
#4514 = CARTESIAN_POINT ( 'NONE',  ( -0.8990000000000000213, 0.6250000000000000000, 0.3299999999790450000 ) ) ;
#4515 = VECTOR ( 'NONE', #3744, 1000.000000000000000 ) ;
#4516 = VECTOR ( 'NONE', #4008, 1000.000000000000000 ) ;
#4518 = ORIENTED_EDGE ( 'NONE', *, *, #327, .F. ) ;
#4517 = CARTESIAN_POINT ( 'NONE',  ( 1.397631984851857689, 0.5676647748578690367, 0.4888489115435324384 ) ) ;
#4519 = ORIENTED_EDGE ( 'NONE', *, *, #1988, .T. ) ;
#4520 = PRESENTATION_LAYER_ASSIGNMENT (  '', '', ( #1925 ) ) ;
#4521 = FILL_AREA_STYLE ('',( #3015 ) ) ;
#4522 = CARTESIAN_POINT ( 'NONE',  ( 0.2099005095657165698, -0.5455037949345242776, 0.5090158066947563231 ) ) ;
#4523 = FILL_AREA_STYLE_COLOUR ( '', #2026 ) ;
#4524 = MECHANICAL_DESIGN_GEOMETRIC_PRESENTATION_REPRESENTATION (  '', ( #2904 ), #299 ) ;
#4525 = ORIENTED_EDGE ( 'NONE', *, *, #181, .F. ) ;
#4526 = CARTESIAN_POINT ( 'NONE',  ( -0.8000000000000000444, 0.6250000000000000000, 0.3299999999790450000 ) ) ;
#4527 = DIRECTION ( 'NONE',  ( -4.568105153405589912E-15, 1.000000000000000000, 0.000000000000000000 ) ) ;
#4528 = STYLED_ITEM ( 'NONE', ( #285 ), #1099 ) ;
#4529 = ORIENTED_EDGE ( 'NONE', *, *, #2651, .T. ) ;
#4530 = FILL_AREA_STYLE ('',( #3050 ) ) ;
#4531 = CARTESIAN_POINT ( 'NONE',  ( -0.5989999999999999769, -0.5250000000000000222, 0.3499999999999999778 ) ) ;
#4532 = DIRECTION ( 'NONE',  ( 0.000000000000000000, 0.000000000000000000, 1.000000000000000000 ) ) ;
#4533 = PRESENTATION_LAYER_ASSIGNMENT (  '', '', ( #1106 ) ) ;
#4534 = PRESENTATION_STYLE_ASSIGNMENT (( #3054 ) ) ;
#4535 = DIRECTION ( 'NONE',  ( 0.000000000000000000, 0.000000000000000000, -1.000000000000000000 ) ) ;
#4536 = FACE_OUTER_BOUND ( 'NONE', #752, .T. ) ;
#4537 =( BOUNDED_CURVE ( )  B_SPLINE_CURVE ( 3, ( #2520, #1807, #3640, #3236 ),
 .UNSPECIFIED., .F., .F. ) 
 B_SPLINE_CURVE_WITH_KNOTS ( ( 4, 4 ),
 ( 5.502737719717735843, 7.063632894641366455 ),
 .UNSPECIFIED. ) 
 CURVE ( )  GEOMETRIC_REPRESENTATION_ITEM ( )  RATIONAL_B_SPLINE_CURVE ( ( 1.000000000000000000, 0.8070657918415565790, 0.8070657918415565790, 1.000000000000000000 ) ) 
 REPRESENTATION_ITEM ( '' )  );
#4539 = VECTOR ( 'NONE', #1994, 1000.000000000000000 ) ;
#4538 = DIRECTION ( 'NONE',  ( -4.568105153405589912E-15, 1.000000000000000000, 0.000000000000000000 ) ) ;
#4540 = STYLED_ITEM ( 'NONE', ( #1874 ), #4240 ) ;
#4541 = CARTESIAN_POINT ( 'NONE',  ( 1.411718340492146950, -0.5362324308631783998, 0.4907742012615317617 ) ) ;
#4542 =( NAMED_UNIT ( * ) SI_UNIT ( $, .STERADIAN. ) SOLID_ANGLE_UNIT ( ) );
#4543 = DIRECTION ( 'NONE',  ( 0.000000000000000000, -0.000000000000000000, 1.000000000000000000 ) ) ;
#4544 = EDGE_CURVE ( 'NONE', #2863, #3106, #320, .T. ) ;
#4545 = PRESENTATION_LAYER_ASSIGNMENT (  '', '', ( #1871 ) ) ;
#4547 = ORIENTED_EDGE ( 'NONE', *, *, #2423, .T. ) ;
#4546 = CARTESIAN_POINT ( 'NONE',  ( -0.5999999999999999778, 0.000000000000000000, 0.01999999996565750282 ) ) ;
#4548 = EDGE_LOOP ( 'NONE', ( #2117, #2717, #675, #73, #3553, #349, #3898, #2165 ) ) ;
#4549 = LINE ( 'NONE', #1295, #1359 ) ;
#4550 = EDGE_CURVE ( 'NONE', #4464, #3872, #388, .T. ) ;
#4551 =( LENGTH_UNIT ( ) NAMED_UNIT ( * ) SI_UNIT ( .MILLI., .METRE. ) );
#4552 = SURFACE_SIDE_STYLE ('',( #4149 ) ) ;
#4553 = EDGE_LOOP ( 'NONE', ( #1770, #2019, #581, #4056, #570, #4172, #4634, #783 ) ) ;
#4554 = ORIENTED_EDGE ( 'NONE', *, *, #2591, .T. ) ;
#4555 = DIRECTION ( 'NONE',  ( -0.000000000000000000, 0.000000000000000000, -1.000000000000000000 ) ) ;
#4556 = UNCERTAINTY_MEASURE_WITH_UNIT (LENGTH_MEASURE( 1.000000000000000082E-05 ), #1642, 'distance_accuracy_value', 'NONE');
#4557 = SURFACE_STYLE_USAGE ( .BOTH. , #580 ) ;
#4558 = SURFACE_SIDE_STYLE ('',( #3076 ) ) ;
#4559 = PRODUCT_DEFINITION_CONTEXT ( 'detailed design', #2231, 'design' ) ;
#4560 = PRESENTATION_STYLE_ASSIGNMENT (( #4304 ) ) ;
#4561 = DIRECTION ( 'NONE',  ( -1.000000000000000000, -0.000000000000000000, 0.000000000000000000 ) ) ;
#4562 = FILL_AREA_STYLE ('',( #1662 ) ) ;
#4563 = VECTOR ( 'NONE', #4555, 1000.000000000000000 ) ;
#4564 = ORIENTED_EDGE ( 'NONE', *, *, #2361, .F. ) ;
#4566 = VERTEX_POINT ( 'NONE', #3024 ) ;
#4565 = CARTESIAN_POINT ( 'NONE',  ( -0.5999999999999999778, -0.5250000000000000222, 0.000000000000000000 ) ) ;
#4567 = ORIENTED_EDGE ( 'NONE', *, *, #4344, .F. ) ;
#4568 = MECHANICAL_DESIGN_GEOMETRIC_PRESENTATION_REPRESENTATION (  '', ( #923 ), #1061 ) ;
#4569 = DIRECTION ( 'NONE',  ( 0.000000000000000000, -0.000000000000000000, -1.000000000000000000 ) ) ;
#4570 = EDGE_CURVE ( 'NONE', #1364, #1153, #3322, .T. ) ;
#4571 = DIRECTION ( 'NONE',  ( 0.000000000000000000, 0.000000000000000000, 1.000000000000000000 ) ) ;
#4572 = ORIENTED_EDGE ( 'NONE', *, *, #704, .F. ) ;
#4573 = DIRECTION ( 'NONE',  ( -0.09901475429766744274, 0.09901475429766722069, -0.9901475429766743996 ) ) ;
#4574 = EDGE_CURVE ( 'NONE', #1278, #392, #3770, .T. ) ;
#4575 = ORIENTED_EDGE ( 'NONE', *, *, #2942, .F. ) ;
#4576 = MECHANICAL_DESIGN_GEOMETRIC_PRESENTATION_REPRESENTATION (  '', ( #201 ), #2500 ) ;
#4577 =( NAMED_UNIT ( * ) PLANE_ANGLE_UNIT ( ) SI_UNIT ( $, .RADIAN. ) );
#4578 = CARTESIAN_POINT ( 'NONE',  ( 1.381900248757762295, -0.5569002487577584537, 0.4800000000000003153 ) ) ;
#4579 = SURFACE_STYLE_FILL_AREA ( #260 ) ;
#4580 = DIRECTION ( 'NONE',  ( 1.000000000000000000, 0.000000000000000000, -0.000000000000000000 ) ) ;
#4581 =( LENGTH_UNIT ( ) NAMED_UNIT ( * ) SI_UNIT ( .MILLI., .METRE. ) );
#4582 = DIRECTION ( 'NONE',  ( 0.000000000000000000, -0.000000000000000000, -1.000000000000000000 ) ) ;
#4583 = PLANE ( 'NONE',  #4133 ) ;
#4584 =( NAMED_UNIT ( * ) PLANE_ANGLE_UNIT ( ) SI_UNIT ( $, .RADIAN. ) );
#4585 = ADVANCED_FACE ( 'NONE', ( #191 ), #805, .F. ) ;
#4586 =( LENGTH_UNIT ( ) NAMED_UNIT ( * ) SI_UNIT ( .MILLI., .METRE. ) );
#4587 = FILL_AREA_STYLE_COLOUR ( '', #605 ) ;
#4588 = PRESENTATION_LAYER_ASSIGNMENT (  '', '', ( #2375 ) ) ;
#4589 = AXIS2_PLACEMENT_3D ( 'NONE', #640, #947, #2726 ) ;
#4590 = ORIENTED_EDGE ( 'NONE', *, *, #210, .F. ) ;
#4591 = AXIS2_PLACEMENT_3D ( 'NONE', #3232, #75, #1119 ) ;
#4592 = PLANE ( 'NONE',  #526 ) ;
#4593 =( GEOMETRIC_REPRESENTATION_CONTEXT ( 3 ) GLOBAL_UNCERTAINTY_ASSIGNED_CONTEXT ( ( #2023 ) ) GLOBAL_UNIT_ASSIGNED_CONTEXT ( ( #3167, #3413, #4103 ) ) REPRESENTATION_CONTEXT ( 'NONE', 'WORKASPACE' ) );
#4594 =( GEOMETRIC_REPRESENTATION_CONTEXT ( 3 ) GLOBAL_UNCERTAINTY_ASSIGNED_CONTEXT ( ( #718 ) ) GLOBAL_UNIT_ASSIGNED_CONTEXT ( ( #4430, #1608, #2604 ) ) REPRESENTATION_CONTEXT ( 'NONE', 'WORKASPACE' ) );
#4595 =( GEOMETRIC_REPRESENTATION_CONTEXT ( 3 ) GLOBAL_UNCERTAINTY_ASSIGNED_CONTEXT ( ( #4302 ) ) GLOBAL_UNIT_ASSIGNED_CONTEXT ( ( #946, #1045, #2464 ) ) REPRESENTATION_CONTEXT ( 'NONE', 'WORKASPACE' ) );
#4596 = UNCERTAINTY_MEASURE_WITH_UNIT (LENGTH_MEASURE( 1.000000000000000082E-05 ), #1251, 'distance_accuracy_value', 'NONE');
#4597 = STYLED_ITEM ( 'NONE', ( #3361 ), #851 ) ;
#4598 = UNCERTAINTY_MEASURE_WITH_UNIT (LENGTH_MEASURE( 1.000000000000000082E-05 ), #2690, 'distance_accuracy_value', 'NONE');
#4600 = ORIENTED_EDGE ( 'NONE', *, *, #4609, .T. ) ;
#4599 = FILL_AREA_STYLE_COLOUR ( '', #1574 ) ;
#4601 = EDGE_CURVE ( 'NONE', #3900, #784, #4020, .T. ) ;
#4602 =( NAMED_UNIT ( * ) SI_UNIT ( $, .STERADIAN. ) SOLID_ANGLE_UNIT ( ) );
#4603 = PRESENTATION_LAYER_ASSIGNMENT (  '', '', ( #1929 ) ) ;
#4604 = PLANE ( 'NONE',  #360 ) ;
#4605 = CARTESIAN_POINT ( 'NONE',  ( 0.2068053772675741697, 0.5785451646981446538, 0.4835019453810332490 ) ) ;
#4606 = VECTOR ( 'NONE', #3535, 1000.000000000000000 ) ;
#4607 =( NAMED_UNIT ( * ) SI_UNIT ( $, .STERADIAN. ) SOLID_ANGLE_UNIT ( ) );
#4608 = DIRECTION ( 'NONE',  ( 0.000000000000000000, 0.000000000000000000, 1.000000000000000000 ) ) ;
#4609 = EDGE_CURVE ( 'NONE', #714, #768, #2534, .T. ) ;
#4610 = ORIENTED_EDGE ( 'NONE', *, *, #452, .F. ) ;
#4611 = MECHANICAL_DESIGN_GEOMETRIC_PRESENTATION_REPRESENTATION (  '', ( #1106 ), #4360 ) ;
#4612 =( NAMED_UNIT ( * ) PLANE_ANGLE_UNIT ( ) SI_UNIT ( $, .RADIAN. ) );
#4613 = VECTOR ( 'NONE', #462, 1000.000000000000000 ) ;
#4614 = AXIS2_PLACEMENT_3D ( 'NONE', #4503, #3131, #3437 ) ;
#4615 = CARTESIAN_POINT ( 'NONE',  ( 1.393194622732427668, 0.5785451646981448759, 0.4835019453810330270 ) ) ;
#4616 = ORIENTED_EDGE ( 'NONE', *, *, #350, .T. ) ;
#4617 = DIRECTION ( 'NONE',  ( 0.000000000000000000, -0.000000000000000000, -1.000000000000000000 ) ) ;
#4618 = AXIS2_PLACEMENT_3D ( 'NONE', #3312, #2261, #107 ) ;
#4619 = EDGE_LOOP ( 'NONE', ( #2096, #4529, #3195, #409 ) ) ;
#4620 = AXIS2_PLACEMENT_3D ( 'NONE', #2962, #4110, #4055 ) ;
#4621 = LINE ( 'NONE', #1739, #3197 ) ;
#4622 = PRESENTATION_STYLE_ASSIGNMENT (( #3332 ) ) ;
#4623 = ORIENTED_EDGE ( 'NONE', *, *, #3507, .F. ) ;
#4624 = CARTESIAN_POINT ( 'NONE',  ( 0.1981990074380420019, 0.5569002487577580096, 0.4819900743804200194 ) ) ;
#4625 = VERTEX_POINT ( 'NONE', #3338 ) ;
#4626 = DIRECTION ( 'NONE',  ( 0.5382263050055421383, 0.5382263050055530185, 0.6485560031332302522 ) ) ;
#4627 = EDGE_CURVE ( 'NONE', #2420, #624, #503, .T. ) ;
#4628 = FILL_AREA_STYLE_COLOUR ( '', #1707 ) ;
#4629 = SURFACE_SIDE_STYLE ('',( #3257 ) ) ;
#4630 =( NAMED_UNIT ( * ) PLANE_ANGLE_UNIT ( ) SI_UNIT ( $, .RADIAN. ) );
#4631 = EDGE_CURVE ( 'NONE', #1592, #392, #1554, .T. ) ;
#4632 = EDGE_LOOP ( 'NONE', ( #1172, #3040, #2895, #2966 ) ) ;
#4633 =( NAMED_UNIT ( * ) SI_UNIT ( $, .STERADIAN. ) SOLID_ANGLE_UNIT ( ) );
#4634 = ORIENTED_EDGE ( 'NONE', *, *, #4349, .T. ) ;
#4635 = ORIENTED_EDGE ( 'NONE', *, *, #2098, .F. ) ;
#4636 = CARTESIAN_POINT ( 'NONE',  ( 0.2130067849911552458, 0.5362324308631780667, 0.5112931893911368819 ) ) ;
#4637 = EDGE_LOOP ( 'NONE', ( #4051, #1385, #2682, #4353 ) ) ;
#4638 = VERTEX_POINT ( 'NONE', #2956 ) ;
#4639 = DIRECTION ( 'NONE',  ( 0.000000000000000000, -1.000000000000000000, 0.000000000000000000 ) ) ;
#4640 = DIRECTION ( 'NONE',  ( 0.3437202564220760426, -0.8428003586852982343, 0.4141786338345750940 ) ) ;
#4641 = UNCERTAINTY_MEASURE_WITH_UNIT (LENGTH_MEASURE( 1.000000000000000082E-05 ), #758, 'distance_accuracy_value', 'NONE');
#4642 = DIRECTION ( 'NONE',  ( 1.000000000000000000, 0.000000000000000000, 0.000000000000000000 ) ) ;
#4643 = LINE ( 'NONE', #991, #3649 ) ;
#4644 = STYLED_ITEM ( 'NONE', ( #920 ), #2334 ) ;
#4645 = EDGE_CURVE ( 'NONE', #3658, #4638, #535, .T. ) ;
#4646 = CARTESIAN_POINT ( 'NONE',  ( 0.8990000000000000213, 0.5250000000000000222, 0.01999999996565751323 ) ) ;
#4647 = VERTEX_POINT ( 'NONE', #2982 ) ;
#4648 = EDGE_CURVE ( 'NONE', #2896, #3658, #562, .T. ) ;
#4649 = LINE ( 'NONE', #1398, #690 ) ;
#4650 = ORIENTED_EDGE ( 'NONE', *, *, #3153, .F. ) ;
#4651 = ORIENTED_EDGE ( 'NONE', *, *, #3027, .F. ) ;
#4652 = ADVANCED_FACE ( 'NONE', ( #3673 ), #3007, .F. ) ;
#4653 = CARTESIAN_POINT ( 'NONE',  ( -0.8990000000000000213, 0.000000000000000000, 0.3299999999790450000 ) ) ;
#4654 = CARTESIAN_POINT ( 'NONE',  ( -0.8990000000000000213, -0.5250000000000000222, 0.3300000000000000155 ) ) ;
#4655 = CARTESIAN_POINT ( 'NONE',  ( 0.5999999999999999778, -0.5250000000000000222, 0.000000000000000000 ) ) ;
#4656 = VECTOR ( 'NONE', #4490, 1000.000000000000000 ) ;
#4657 = PRODUCT_DEFINITION_FORMATION_WITH_SPECIFIED_SOURCE ( 'ANY', '', #1709, .NOT_KNOWN. ) ;
#4658 = EDGE_LOOP ( 'NONE', ( #2092, #1016, #2873, #3407 ) ) ;
#4659 = VECTOR ( 'NONE', #3909, 1000.000000000000000 ) ;
#4660 = FACE_OUTER_BOUND ( 'NONE', #3230, .T. ) ;
#4661 = VECTOR ( 'NONE', #220, 1000.000000000000000 ) ;
#4662 = STYLED_ITEM ( 'NONE', ( #72 ), #645 ) ;
#4663 = LINE ( 'NONE', #99, #1305 ) ;
#4664 = VECTOR ( 'NONE', #2197, 1000.000000000000000 ) ;
#4665 = VECTOR ( 'NONE', #3874, 1000.000000000000000 ) ;
#4666 = CARTESIAN_POINT ( 'NONE',  ( -0.5999999999999999778, 0.5250000000000000222, 0.000000000000000000 ) ) ;
#4667 = STYLED_ITEM ( 'NONE', ( #3866 ), #1097 ) ;
#4668 =( NAMED_UNIT ( * ) SI_UNIT ( $, .STERADIAN. ) SOLID_ANGLE_UNIT ( ) );
#4669 = DIRECTION ( 'NONE',  ( -1.000000000000000000, 0.000000000000000000, -0.000000000000000000 ) ) ;
#2577 = LINE ( 'NONE', #2844, #932 ) ;
#4671 = NEXT_ASSEMBLY_USAGE_OCCURRENCE ( 'NAUO1', ' ', ' ', #1503, #1072, $ ) ;
#4672 = NEXT_ASSEMBLY_USAGE_OCCURRENCE ( 'NAUO2', ' ', ' ', #1503, #4238, $ ) ;
#4673 = NEXT_ASSEMBLY_USAGE_OCCURRENCE ( 'NAUO3', ' ', ' ', #1503, #619, $ ) ;
#4674 = NEXT_ASSEMBLY_USAGE_OCCURRENCE ( 'NAUO4', ' ', ' ', #1503, #6, $ ) ;
ENDSEC;
END-ISO-10303-21;
